2025-11-21 05:04:31.265 - INFO - Starting TradingView Historical Data Collector...
2025-11-21 05:04:31.275 - INFO - Calculated bars needed: 2465
2025-11-21 05:04:31.281 - INFO - ✅ Successfully loaded authentication token from CSV
2025-11-21 05:04:31.282 - INFO - Lưu token xác thực: eyJhbGciOiJSUzUxMiIsImtpZCI6IkdaeFUiLCJ0eXAiOiJKV1QifQ.eyJ1c2VyX2lkIjo1MDkwMTIzMSwiZXhwIjoxNzYxNzY2MjY3LCJpYXQiOjE3NjE3NTE4NjcsInBsYW4iOiJwcm9fcHJlbWl1bSIsInByb3N0YXR1cyI6Im5vbl9wcm8iLCJleHRfaG91cnMiOjEsInBlcm0iOiIiLCJzdHVkeV9wZXJtIjoidHYtY2hhcnRfcGF0dGVybnMsdHYtY2hhcnRwYXR0ZXJucyx0di1wcm9zdHVkaWVzLHR2LXZvbHVtZWJ5cHJpY2UiLCJtYXhfc3R1ZGllcyI6MjUsIm1heF9mdW5kYW1lbnRhbHMiOjEwLCJtYXhfY2hhcnRzIjo4LCJtYXhfYWN0aXZlX2FsZXJ0cyI6NDAwLCJtYXhfc3R1ZHlfb25fc3R1ZHkiOjI0LCJmaWVsZHNfcGVybWlzc2lvbnMiOlsicmVmYm9uZHMiXSwibWF4X2FsZXJ0X2NvbmRpdGlvbnMiOjUsIm1heF9vdmVyYWxsX2FsZXJ0cyI6MjAwMCwibWF4X292ZXJhbGxfd2F0Y2hsaXN0X2FsZXJ0cyI6NSwibWF4X2FjdGl2ZV9wcmltaXRpdmVfYWxlcnRzIjo0MDAsIm1heF9hY3RpdmVfY29tcGxleF9hbGVydHMiOjQwMCwibWF4X2FjdGl2ZV93YXRjaGxpc3RfYWxlcnRzIjoyLCJtYXhfY29ubmVjdGlvbnMiOjUwfQ.e9tp_3f_chfHbIUjGxH3zX57aYHFeZTE5ndobrPYx369Zg0GoLjNcQ7Yt7RyFhnfI1iyY0eFHplNYuC5bKb5p9YNm7mxMAdy_cAhFpgZoqPNnpLRKC8qV9GzVrmTaDAfJQ9cV7vU4YMv2uQWI69mnKrbJXpCa1XRbpdsU0ytF0k
2025-11-21 05:04:31.449 - INFO - Fetched 3 active timeframes
2025-11-21 05:04:31.449 - INFO - Timeframes: {"2":["M2",2],"4":["M4",4],"90":["M90",90]}
2025-11-21 05:04:31.456 - INFO - Fetched 13 active assets
2025-11-21 05:04:31.456 - INFO - Total symbols from DB: 39
2025-11-21 05:04:31.456 - INFO - Configured symbols: [["CAPITALCOM:BTCUSD","2","USD"],["CAPITALCOM:BTCUSD","4","USD"],["CAPITALCOM:BTCUSD","90","USD"],["CAPITALCOM:AU200AU","2","AUD"],["CAPITALCOM:AU200AU","4","AUD"]]...
2025-11-21 05:04:31.457 - INFO - Selected 3 timeframe(s) for this run. Symbol-timeframe pairs after filter: 39
2025-11-21 05:04:31.458 - INFO - 📊 Lưu 39 cặp biểu tượng-khung thời gian
2025-11-21 05:04:31.603 - INFO - ✅ Kết nối WebSocket thành công
2025-11-21 05:04:31.605 - INFO - Total symbol-timeframe pairs to process: 39
2025-11-21 05:04:31.605 - INFO - Processing timeframe 2m...
2025-11-21 05:04:31.811 - INFO - ✅ Cấu hình thành công CAPITALCOM:BTCUSD (Khung thời gian: 2m)
2025-11-21 05:04:32.012 - INFO - ✅ Cấu hình thành công CAPITALCOM:AU200AU (Khung thời gian: 2m)
2025-11-21 05:04:32.220 - INFO - ✅ Cấu hình thành công BINANCE:BTCUSD (Khung thời gian: 2m)
2025-11-21 05:04:32.426 - INFO - ✅ Cấu hình thành công CAPITALCOM:DE40 (Khung thời gian: 2m)
2025-11-21 05:04:32.630 - INFO - ✅ Cấu hình thành công CAPITALCOM:FR40 (Khung thời gian: 2m)
2025-11-21 05:04:32.841 - INFO - ✅ Cấu hình thành công CAPITALCOM:HK50 (Khung thời gian: 2m)
2025-11-21 05:04:33.046 - INFO - ✅ Cấu hình thành công CAPITALCOM:J225 (Khung thời gian: 2m)
2025-11-21 05:04:33.251 - INFO - ✅ Cấu hình thành công CAPITALCOM:SP35 (Khung thời gian: 2m)
2025-11-21 05:04:33.456 - INFO - ✅ Cấu hình thành công CAPITALCOM:UK100 (Khung thời gian: 2m)
2025-11-21 05:04:33.663 - INFO - ✅ Cấu hình thành công CAPITALCOM:US100 (Khung thời gian: 2m)
2025-11-21 05:04:33.868 - INFO - ✅ Cấu hình thành công CAPITALCOM:US30 (Khung thời gian: 2m)
2025-11-21 05:04:34.074 - INFO - ✅ Cấu hình thành công CAPITALCOM:US500 (Khung thời gian: 2m)
2025-11-21 05:04:34.278 - INFO - ✅ Cấu hình thành công CAPITALCOM:GOLD (Khung thời gian: 2m)
2025-11-21 05:04:34.278 - INFO - Completed timeframe 2m, waiting 4s...
2025-11-21 05:04:38.281 - INFO - Processing timeframe 4m...
2025-11-21 05:04:38.486 - INFO - ✅ Cấu hình thành công CAPITALCOM:BTCUSD (Khung thời gian: 4m)
2025-11-21 05:04:38.691 - INFO - ✅ Cấu hình thành công CAPITALCOM:AU200AU (Khung thời gian: 4m)
2025-11-21 05:04:38.897 - INFO - ✅ Cấu hình thành công BINANCE:BTCUSD (Khung thời gian: 4m)
2025-11-21 05:04:39.104 - INFO - ✅ Cấu hình thành công CAPITALCOM:DE40 (Khung thời gian: 4m)
2025-11-21 05:04:39.311 - INFO - ✅ Cấu hình thành công CAPITALCOM:FR40 (Khung thời gian: 4m)
2025-11-21 05:04:39.515 - INFO - ✅ Cấu hình thành công CAPITALCOM:HK50 (Khung thời gian: 4m)
2025-11-21 05:04:39.719 - INFO - ✅ Cấu hình thành công CAPITALCOM:J225 (Khung thời gian: 4m)
2025-11-21 05:04:39.924 - INFO - ✅ Cấu hình thành công CAPITALCOM:SP35 (Khung thời gian: 4m)
2025-11-21 05:04:40.133 - INFO - ✅ Cấu hình thành công CAPITALCOM:UK100 (Khung thời gian: 4m)
2025-11-21 05:04:40.336 - INFO - ✅ Cấu hình thành công CAPITALCOM:US100 (Khung thời gian: 4m)
2025-11-21 05:04:40.540 - INFO - ✅ Cấu hình thành công CAPITALCOM:US30 (Khung thời gian: 4m)
2025-11-21 05:04:40.744 - INFO - ✅ Cấu hình thành công CAPITALCOM:US500 (Khung thời gian: 4m)
2025-11-21 05:04:40.952 - INFO - ✅ Cấu hình thành công CAPITALCOM:GOLD (Khung thời gian: 4m)
2025-11-21 05:04:40.952 - INFO - Completed timeframe 4m, waiting 4s...
2025-11-21 05:04:41.649 - INFO - Heartbeat received: ~m~4~m~~h~1
2025-11-21 05:04:41.650 - INFO - Echoed heartbeat: ~m~4~m~~h~1
2025-11-21 05:04:44.954 - INFO - Processing timeframe 90m...
2025-11-21 05:04:45.157 - INFO - ✅ Cấu hình thành công CAPITALCOM:BTCUSD (Khung thời gian: 90m)
2025-11-21 05:04:45.239 - INFO - WebSocket still active
2025-11-21 05:04:45.359 - INFO - ✅ Cấu hình thành công CAPITALCOM:AU200AU (Khung thời gian: 90m)
2025-11-21 05:04:45.567 - INFO - ✅ Cấu hình thành công BINANCE:BTCUSD (Khung thời gian: 90m)
2025-11-21 05:04:45.776 - INFO - ✅ Cấu hình thành công CAPITALCOM:DE40 (Khung thời gian: 90m)
2025-11-21 05:04:45.978 - INFO - ✅ Cấu hình thành công CAPITALCOM:FR40 (Khung thời gian: 90m)
2025-11-21 05:04:46.182 - INFO - ✅ Cấu hình thành công CAPITALCOM:HK50 (Khung thời gian: 90m)
2025-11-21 05:04:46.384 - INFO - ✅ Cấu hình thành công CAPITALCOM:J225 (Khung thời gian: 90m)
2025-11-21 05:04:46.587 - INFO - ✅ Cấu hình thành công CAPITALCOM:SP35 (Khung thời gian: 90m)
2025-11-21 05:04:46.790 - INFO - ✅ Cấu hình thành công CAPITALCOM:UK100 (Khung thời gian: 90m)
2025-11-21 05:04:46.992 - INFO - ✅ Cấu hình thành công CAPITALCOM:US100 (Khung thời gian: 90m)
2025-11-21 05:04:47.194 - INFO - ✅ Cấu hình thành công CAPITALCOM:US30 (Khung thời gian: 90m)
2025-11-21 05:04:47.398 - INFO - ✅ Cấu hình thành công CAPITALCOM:US500 (Khung thời gian: 90m)
2025-11-21 05:04:47.601 - INFO - ✅ Cấu hình thành công CAPITALCOM:GOLD (Khung thời gian: 90m)
2025-11-21 05:04:47.602 - INFO - Completed timeframe 90m, waiting 4s...
2025-11-21 05:04:51.651 - INFO - Heartbeat received: ~m~4~m~~h~2
2025-11-21 05:04:51.651 - INFO - Echoed heartbeat: ~m~4~m~~h~2
2025-11-21 05:05:01.652 - INFO - Heartbeat received: ~m~4~m~~h~3
2025-11-21 05:05:01.652 - INFO - Echoed heartbeat: ~m~4~m~~h~3
2025-11-21 05:05:04.638 - INFO - Received SIGINT, shutting down gracefully...
2025-11-21 05:12:47.111 - INFO - Starting TradingView Historical Data Collector...
2025-11-21 05:12:47.114 - INFO - Calculated bars needed: 2473
2025-11-21 05:12:47.121 - INFO - ✅ Successfully loaded authentication token from CSV
2025-11-21 05:12:47.122 - INFO - Lưu token xác thực: eyJhbGciOiJSUzUxMiIsImtpZCI6IkdaeFUiLCJ0eXAiOiJKV1QifQ.eyJ1c2VyX2lkIjo1MDkwMTIzMSwiZXhwIjoxNzYxNzY2MjY3LCJpYXQiOjE3NjE3NTE4NjcsInBsYW4iOiJwcm9fcHJlbWl1bSIsInByb3N0YXR1cyI6Im5vbl9wcm8iLCJleHRfaG91cnMiOjEsInBlcm0iOiIiLCJzdHVkeV9wZXJtIjoidHYtY2hhcnRfcGF0dGVybnMsdHYtY2hhcnRwYXR0ZXJucyx0di1wcm9zdHVkaWVzLHR2LXZvbHVtZWJ5cHJpY2UiLCJtYXhfc3R1ZGllcyI6MjUsIm1heF9mdW5kYW1lbnRhbHMiOjEwLCJtYXhfY2hhcnRzIjo4LCJtYXhfYWN0aXZlX2FsZXJ0cyI6NDAwLCJtYXhfc3R1ZHlfb25fc3R1ZHkiOjI0LCJmaWVsZHNfcGVybWlzc2lvbnMiOlsicmVmYm9uZHMiXSwibWF4X2FsZXJ0X2NvbmRpdGlvbnMiOjUsIm1heF9vdmVyYWxsX2FsZXJ0cyI6MjAwMCwibWF4X292ZXJhbGxfd2F0Y2hsaXN0X2FsZXJ0cyI6NSwibWF4X2FjdGl2ZV9wcmltaXRpdmVfYWxlcnRzIjo0MDAsIm1heF9hY3RpdmVfY29tcGxleF9hbGVydHMiOjQwMCwibWF4X2FjdGl2ZV93YXRjaGxpc3RfYWxlcnRzIjoyLCJtYXhfY29ubmVjdGlvbnMiOjUwfQ.e9tp_3f_chfHbIUjGxH3zX57aYHFeZTE5ndobrPYx369Zg0GoLjNcQ7Yt7RyFhnfI1iyY0eFHplNYuC5bKb5p9YNm7mxMAdy_cAhFpgZoqPNnpLRKC8qV9GzVrmTaDAfJQ9cV7vU4YMv2uQWI69mnKrbJXpCa1XRbpdsU0ytF0k
2025-11-21 05:12:47.167 - INFO - Fetched 3 active timeframes
2025-11-21 05:12:47.167 - INFO - Timeframes: {"2":["M2",2],"4":["M4",4],"90":["M90",90]}
2025-11-21 05:12:47.174 - INFO - Fetched 13 active assets
2025-11-21 05:12:47.175 - INFO - Total symbols from DB: 39
2025-11-21 05:12:47.175 - INFO - Configured symbols: [["CAPITALCOM:BTCUSD","2","USD"],["CAPITALCOM:BTCUSD","4","USD"],["CAPITALCOM:BTCUSD","90","USD"],["CAPITALCOM:AU200AU","2","AUD"],["CAPITALCOM:AU200AU","4","AUD"]]...
2025-11-21 05:12:47.176 - INFO - Selected 3 timeframe(s) for this run. Symbol-timeframe pairs after filter: 39
2025-11-21 05:12:47.176 - INFO - 📊 Lưu 39 cặp biểu tượng-khung thời gian
2025-11-21 05:12:47.460 - INFO - ✅ Kết nối WebSocket thành công
2025-11-21 05:12:47.462 - INFO - Total symbol-timeframe pairs to process: 39
2025-11-21 05:12:47.462 - INFO - Processing timeframe 2m...
2025-11-21 05:12:47.676 - INFO - ✅ Cấu hình thành công CAPITALCOM:BTCUSD (Khung thời gian: 2m)
2025-11-21 05:12:47.878 - INFO - ✅ Cấu hình thành công CAPITALCOM:AU200AU (Khung thời gian: 2m)
2025-11-21 05:12:47.991 - INFO - Received SIGINT, shutting down gracefully...
2025-11-21 05:14:35.480 - INFO - Starting TradingView Historical Data Collector...
2025-11-21 05:14:35.482 - INFO - Calculated bars needed: 2475
2025-11-21 05:14:35.489 - INFO - ✅ Successfully loaded authentication token from CSV
2025-11-21 05:14:35.490 - INFO - Lưu token xác thực: eyJhbGciOiJSUzUxMiIsImtpZCI6IkdaeFUiLCJ0eXAiOiJKV1QifQ.eyJ1c2VyX2lkIjo1MDkwMTIzMSwiZXhwIjoxNzYxNzY2MjY3LCJpYXQiOjE3NjE3NTE4NjcsInBsYW4iOiJwcm9fcHJlbWl1bSIsInByb3N0YXR1cyI6Im5vbl9wcm8iLCJleHRfaG91cnMiOjEsInBlcm0iOiIiLCJzdHVkeV9wZXJtIjoidHYtY2hhcnRfcGF0dGVybnMsdHYtY2hhcnRwYXR0ZXJucyx0di1wcm9zdHVkaWVzLHR2LXZvbHVtZWJ5cHJpY2UiLCJtYXhfc3R1ZGllcyI6MjUsIm1heF9mdW5kYW1lbnRhbHMiOjEwLCJtYXhfY2hhcnRzIjo4LCJtYXhfYWN0aXZlX2FsZXJ0cyI6NDAwLCJtYXhfc3R1ZHlfb25fc3R1ZHkiOjI0LCJmaWVsZHNfcGVybWlzc2lvbnMiOlsicmVmYm9uZHMiXSwibWF4X2FsZXJ0X2NvbmRpdGlvbnMiOjUsIm1heF9vdmVyYWxsX2FsZXJ0cyI6MjAwMCwibWF4X292ZXJhbGxfd2F0Y2hsaXN0X2FsZXJ0cyI6NSwibWF4X2FjdGl2ZV9wcmltaXRpdmVfYWxlcnRzIjo0MDAsIm1heF9hY3RpdmVfY29tcGxleF9hbGVydHMiOjQwMCwibWF4X2FjdGl2ZV93YXRjaGxpc3RfYWxlcnRzIjoyLCJtYXhfY29ubmVjdGlvbnMiOjUwfQ.e9tp_3f_chfHbIUjGxH3zX57aYHFeZTE5ndobrPYx369Zg0GoLjNcQ7Yt7RyFhnfI1iyY0eFHplNYuC5bKb5p9YNm7mxMAdy_cAhFpgZoqPNnpLRKC8qV9GzVrmTaDAfJQ9cV7vU4YMv2uQWI69mnKrbJXpCa1XRbpdsU0ytF0k
2025-11-21 05:14:35.526 - INFO - Fetched 19 active timeframes
2025-11-21 05:14:35.527 - INFO - Timeframes: {"1":["M1",1],"2":["M2",2],"3":["M3",3],"4":["M4",4],"5":["M5",5],"10":["M10",10],"15":["M15",15],"20":["M20",20],"30":["M30",30],"45":["M45",45],"60":["H1",60],"90":["M90",90],"120":["H2",120],"180":["H3",180],"240":["H4",240],"360":["H6",360],"D":["D",1440],"W":["W",10080],"M":["MN",43200]}
2025-11-21 05:14:35.533 - INFO - Fetched 13 active assets
2025-11-21 05:14:35.534 - INFO - Total symbols from DB: 247
2025-11-21 05:14:35.534 - INFO - Configured symbols: [["CAPITALCOM:BTCUSD","1","USD"],["CAPITALCOM:BTCUSD","2","USD"],["CAPITALCOM:BTCUSD","3","USD"],["CAPITALCOM:BTCUSD","4","USD"],["CAPITALCOM:BTCUSD","5","USD"]]...
2025-11-21 05:14:35.535 - INFO - Selected 18 timeframe(s) for this run. Symbol-timeframe pairs after filter: 234
2025-11-21 05:14:35.535 - INFO - 📊 Lưu 234 cặp biểu tượng-khung thời gian
2025-11-21 05:14:35.678 - INFO - ✅ Kết nối WebSocket thành công
2025-11-21 05:14:35.680 - INFO - Total symbol-timeframe pairs to process: 234
2025-11-21 05:14:35.681 - INFO - Processing timeframe 1m...
2025-11-21 05:14:35.892 - INFO - ✅ Cấu hình thành công CAPITALCOM:BTCUSD (Khung thời gian: 1m)
2025-11-21 05:14:36.085 - INFO - Processed 2475 records for CAPITALCOM:BTCUSD 1m
2025-11-21 05:14:36.085 - INFO - [HISTORICAL] OHLCV Data - CAPITALCOM:BTCUSD (Timeframe: 1m) - 2474 records
2025-11-21 05:14:36.086 - INFO - BTCUSD M1 2025-11-21 05:11:00,000 O:85972.6 H:86004.1 L:85942.55 C:85956.95 V:837
2025-11-21 05:14:36.086 - INFO - BTCUSD M1 2025-11-21 05:12:00,000 O:85957.65 H:85962.75 L:85925.25 C:85929.2 V:782
2025-11-21 05:14:36.086 - INFO - BTCUSD M1 2025-11-21 05:13:00,000 O:85928.8 H:86006.15 L:85921.85 C:86005.55 V:701
2025-11-21 05:14:36.147 - INFO - Converted 2474/2474 valid records for CAPITALCOM:BTCUSD
2025-11-21 05:14:36.148 - INFO - ✅ Cấu hình thành công CAPITALCOM:AU200AU (Khung thời gian: 1m)
2025-11-21 05:14:36.359 - INFO - ✅ Cấu hình thành công BINANCE:BTCUSD (Khung thời gian: 1m)
2025-11-21 05:14:36.407 - INFO - Processed 2475 records for CAPITALCOM:AU200AU 1m
2025-11-21 05:14:36.408 - INFO - [HISTORICAL] OHLCV Data - CAPITALCOM:AU200AU (Timeframe: 1m) - 2474 records
2025-11-21 05:14:36.408 - INFO - AU200AU M1 2025-11-21 05:11:00,000 O:8424.1 H:8426.1 L:8421.1 C:8421.1 V:24
2025-11-21 05:14:36.408 - INFO - AU200AU M1 2025-11-21 05:12:00,000 O:8422.1 H:8423.1 L:8421.1 C:8422.1 V:13
2025-11-21 05:14:36.408 - INFO - AU200AU M1 2025-11-21 05:13:00,000 O:8423.1 H:8424.1 L:8422.1 C:8424.1 V:4
2025-11-21 05:14:36.448 - INFO - Converted 2474/2474 valid records for CAPITALCOM:AU200AU
2025-11-21 05:14:36.473 - INFO - Processed 2475 records for BINANCE:BTCUSD 1m
2025-11-21 05:14:36.474 - INFO - [HISTORICAL] OHLCV Data - BINANCE:BTCUSD (Timeframe: 1m) - 2474 records
2025-11-21 05:14:36.474 - INFO - BTCUSD M1 2025-11-21 05:11:00,000 O:86007.21 H:86047.42 L:85980.62 C:85988.83 V:0.68701
2025-11-21 05:14:36.474 - INFO - BTCUSD M1 2025-11-21 05:12:00,000 O:85988.07 H:85988.09 L:85963.26 C:85964.07 V:0.48561
2025-11-21 05:14:36.474 - INFO - BTCUSD M1 2025-11-21 05:13:00,000 O:85964.74 H:86030.64 L:85963.09 C:86030.64 V:0.02327
2025-11-21 05:14:36.514 - INFO - Converted 2474/2474 valid records for BINANCE:BTCUSD
2025-11-21 05:14:36.548 - INFO - ✅ Successfully inserted 2474 records for CAPITALCOM:BTCUSD (timeframe: 1m) in 0.39s
2025-11-21 05:14:36.548 - INFO - ✅ Saved CAPITALCOM:BTCUSD 1m | Progress: 1/234 (Remaining: 233)
2025-11-21 05:14:36.561 - INFO - ✅ Cấu hình thành công CAPITALCOM:DE40 (Khung thời gian: 1m)
2025-11-21 05:14:36.655 - INFO - ✅ Successfully inserted 2474 records for CAPITALCOM:AU200AU (timeframe: 1m) in 0.20s
2025-11-21 05:14:36.655 - INFO - ✅ Saved CAPITALCOM:AU200AU 1m | Progress: 2/234 (Remaining: 232)
2025-11-21 05:14:36.712 - INFO - Processed 2475 records for CAPITALCOM:DE40 1m
2025-11-21 05:14:36.713 - INFO - [HISTORICAL] OHLCV Data - CAPITALCOM:DE40 (Timeframe: 1m) - 2474 records
2025-11-21 05:14:36.713 - INFO - DE40 M1 2025-11-21 05:11:00,000 O:22982.1 H:22984.1 L:22977.3 C:22977.3 V:36
2025-11-21 05:14:36.713 - INFO - DE40 M1 2025-11-21 05:12:00,000 O:22977.8 H:22979.8 L:22977.8 C:22979.3 V:14
2025-11-21 05:14:36.713 - INFO - DE40 M1 2025-11-21 05:13:00,000 O:22978.8 H:22984.7 L:22978.8 C:22984.7 V:20
2025-11-21 05:14:36.751 - INFO - Converted 2474/2474 valid records for CAPITALCOM:DE40
2025-11-21 05:14:36.765 - INFO - ✅ Cấu hình thành công CAPITALCOM:FR40 (Khung thời gian: 1m)
2025-11-21 05:14:36.827 - INFO - ✅ Successfully inserted 2474 records for BINANCE:BTCUSD (timeframe: 1m) in 0.31s
2025-11-21 05:14:36.828 - INFO - ✅ Saved BINANCE:BTCUSD 1m | Progress: 3/234 (Remaining: 231)
2025-11-21 05:14:36.919 - INFO - ✅ Successfully inserted 2474 records for CAPITALCOM:DE40 (timeframe: 1m) in 0.17s
2025-11-21 05:14:36.919 - INFO - ✅ Saved CAPITALCOM:DE40 1m | Progress: 4/234 (Remaining: 230)
2025-11-21 05:14:36.969 - INFO - ✅ Cấu hình thành công CAPITALCOM:HK50 (Khung thời gian: 1m)
2025-11-21 05:14:37.094 - INFO - Processed 2475 records for CAPITALCOM:FR40 1m
2025-11-21 05:14:37.095 - INFO - [HISTORICAL] OHLCV Data - CAPITALCOM:FR40 (Timeframe: 1m) - 2474 records
2025-11-21 05:14:37.095 - INFO - FR40 M1 2025-11-21 05:11:00,000 O:7909.9 H:7909.9 L:7907.3 C:7907.3 V:16
2025-11-21 05:14:37.095 - INFO - FR40 M1 2025-11-21 05:12:00,000 O:7908.6 H:7908.6 L:7908 C:7908.6 V:3
2025-11-21 05:14:37.096 - INFO - FR40 M1 2025-11-21 05:13:00,000 O:7909.9 H:7911.2 L:7909.3 C:7911.2 V:11
2025-11-21 05:14:37.133 - INFO - Converted 2474/2474 valid records for CAPITALCOM:FR40
2025-11-21 05:14:37.149 - INFO - Processed 2475 records for CAPITALCOM:HK50 1m
2025-11-21 05:14:37.149 - INFO - [HISTORICAL] OHLCV Data - CAPITALCOM:HK50 (Timeframe: 1m) - 2474 records
2025-11-21 05:14:37.149 - INFO - HK50 M1 2025-11-21 05:11:00,000 O:25341.1 H:25363.5 L:25339.6 C:25363.5 V:119
2025-11-21 05:14:37.149 - INFO - HK50 M1 2025-11-21 05:12:00,000 O:25362.5 H:25377.3 L:25353.9 C:25353.9 V:126
2025-11-21 05:14:37.150 - INFO - HK50 M1 2025-11-21 05:13:00,000 O:25354.9 H:25394.3 L:25354.9 C:25391.5 V:105
2025-11-21 05:14:37.186 - INFO - Converted 2474/2474 valid records for CAPITALCOM:HK50
2025-11-21 05:14:37.188 - INFO - ✅ Cấu hình thành công CAPITALCOM:J225 (Khung thời gian: 1m)
2025-11-21 05:14:37.290 - INFO - Processed 2475 records for CAPITALCOM:J225 1m
2025-11-21 05:14:37.290 - INFO - [HISTORICAL] OHLCV Data - CAPITALCOM:J225 (Timeframe: 1m) - 2474 records
2025-11-21 05:14:37.290 - INFO - J225 M1 2025-11-21 05:11:00,000 O:48712 H:48721.6 L:48702.5 C:48705 V:82
2025-11-21 05:14:37.290 - INFO - J225 M1 2025-11-21 05:12:00,000 O:48707.5 H:48747.1 L:48705 C:48734.7 V:78
2025-11-21 05:14:37.291 - INFO - J225 M1 2025-11-21 05:13:00,000 O:48737.2 H:48762.8 L:48730 C:48762.8 V:87
2025-11-21 05:14:37.326 - INFO - Converted 2474/2474 valid records for CAPITALCOM:J225
2025-11-21 05:14:37.337 - INFO - Received SIGINT, shutting down gracefully...
2025-11-21 05:15:49.290 - INFO - Starting TradingView Historical Data Collector...
2025-11-21 05:15:49.293 - INFO - Calculated bars needed: 301
2025-11-21 05:15:49.300 - INFO - ✅ Successfully loaded authentication token from CSV
2025-11-21 05:15:49.301 - INFO - Lưu token xác thực: eyJhbGciOiJSUzUxMiIsImtpZCI6IkdaeFUiLCJ0eXAiOiJKV1QifQ.eyJ1c2VyX2lkIjo1MDkwMTIzMSwiZXhwIjoxNzYxNzY2MjY3LCJpYXQiOjE3NjE3NTE4NjcsInBsYW4iOiJwcm9fcHJlbWl1bSIsInByb3N0YXR1cyI6Im5vbl9wcm8iLCJleHRfaG91cnMiOjEsInBlcm0iOiIiLCJzdHVkeV9wZXJtIjoidHYtY2hhcnRfcGF0dGVybnMsdHYtY2hhcnRwYXR0ZXJucyx0di1wcm9zdHVkaWVzLHR2LXZvbHVtZWJ5cHJpY2UiLCJtYXhfc3R1ZGllcyI6MjUsIm1heF9mdW5kYW1lbnRhbHMiOjEwLCJtYXhfY2hhcnRzIjo4LCJtYXhfYWN0aXZlX2FsZXJ0cyI6NDAwLCJtYXhfc3R1ZHlfb25fc3R1ZHkiOjI0LCJmaWVsZHNfcGVybWlzc2lvbnMiOlsicmVmYm9uZHMiXSwibWF4X2FsZXJ0X2NvbmRpdGlvbnMiOjUsIm1heF9vdmVyYWxsX2FsZXJ0cyI6MjAwMCwibWF4X292ZXJhbGxfd2F0Y2hsaXN0X2FsZXJ0cyI6NSwibWF4X2FjdGl2ZV9wcmltaXRpdmVfYWxlcnRzIjo0MDAsIm1heF9hY3RpdmVfY29tcGxleF9hbGVydHMiOjQwMCwibWF4X2FjdGl2ZV93YXRjaGxpc3RfYWxlcnRzIjoyLCJtYXhfY29ubmVjdGlvbnMiOjUwfQ.e9tp_3f_chfHbIUjGxH3zX57aYHFeZTE5ndobrPYx369Zg0GoLjNcQ7Yt7RyFhnfI1iyY0eFHplNYuC5bKb5p9YNm7mxMAdy_cAhFpgZoqPNnpLRKC8qV9GzVrmTaDAfJQ9cV7vU4YMv2uQWI69mnKrbJXpCa1XRbpdsU0ytF0k
2025-11-21 05:15:49.339 - INFO - Fetched 19 active timeframes
2025-11-21 05:15:49.340 - INFO - Timeframes: {"1":["M1",1],"2":["M2",2],"3":["M3",3],"4":["M4",4],"5":["M5",5],"10":["M10",10],"15":["M15",15],"20":["M20",20],"30":["M30",30],"45":["M45",45],"60":["H1",60],"90":["M90",90],"120":["H2",120],"180":["H3",180],"240":["H4",240],"360":["H6",360],"D":["D",1440],"W":["W",10080],"M":["MN",43200]}
2025-11-21 05:15:49.349 - INFO - Fetched 13 active assets
2025-11-21 05:15:49.349 - INFO - Total symbols from DB: 247
2025-11-21 05:15:49.350 - INFO - Configured symbols: [["CAPITALCOM:BTCUSD","1","USD"],["CAPITALCOM:BTCUSD","2","USD"],["CAPITALCOM:BTCUSD","3","USD"],["CAPITALCOM:BTCUSD","4","USD"],["CAPITALCOM:BTCUSD","5","USD"]]...
2025-11-21 05:15:49.350 - INFO - Selected 0 timeframe(s) for this run. Symbol-timeframe pairs after filter: 0
2025-11-21 05:15:49.351 - INFO - 📊 Lưu 0 cặp biểu tượng-khung thời gian
2025-11-21 05:15:49.651 - INFO - ✅ Kết nối WebSocket thành công
2025-11-21 05:15:49.653 - INFO - Total symbol-timeframe pairs to process: 0
2025-11-21 05:15:50.268 - INFO - Received SIGINT, shutting down gracefully...
2025-11-21 05:40:14.417 - INFO - Starting TradingView Historical Data Collector...
2025-11-21 05:40:14.420 - INFO - Calculated bars needed: 301
2025-11-21 05:40:14.427 - INFO - ✅ Successfully loaded authentication token from CSV
2025-11-21 05:40:14.427 - INFO - Lưu token xác thực: eyJhbGciOiJSUzUxMiIsImtpZCI6IkdaeFUiLCJ0eXAiOiJKV1QifQ.eyJ1c2VyX2lkIjo1MDkwMTIzMSwiZXhwIjoxNzYxNzY2MjY3LCJpYXQiOjE3NjE3NTE4NjcsInBsYW4iOiJwcm9fcHJlbWl1bSIsInByb3N0YXR1cyI6Im5vbl9wcm8iLCJleHRfaG91cnMiOjEsInBlcm0iOiIiLCJzdHVkeV9wZXJtIjoidHYtY2hhcnRfcGF0dGVybnMsdHYtY2hhcnRwYXR0ZXJucyx0di1wcm9zdHVkaWVzLHR2LXZvbHVtZWJ5cHJpY2UiLCJtYXhfc3R1ZGllcyI6MjUsIm1heF9mdW5kYW1lbnRhbHMiOjEwLCJtYXhfY2hhcnRzIjo4LCJtYXhfYWN0aXZlX2FsZXJ0cyI6NDAwLCJtYXhfc3R1ZHlfb25fc3R1ZHkiOjI0LCJmaWVsZHNfcGVybWlzc2lvbnMiOlsicmVmYm9uZHMiXSwibWF4X2FsZXJ0X2NvbmRpdGlvbnMiOjUsIm1heF9vdmVyYWxsX2FsZXJ0cyI6MjAwMCwibWF4X292ZXJhbGxfd2F0Y2hsaXN0X2FsZXJ0cyI6NSwibWF4X2FjdGl2ZV9wcmltaXRpdmVfYWxlcnRzIjo0MDAsIm1heF9hY3RpdmVfY29tcGxleF9hbGVydHMiOjQwMCwibWF4X2FjdGl2ZV93YXRjaGxpc3RfYWxlcnRzIjoyLCJtYXhfY29ubmVjdGlvbnMiOjUwfQ.e9tp_3f_chfHbIUjGxH3zX57aYHFeZTE5ndobrPYx369Zg0GoLjNcQ7Yt7RyFhnfI1iyY0eFHplNYuC5bKb5p9YNm7mxMAdy_cAhFpgZoqPNnpLRKC8qV9GzVrmTaDAfJQ9cV7vU4YMv2uQWI69mnKrbJXpCa1XRbpdsU0ytF0k
2025-11-21 05:40:14.466 - INFO - Fetched 19 active timeframes
2025-11-21 05:40:14.466 - INFO - Timeframes: {"1":["M1",1],"2":["M2",2],"3":["M3",3],"4":["M4",4],"5":["M5",5],"10":["M10",10],"15":["M15",15],"20":["M20",20],"30":["M30",30],"45":["M45",45],"60":["H1",60],"90":["M90",90],"120":["H2",120],"180":["H3",180],"240":["H4",240],"360":["H6",360],"D":["D",1440],"W":["W",10080],"M":["MN",43200]}
2025-11-21 05:40:14.472 - INFO - Fetched 13 active assets
2025-11-21 05:40:14.473 - INFO - Total symbols from DB: 247
2025-11-21 05:40:14.473 - INFO - Configured symbols: [["CAPITALCOM:BTCUSD","1","USD"],["CAPITALCOM:BTCUSD","2","USD"],["CAPITALCOM:BTCUSD","3","USD"],["CAPITALCOM:BTCUSD","4","USD"],["CAPITALCOM:BTCUSD","5","USD"]]...
2025-11-21 05:40:14.474 - INFO - Filter timeframes: last_time=2025-11-21 11:59:26, now=2025-11-21 05:40:14
2025-11-21 05:40:14.474 - WARN - Skipped timeframe M: cannot convert to minutes
2025-11-21 05:40:14.474 - INFO - Selected timeframes: 
2025-11-21 05:40:14.475 - INFO - Selected 0 timeframe(s) for this run. Symbol-timeframe pairs after filter: 0
2025-11-21 05:40:14.475 - INFO - 📊 Lưu 0 cặp biểu tượng-khung thời gian
2025-11-21 05:40:14.749 - INFO - ✅ Kết nối WebSocket thành công
2025-11-21 05:40:14.752 - INFO - Total symbol-timeframe pairs to process: 0
2025-11-21 05:40:18.927 - INFO - Received SIGINT, shutting down gracefully...
2025-11-21 05:40:57.814 - INFO - Starting TradingView Historical Data Collector...
2025-11-21 05:40:57.825 - INFO - Calculated bars needed: 1061
2025-11-21 05:40:57.832 - INFO - ✅ Successfully loaded authentication token from CSV
2025-11-21 05:40:57.833 - INFO - Lưu token xác thực: eyJhbGciOiJSUzUxMiIsImtpZCI6IkdaeFUiLCJ0eXAiOiJKV1QifQ.eyJ1c2VyX2lkIjo1MDkwMTIzMSwiZXhwIjoxNzYxNzY2MjY3LCJpYXQiOjE3NjE3NTE4NjcsInBsYW4iOiJwcm9fcHJlbWl1bSIsInByb3N0YXR1cyI6Im5vbl9wcm8iLCJleHRfaG91cnMiOjEsInBlcm0iOiIiLCJzdHVkeV9wZXJtIjoidHYtY2hhcnRfcGF0dGVybnMsdHYtY2hhcnRwYXR0ZXJucyx0di1wcm9zdHVkaWVzLHR2LXZvbHVtZWJ5cHJpY2UiLCJtYXhfc3R1ZGllcyI6MjUsIm1heF9mdW5kYW1lbnRhbHMiOjEwLCJtYXhfY2hhcnRzIjo4LCJtYXhfYWN0aXZlX2FsZXJ0cyI6NDAwLCJtYXhfc3R1ZHlfb25fc3R1ZHkiOjI0LCJmaWVsZHNfcGVybWlzc2lvbnMiOlsicmVmYm9uZHMiXSwibWF4X2FsZXJ0X2NvbmRpdGlvbnMiOjUsIm1heF9vdmVyYWxsX2FsZXJ0cyI6MjAwMCwibWF4X292ZXJhbGxfd2F0Y2hsaXN0X2FsZXJ0cyI6NSwibWF4X2FjdGl2ZV9wcmltaXRpdmVfYWxlcnRzIjo0MDAsIm1heF9hY3RpdmVfY29tcGxleF9hbGVydHMiOjQwMCwibWF4X2FjdGl2ZV93YXRjaGxpc3RfYWxlcnRzIjoyLCJtYXhfY29ubmVjdGlvbnMiOjUwfQ.e9tp_3f_chfHbIUjGxH3zX57aYHFeZTE5ndobrPYx369Zg0GoLjNcQ7Yt7RyFhnfI1iyY0eFHplNYuC5bKb5p9YNm7mxMAdy_cAhFpgZoqPNnpLRKC8qV9GzVrmTaDAfJQ9cV7vU4YMv2uQWI69mnKrbJXpCa1XRbpdsU0ytF0k
2025-11-21 05:40:57.869 - INFO - Fetched 19 active timeframes
2025-11-21 05:40:57.870 - INFO - Timeframes: {"1":["M1",1],"2":["M2",2],"3":["M3",3],"4":["M4",4],"5":["M5",5],"10":["M10",10],"15":["M15",15],"20":["M20",20],"30":["M30",30],"45":["M45",45],"60":["H1",60],"90":["M90",90],"120":["H2",120],"180":["H3",180],"240":["H4",240],"360":["H6",360],"D":["D",1440],"W":["W",10080],"M":["MN",43200]}
2025-11-21 05:40:57.876 - INFO - Fetched 13 active assets
2025-11-21 05:40:57.876 - INFO - Total symbols from DB: 247
2025-11-21 05:40:57.877 - INFO - Configured symbols: [["CAPITALCOM:BTCUSD","1","USD"],["CAPITALCOM:BTCUSD","2","USD"],["CAPITALCOM:BTCUSD","3","USD"],["CAPITALCOM:BTCUSD","4","USD"],["CAPITALCOM:BTCUSD","5","USD"]]...
2025-11-21 05:40:57.878 - INFO - Filter timeframes: last_time=2025-11-20 11:59:26, now=2025-11-21 05:40:57
2025-11-21 05:40:57.878 - WARN - Skipped timeframe M: cannot convert to minutes
2025-11-21 05:40:57.879 - INFO - Selected timeframes: 1, 2, 3, 4, 5, 10, 15, 20, 30, 45, 60, 90, 120, 180, 240, 360, D
2025-11-21 05:40:57.879 - INFO - Selected 17 timeframe(s) for this run. Symbol-timeframe pairs after filter: 221
2025-11-21 05:40:57.879 - INFO - 📊 Lưu 221 cặp biểu tượng-khung thời gian
2025-11-21 05:40:58.148 - INFO - ✅ Kết nối WebSocket thành công
2025-11-21 05:40:58.149 - INFO - Total symbol-timeframe pairs to process: 221
2025-11-21 05:40:58.150 - INFO - Processing timeframe 1m...
2025-11-21 05:40:58.361 - INFO - ✅ Cấu hình thành công CAPITALCOM:BTCUSD (Khung thời gian: 1m)
2025-11-21 05:40:58.566 - INFO - ✅ Cấu hình thành công CAPITALCOM:AU200AU (Khung thời gian: 1m)
2025-11-21 05:40:58.599 - INFO - Processed 1061 records for CAPITALCOM:BTCUSD 1m
2025-11-21 05:40:58.599 - INFO - [HISTORICAL] OHLCV Data - CAPITALCOM:BTCUSD (Timeframe: 1m) - 1060 records
2025-11-21 05:40:58.599 - INFO - BTCUSD M1 2025-11-21 05:37:00,000 O:85912.25 H:85913.3 L:85755.85 C:85801.85 V:827
2025-11-21 05:40:58.599 - INFO - BTCUSD M1 2025-11-21 05:38:00,000 O:85801.3 H:85816.2 L:85780.45 C:85781.15 V:590
2025-11-21 05:40:58.600 - INFO - BTCUSD M1 2025-11-21 05:39:00,000 O:85780.8 H:85793.8 L:85728.15 C:85739.85 V:570
2025-11-21 05:40:58.629 - INFO - Converted 1060/1060 valid records for CAPITALCOM:BTCUSD
2025-11-21 05:40:58.773 - INFO - ✅ Cấu hình thành công BINANCE:BTCUSD (Khung thời gian: 1m)
2025-11-21 05:40:58.832 - INFO - Processed 1061 records for CAPITALCOM:AU200AU 1m
2025-11-21 05:40:58.832 - INFO - [HISTORICAL] OHLCV Data - CAPITALCOM:AU200AU (Timeframe: 1m) - 1060 records
2025-11-21 05:40:58.832 - INFO - AU200AU M1 2025-11-21 05:26:00,000 O:8429.1 H:8431.1 L:8429.1 C:8430.1 V:12
2025-11-21 05:40:58.833 - INFO - AU200AU M1 2025-11-21 05:27:00,000 O:8431.1 H:8431.1 L:8428.1 C:8428.1 V:8
2025-11-21 05:40:58.833 - INFO - AU200AU M1 2025-11-21 05:28:00,000 O:8429.1 H:8429.1 L:8424.1 C:8424.1 V:8
2025-11-21 05:40:58.856 - INFO - Converted 1060/1060 valid records for CAPITALCOM:AU200AU
2025-11-21 05:40:58.875 - INFO - Received SIGINT, shutting down gracefully...
2025-11-21 05:42:22.405 - INFO - Starting TradingView Historical Data Collector...
2025-11-21 05:42:22.415 - INFO - Calculated bars needed: 522
2025-11-21 05:42:22.422 - INFO - ✅ Successfully loaded authentication token from CSV
2025-11-21 05:42:22.423 - INFO - Lưu token xác thực: eyJhbGciOiJSUzUxMiIsImtpZCI6IkdaeFUiLCJ0eXAiOiJKV1QifQ.eyJ1c2VyX2lkIjo1MDkwMTIzMSwiZXhwIjoxNzYxNzY2MjY3LCJpYXQiOjE3NjE3NTE4NjcsInBsYW4iOiJwcm9fcHJlbWl1bSIsInByb3N0YXR1cyI6Im5vbl9wcm8iLCJleHRfaG91cnMiOjEsInBlcm0iOiIiLCJzdHVkeV9wZXJtIjoidHYtY2hhcnRfcGF0dGVybnMsdHYtY2hhcnRwYXR0ZXJucyx0di1wcm9zdHVkaWVzLHR2LXZvbHVtZWJ5cHJpY2UiLCJtYXhfc3R1ZGllcyI6MjUsIm1heF9mdW5kYW1lbnRhbHMiOjEwLCJtYXhfY2hhcnRzIjo4LCJtYXhfYWN0aXZlX2FsZXJ0cyI6NDAwLCJtYXhfc3R1ZHlfb25fc3R1ZHkiOjI0LCJmaWVsZHNfcGVybWlzc2lvbnMiOlsicmVmYm9uZHMiXSwibWF4X2FsZXJ0X2NvbmRpdGlvbnMiOjUsIm1heF9vdmVyYWxsX2FsZXJ0cyI6MjAwMCwibWF4X292ZXJhbGxfd2F0Y2hsaXN0X2FsZXJ0cyI6NSwibWF4X2FjdGl2ZV9wcmltaXRpdmVfYWxlcnRzIjo0MDAsIm1heF9hY3RpdmVfY29tcGxleF9hbGVydHMiOjQwMCwibWF4X2FjdGl2ZV93YXRjaGxpc3RfYWxlcnRzIjoyLCJtYXhfY29ubmVjdGlvbnMiOjUwfQ.e9tp_3f_chfHbIUjGxH3zX57aYHFeZTE5ndobrPYx369Zg0GoLjNcQ7Yt7RyFhnfI1iyY0eFHplNYuC5bKb5p9YNm7mxMAdy_cAhFpgZoqPNnpLRKC8qV9GzVrmTaDAfJQ9cV7vU4YMv2uQWI69mnKrbJXpCa1XRbpdsU0ytF0k
2025-11-21 05:42:22.461 - INFO - Fetched 19 active timeframes
2025-11-21 05:42:22.462 - INFO - Timeframes: {"1":["M1",1],"2":["M2",2],"3":["M3",3],"4":["M4",4],"5":["M5",5],"10":["M10",10],"15":["M15",15],"20":["M20",20],"30":["M30",30],"45":["M45",45],"60":["H1",60],"90":["M90",90],"120":["H2",120],"180":["H3",180],"240":["H4",240],"360":["H6",360],"D":["D",1440],"W":["W",10080],"M":["MN",43200]}
2025-11-21 05:42:22.467 - INFO - Fetched 13 active assets
2025-11-21 05:42:22.468 - INFO - Total symbols from DB: 247
2025-11-21 05:42:22.469 - INFO - Configured symbols: [["CAPITALCOM:BTCUSD","1","USD"],["CAPITALCOM:BTCUSD","2","USD"],["CAPITALCOM:BTCUSD","3","USD"],["CAPITALCOM:BTCUSD","4","USD"],["CAPITALCOM:BTCUSD","5","USD"]]...
2025-11-21 05:42:22.470 - INFO - Filter timeframes: last_time=2025-11-21 01:59:26, now=2025-11-21 05:42:22
2025-11-21 05:42:22.470 - WARN - Skipped timeframe M: cannot convert to minutes
2025-11-21 05:42:22.470 - INFO - Selected timeframes: 1, 2, 3, 4, 5, 10, 15, 20, 30, 45, 60, 90, 120, 180, 240
2025-11-21 05:42:22.471 - INFO - Selected 15 timeframe(s) for this run. Symbol-timeframe pairs after filter: 195
2025-11-21 05:42:22.471 - INFO - 📊 Lưu 195 cặp biểu tượng-khung thời gian
2025-11-21 05:42:22.815 - INFO - ✅ Kết nối WebSocket thành công
2025-11-21 05:42:22.817 - INFO - Total symbol-timeframe pairs to process: 195
2025-11-21 05:42:22.817 - INFO - Processing timeframe 1m...
2025-11-21 05:42:23.028 - INFO - ✅ Cấu hình thành công CAPITALCOM:BTCUSD (Khung thời gian: 1m)
2025-11-21 05:42:23.162 - INFO - Received SIGINT, shutting down gracefully...
2025-11-21 05:57:20.700 - INFO - Starting TradingView Historical Data Collector...
2025-11-21 05:57:20.702 - INFO - Calculated bars needed: 537
2025-11-21 05:57:20.709 - INFO - ✅ Successfully loaded authentication token from CSV
2025-11-21 05:57:20.710 - INFO - Lưu token xác thực: eyJhbGciOiJSUzUxMiIsImtpZCI6IkdaeFUiLCJ0eXAiOiJKV1QifQ.eyJ1c2VyX2lkIjo1MDkwMTIzMSwiZXhwIjoxNzYxNzY2MjY3LCJpYXQiOjE3NjE3NTE4NjcsInBsYW4iOiJwcm9fcHJlbWl1bSIsInByb3N0YXR1cyI6Im5vbl9wcm8iLCJleHRfaG91cnMiOjEsInBlcm0iOiIiLCJzdHVkeV9wZXJtIjoidHYtY2hhcnRfcGF0dGVybnMsdHYtY2hhcnRwYXR0ZXJucyx0di1wcm9zdHVkaWVzLHR2LXZvbHVtZWJ5cHJpY2UiLCJtYXhfc3R1ZGllcyI6MjUsIm1heF9mdW5kYW1lbnRhbHMiOjEwLCJtYXhfY2hhcnRzIjo4LCJtYXhfYWN0aXZlX2FsZXJ0cyI6NDAwLCJtYXhfc3R1ZHlfb25fc3R1ZHkiOjI0LCJmaWVsZHNfcGVybWlzc2lvbnMiOlsicmVmYm9uZHMiXSwibWF4X2FsZXJ0X2NvbmRpdGlvbnMiOjUsIm1heF9vdmVyYWxsX2FsZXJ0cyI6MjAwMCwibWF4X292ZXJhbGxfd2F0Y2hsaXN0X2FsZXJ0cyI6NSwibWF4X2FjdGl2ZV9wcmltaXRpdmVfYWxlcnRzIjo0MDAsIm1heF9hY3RpdmVfY29tcGxleF9hbGVydHMiOjQwMCwibWF4X2FjdGl2ZV93YXRjaGxpc3RfYWxlcnRzIjoyLCJtYXhfY29ubmVjdGlvbnMiOjUwfQ.e9tp_3f_chfHbIUjGxH3zX57aYHFeZTE5ndobrPYx369Zg0GoLjNcQ7Yt7RyFhnfI1iyY0eFHplNYuC5bKb5p9YNm7mxMAdy_cAhFpgZoqPNnpLRKC8qV9GzVrmTaDAfJQ9cV7vU4YMv2uQWI69mnKrbJXpCa1XRbpdsU0ytF0k
2025-11-21 05:57:20.748 - INFO - Fetched 19 active timeframes
2025-11-21 05:57:20.749 - INFO - Timeframes: {"1":["M1",1],"2":["M2",2],"3":["M3",3],"4":["M4",4],"5":["M5",5],"10":["M10",10],"15":["M15",15],"20":["M20",20],"30":["M30",30],"45":["M45",45],"60":["H1",60],"90":["M90",90],"120":["H2",120],"180":["H3",180],"240":["H4",240],"360":["H6",360],"D":["D",1440],"W":["W",10080],"M":["MN",43200]}
2025-11-21 05:57:20.756 - INFO - Fetched 13 active assets
2025-11-21 05:57:20.756 - INFO - Total symbols from DB: 247
2025-11-21 05:57:20.756 - INFO - Configured symbols: [["CAPITALCOM:BTCUSD","1","USD"],["CAPITALCOM:BTCUSD","2","USD"],["CAPITALCOM:BTCUSD","3","USD"],["CAPITALCOM:BTCUSD","4","USD"],["CAPITALCOM:BTCUSD","5","USD"]]...
2025-11-21 05:57:20.757 - INFO - Filter timeframes: last_time=2025-11-21 01:59:26, now=2025-11-21 05:57:20
2025-11-21 05:57:20.758 - WARN - Skipped timeframe M: cannot convert to minutes
2025-11-21 05:57:20.758 - INFO - Selected timeframes: 1, 2, 3, 4, 5, 10, 15, 20, 30, 45, 60, 90, 120, 180, 240
2025-11-21 05:57:20.759 - INFO - Selected 15 timeframe(s) for this run. Symbol-timeframe pairs after filter: 195
2025-11-21 05:57:20.759 - INFO - 📊 Lưu 195 cặp biểu tượng-khung thời gian
2025-11-21 05:57:21.077 - INFO - ✅ Kết nối WebSocket thành công
2025-11-21 05:57:21.079 - INFO - Total symbol-timeframe pairs to process: 195
2025-11-21 05:57:21.079 - INFO - Processing timeframe 1m...
2025-11-21 05:57:21.293 - INFO - ✅ Cấu hình thành công CAPITALCOM:BTCUSD (Khung thời gian: 1m)
2025-11-21 05:57:21.496 - INFO - ✅ Cấu hình thành công CAPITALCOM:AU200AU (Khung thời gian: 1m)
2025-11-21 05:57:21.617 - INFO - Processed 537 records for CAPITALCOM:BTCUSD 1m
2025-11-21 05:57:21.617 - INFO - [HISTORICAL] OHLCV Data - CAPITALCOM:BTCUSD (Timeframe: 1m) - 536 records
2025-11-21 05:57:21.618 - INFO - BTCUSD M1 2025-11-21 05:54:00,000 O:85972.4 H:85972.4 L:85924.5 C:85945.95 V:594
2025-11-21 05:57:21.618 - INFO - BTCUSD M1 2025-11-21 05:55:00,000 O:85946.1 H:86008.25 L:85946.1 C:85999.2 V:688
2025-11-21 05:57:21.618 - INFO - BTCUSD M1 2025-11-21 05:56:00,000 O:85998.3 H:86074.8 L:85977.35 C:85987.15 V:922
2025-11-21 05:57:21.634 - INFO - Converted 536/536 valid records for CAPITALCOM:BTCUSD
2025-11-21 05:57:21.647 - INFO - Processed 537 records for CAPITALCOM:AU200AU 1m
2025-11-21 05:57:21.647 - INFO - [HISTORICAL] OHLCV Data - CAPITALCOM:AU200AU (Timeframe: 1m) - 536 records
2025-11-21 05:57:21.647 - INFO - AU200AU M1 2025-11-21 05:26:00,000 O:8429.1 H:8431.1 L:8429.1 C:8430.1 V:12
2025-11-21 05:57:21.647 - INFO - AU200AU M1 2025-11-21 05:27:00,000 O:8431.1 H:8431.1 L:8428.1 C:8428.1 V:8
2025-11-21 05:57:21.648 - INFO - AU200AU M1 2025-11-21 05:28:00,000 O:8429.1 H:8429.1 L:8424.1 C:8424.1 V:8
2025-11-21 05:57:21.661 - INFO - Converted 536/536 valid records for CAPITALCOM:AU200AU
2025-11-21 05:57:21.699 - INFO - ✅ Cấu hình thành công BINANCE:BTCUSD (Khung thời gian: 1m)
2025-11-21 05:57:21.750 - INFO - ✅ Successfully inserted 536 records for CAPITALCOM:BTCUSD (timeframe: 1m) in 0.11s
2025-11-21 05:57:21.750 - INFO - ✅ Saved CAPITALCOM:BTCUSD 1m | Progress: 1/195 (Remaining: 194)
2025-11-21 05:57:21.766 - INFO - ✅ Successfully inserted 536 records for CAPITALCOM:AU200AU (timeframe: 1m) in 0.10s
2025-11-21 05:57:21.766 - INFO - ✅ Saved CAPITALCOM:AU200AU 1m | Progress: 2/195 (Remaining: 193)
2025-11-21 05:57:21.850 - INFO - Processed 537 records for BINANCE:BTCUSD 1m
2025-11-21 05:57:21.850 - INFO - [HISTORICAL] OHLCV Data - BINANCE:BTCUSD (Timeframe: 1m) - 536 records
2025-11-21 05:57:21.851 - INFO - BTCUSD M1 2025-11-21 05:54:00,000 O:86005.77 H:86006.61 L:85959.25 C:85988.15 V:0.22694
2025-11-21 05:57:21.851 - INFO - BTCUSD M1 2025-11-21 05:55:00,000 O:85986.65 H:86054.94 L:85986.65 C:86054.94 V:0.06129
2025-11-21 05:57:21.851 - INFO - BTCUSD M1 2025-11-21 05:56:00,000 O:86051.44 H:86111.46 L:86030.32 C:86030.32 V:0.0504
2025-11-21 05:57:21.861 - INFO - Converted 536/536 valid records for BINANCE:BTCUSD
2025-11-21 05:57:21.889 - INFO - ✅ Successfully inserted 536 records for BINANCE:BTCUSD (timeframe: 1m) in 0.02s
2025-11-21 05:57:21.889 - INFO - ✅ Saved BINANCE:BTCUSD 1m | Progress: 3/195 (Remaining: 192)
2025-11-21 05:57:21.902 - INFO - ✅ Cấu hình thành công CAPITALCOM:DE40 (Khung thời gian: 1m)
2025-11-21 05:57:21.968 - INFO - Received SIGINT, shutting down gracefully...
2025-11-21 06:00:24.040 - INFO - Starting TradingView Historical Data Collector...
2025-11-21 06:00:24.043 - INFO - Calculated bars needed: 540
2025-11-21 06:00:24.050 - INFO - ✅ Successfully loaded authentication token from CSV
2025-11-21 06:00:24.050 - INFO - Lưu token xác thực: eyJhbGciOiJSUzUxMiIsImtpZCI6IkdaeFUiLCJ0eXAiOiJKV1QifQ.eyJ1c2VyX2lkIjo1MDkwMTIzMSwiZXhwIjoxNzYxNzY2MjY3LCJpYXQiOjE3NjE3NTE4NjcsInBsYW4iOiJwcm9fcHJlbWl1bSIsInByb3N0YXR1cyI6Im5vbl9wcm8iLCJleHRfaG91cnMiOjEsInBlcm0iOiIiLCJzdHVkeV9wZXJtIjoidHYtY2hhcnRfcGF0dGVybnMsdHYtY2hhcnRwYXR0ZXJucyx0di1wcm9zdHVkaWVzLHR2LXZvbHVtZWJ5cHJpY2UiLCJtYXhfc3R1ZGllcyI6MjUsIm1heF9mdW5kYW1lbnRhbHMiOjEwLCJtYXhfY2hhcnRzIjo4LCJtYXhfYWN0aXZlX2FsZXJ0cyI6NDAwLCJtYXhfc3R1ZHlfb25fc3R1ZHkiOjI0LCJmaWVsZHNfcGVybWlzc2lvbnMiOlsicmVmYm9uZHMiXSwibWF4X2FsZXJ0X2NvbmRpdGlvbnMiOjUsIm1heF9vdmVyYWxsX2FsZXJ0cyI6MjAwMCwibWF4X292ZXJhbGxfd2F0Y2hsaXN0X2FsZXJ0cyI6NSwibWF4X2FjdGl2ZV9wcmltaXRpdmVfYWxlcnRzIjo0MDAsIm1heF9hY3RpdmVfY29tcGxleF9hbGVydHMiOjQwMCwibWF4X2FjdGl2ZV93YXRjaGxpc3RfYWxlcnRzIjoyLCJtYXhfY29ubmVjdGlvbnMiOjUwfQ.e9tp_3f_chfHbIUjGxH3zX57aYHFeZTE5ndobrPYx369Zg0GoLjNcQ7Yt7RyFhnfI1iyY0eFHplNYuC5bKb5p9YNm7mxMAdy_cAhFpgZoqPNnpLRKC8qV9GzVrmTaDAfJQ9cV7vU4YMv2uQWI69mnKrbJXpCa1XRbpdsU0ytF0k
2025-11-21 06:00:24.088 - INFO - Fetched 19 active timeframes
2025-11-21 06:00:24.089 - INFO - Timeframes: {"1":["M1",1],"2":["M2",2],"3":["M3",3],"4":["M4",4],"5":["M5",5],"10":["M10",10],"15":["M15",15],"20":["M20",20],"30":["M30",30],"45":["M45",45],"60":["H1",60],"90":["M90",90],"120":["H2",120],"180":["H3",180],"240":["H4",240],"360":["H6",360],"D":["D",1440],"W":["W",10080],"M":["MN",43200]}
2025-11-21 06:00:24.095 - INFO - Fetched 13 active assets
2025-11-21 06:00:24.095 - INFO - Total symbols from DB: 247
2025-11-21 06:00:24.096 - INFO - Configured symbols: [["CAPITALCOM:BTCUSD","1","USD"],["CAPITALCOM:BTCUSD","2","USD"],["CAPITALCOM:BTCUSD","3","USD"],["CAPITALCOM:BTCUSD","4","USD"],["CAPITALCOM:BTCUSD","5","USD"]]...
2025-11-21 06:00:24.097 - INFO - Filter timeframes: last_time=2025-11-21 01:59:26, now=2025-11-21 06:00:24
2025-11-21 06:00:24.097 - WARN - Skipped timeframe M: cannot convert to minutes
2025-11-21 06:00:24.097 - INFO - Selected timeframes: 1, 2, 3, 4, 5, 10, 15, 20, 30, 45, 60, 90, 120, 180, 240, 360
2025-11-21 06:00:24.098 - INFO - Selected 16 timeframe(s) for this run. Symbol-timeframe pairs after filter: 208
2025-11-21 06:00:24.098 - INFO - 📊 Lưu 208 cặp biểu tượng-khung thời gian
2025-11-21 06:00:24.383 - INFO - ✅ Kết nối WebSocket thành công
2025-11-21 06:00:24.385 - INFO - Total symbol-timeframe pairs to process: 208
2025-11-21 06:00:24.385 - INFO - Processing timeframe 1m...
2025-11-21 06:00:24.599 - INFO - ✅ Cấu hình thành công CAPITALCOM:BTCUSD (Khung thời gian: 1m)
2025-11-21 06:00:24.770 - INFO - Processed 540 records for CAPITALCOM:BTCUSD 1m
2025-11-21 06:00:24.770 - INFO - [HISTORICAL] OHLCV Data - CAPITALCOM:BTCUSD (Timeframe: 1m) - 539 records
2025-11-21 06:00:24.770 - INFO - BTCUSD M1 2025-11-21 05:57:00,000 O:85987.65 H:86077.6 L:85985.6 C:86077.55 V:836
2025-11-21 06:00:24.770 - INFO - BTCUSD M1 2025-11-21 05:58:00,000 O:86077.6 H:86087.3 L:85996.35 C:86001.6 V:805
2025-11-21 06:00:24.771 - INFO - BTCUSD M1 2025-11-21 05:59:00,000 O:86000.6 H:86077.1 L:85998.45 C:86051.55 V:736
2025-11-21 06:00:24.787 - INFO - Converted 539/539 valid records for CAPITALCOM:BTCUSD
2025-11-21 06:00:24.801 - INFO - ✅ Cấu hình thành công CAPITALCOM:AU200AU (Khung thời gian: 1m)
2025-11-21 06:00:24.844 - INFO - ✅ Successfully inserted 539 records for CAPITALCOM:BTCUSD (timeframe: 1m) in 0.05s
2025-11-21 06:00:24.844 - INFO - ✅ Saved CAPITALCOM:BTCUSD 1m | Progress: 1/208 (Remaining: 207)
2025-11-21 06:00:24.961 - INFO - Processed 540 records for CAPITALCOM:AU200AU 1m
2025-11-21 06:00:24.962 - INFO - [HISTORICAL] OHLCV Data - CAPITALCOM:AU200AU (Timeframe: 1m) - 539 records
2025-11-21 06:00:24.962 - INFO - AU200AU M1 2025-11-21 05:26:00,000 O:8429.1 H:8431.1 L:8429.1 C:8430.1 V:12
2025-11-21 06:00:24.962 - INFO - AU200AU M1 2025-11-21 05:27:00,000 O:8431.1 H:8431.1 L:8428.1 C:8428.1 V:8
2025-11-21 06:00:24.963 - INFO - AU200AU M1 2025-11-21 05:28:00,000 O:8429.1 H:8429.1 L:8424.1 C:8424.1 V:8
2025-11-21 06:00:24.979 - INFO - Converted 539/539 valid records for CAPITALCOM:AU200AU
2025-11-21 06:00:24.998 - INFO - ✅ Successfully inserted 539 records for CAPITALCOM:AU200AU (timeframe: 1m) in 0.02s
2025-11-21 06:00:24.999 - INFO - ✅ Saved CAPITALCOM:AU200AU 1m | Progress: 2/208 (Remaining: 206)
2025-11-21 06:00:25.018 - INFO - ✅ Cấu hình thành công BINANCE:BTCUSD (Khung thời gian: 1m)
2025-11-21 06:00:25.187 - INFO - Processed 540 records for BINANCE:BTCUSD 1m
2025-11-21 06:00:25.187 - INFO - [HISTORICAL] OHLCV Data - BINANCE:BTCUSD (Timeframe: 1m) - 539 records
2025-11-21 06:00:25.188 - INFO - BTCUSD M1 2025-11-21 05:57:00,000 O:86039.51 H:86101.95 L:86033.77 C:86101.95 V:0.025
2025-11-21 06:00:25.188 - INFO - BTCUSD M1 2025-11-21 05:58:00,000 O:86107.73 H:86121.42 L:86044.96 C:86044.96 V:0.2355
2025-11-21 06:00:25.188 - INFO - BTCUSD M1 2025-11-21 05:59:00,000 O:86059.04 H:86127.3 L:86059.04 C:86107.44 V:0.09092
2025-11-21 06:00:25.198 - INFO - Converted 539/539 valid records for BINANCE:BTCUSD
2025-11-21 06:00:25.222 - INFO - ✅ Cấu hình thành công CAPITALCOM:DE40 (Khung thời gian: 1m)
2025-11-21 06:00:25.230 - INFO - ✅ Successfully inserted 539 records for BINANCE:BTCUSD (timeframe: 1m) in 0.03s
2025-11-21 06:00:25.230 - INFO - ✅ Saved BINANCE:BTCUSD 1m | Progress: 3/208 (Remaining: 205)
2025-11-21 06:00:25.384 - INFO - Processed 540 records for CAPITALCOM:DE40 1m
2025-11-21 06:00:25.384 - INFO - [HISTORICAL] OHLCV Data - CAPITALCOM:DE40 (Timeframe: 1m) - 539 records
2025-11-21 06:00:25.385 - INFO - DE40 M1 2025-11-21 05:57:00,000 O:22974.2 H:22978.3 L:22972.1 C:22977.8 V:26
2025-11-21 06:00:25.385 - INFO - DE40 M1 2025-11-21 05:58:00,000 O:22977.3 H:22977.8 L:22972.7 C:22973.2 V:16
2025-11-21 06:00:25.385 - INFO - DE40 M1 2025-11-21 05:59:00,000 O:22975.2 H:22978.1 L:22974.7 C:22976.7 V:25
2025-11-21 06:00:25.395 - INFO - Converted 539/539 valid records for CAPITALCOM:DE40
2025-11-21 06:00:25.424 - INFO - ✅ Cấu hình thành công CAPITALCOM:FR40 (Khung thời gian: 1m)
2025-11-21 06:00:25.431 - INFO - ✅ Successfully inserted 539 records for CAPITALCOM:DE40 (timeframe: 1m) in 0.03s
2025-11-21 06:00:25.432 - INFO - ✅ Saved CAPITALCOM:DE40 1m | Progress: 4/208 (Remaining: 204)
2025-11-21 06:00:25.580 - INFO - Processed 540 records for CAPITALCOM:FR40 1m
2025-11-21 06:00:25.581 - INFO - [HISTORICAL] OHLCV Data - CAPITALCOM:FR40 (Timeframe: 1m) - 539 records
2025-11-21 06:00:25.581 - INFO - FR40 M1 2025-11-21 05:57:00,000 O:7904.1 H:7906.7 L:7903.5 C:7906 V:10
2025-11-21 06:00:25.581 - INFO - FR40 M1 2025-11-21 05:58:00,000 O:7905.4 H:7905.4 L:7903.5 C:7904.1 V:11
2025-11-21 06:00:25.581 - INFO - FR40 M1 2025-11-21 05:59:00,000 O:7904.8 H:7906 L:7904.1 C:7904.8 V:10
2025-11-21 06:00:25.590 - INFO - Converted 539/539 valid records for CAPITALCOM:FR40
2025-11-21 06:00:25.614 - INFO - ✅ Successfully inserted 539 records for CAPITALCOM:FR40 (timeframe: 1m) in 0.02s
2025-11-21 06:00:25.614 - INFO - ✅ Saved CAPITALCOM:FR40 1m | Progress: 5/208 (Remaining: 203)
2025-11-21 06:00:25.626 - INFO - ✅ Cấu hình thành công CAPITALCOM:HK50 (Khung thời gian: 1m)
2025-11-21 06:00:25.789 - INFO - Processed 540 records for CAPITALCOM:HK50 1m
2025-11-21 06:00:25.790 - INFO - [HISTORICAL] OHLCV Data - CAPITALCOM:HK50 (Timeframe: 1m) - 539 records
2025-11-21 06:00:25.790 - INFO - HK50 M1 2025-11-21 05:57:00,000 O:25384 H:25405.7 L:25384 C:25405.7 V:105
2025-11-21 06:00:25.790 - INFO - HK50 M1 2025-11-21 05:58:00,000 O:25406.2 H:25408.7 L:25389.7 C:25396.5 V:109
2025-11-21 06:00:25.790 - INFO - HK50 M1 2025-11-21 05:59:00,000 O:25398.5 H:25407.6 L:25389.7 C:25395.8 V:116
2025-11-21 06:00:25.799 - INFO - Converted 539/539 valid records for CAPITALCOM:HK50
2025-11-21 06:00:25.824 - INFO - ✅ Successfully inserted 539 records for CAPITALCOM:HK50 (timeframe: 1m) in 0.02s
2025-11-21 06:00:25.824 - INFO - ✅ Saved CAPITALCOM:HK50 1m | Progress: 6/208 (Remaining: 202)
2025-11-21 06:00:25.828 - INFO - ✅ Cấu hình thành công CAPITALCOM:J225 (Khung thời gian: 1m)
2025-11-21 06:00:25.993 - INFO - Processed 540 records for CAPITALCOM:J225 1m
2025-11-21 06:00:25.994 - INFO - [HISTORICAL] OHLCV Data - CAPITALCOM:J225 (Timeframe: 1m) - 539 records
2025-11-21 06:00:25.994 - INFO - J225 M1 2025-11-21 05:57:00,000 O:48654.4 H:48684.8 L:48626.8 C:48682.1 V:81
2025-11-21 06:00:25.995 - INFO - J225 M1 2025-11-21 05:58:00,000 O:48679.6 H:48679.6 L:48643.5 C:48654.9 V:61
2025-11-21 06:00:25.995 - INFO - J225 M1 2025-11-21 05:59:00,000 O:48657.4 H:48675.5 L:48648.2 C:48665.1 V:49
2025-11-21 06:00:26.004 - INFO - Converted 539/539 valid records for CAPITALCOM:J225
2025-11-21 06:00:26.028 - INFO - ✅ Cấu hình thành công CAPITALCOM:SP35 (Khung thời gian: 1m)
2025-11-21 06:00:26.059 - INFO - ✅ Successfully inserted 539 records for CAPITALCOM:J225 (timeframe: 1m) in 0.05s
2025-11-21 06:00:26.059 - INFO - ✅ Saved CAPITALCOM:J225 1m | Progress: 7/208 (Remaining: 201)
2025-11-21 06:00:26.189 - INFO - Processed 540 records for CAPITALCOM:SP35 1m
2025-11-21 06:00:26.189 - INFO - [HISTORICAL] OHLCV Data - CAPITALCOM:SP35 (Timeframe: 1m) - 539 records
2025-11-21 06:00:26.189 - INFO - SP35 M1 2025-11-20 18:56:00,000 O:15795.9 H:15795.9 L:15785.9 C:15788.4 V:7
2025-11-21 06:00:26.189 - INFO - SP35 M1 2025-11-20 18:57:00,000 O:15788.9 H:15791.9 L:15788.9 C:15791.9 V:6
2025-11-21 06:00:26.189 - INFO - SP35 M1 2025-11-20 18:58:00,000 O:15792.4 H:15796.9 L:15792.4 C:15796.9 V:3
2025-11-21 06:00:26.197 - INFO - Converted 539/539 valid records for CAPITALCOM:SP35
2025-11-21 06:00:26.233 - INFO - ✅ Cấu hình thành công CAPITALCOM:UK100 (Khung thời gian: 1m)
2025-11-21 06:00:26.241 - INFO - ✅ Successfully inserted 539 records for CAPITALCOM:SP35 (timeframe: 1m) in 0.04s
2025-11-21 06:00:26.241 - INFO - ✅ Saved CAPITALCOM:SP35 1m | Progress: 8/208 (Remaining: 200)
2025-11-21 06:00:26.436 - INFO - ✅ Cấu hình thành công CAPITALCOM:US100 (Khung thời gian: 1m)
2025-11-21 06:00:26.476 - INFO - Processed 540 records for CAPITALCOM:UK100 1m
2025-11-21 06:00:26.476 - INFO - [HISTORICAL] OHLCV Data - CAPITALCOM:UK100 (Timeframe: 1m) - 539 records
2025-11-21 06:00:26.477 - INFO - UK100 M1 2025-11-21 05:57:00,000 O:9447.5 H:9448.8 L:9447.1 C:9448.6 V:19
2025-11-21 06:00:26.477 - INFO - UK100 M1 2025-11-21 05:58:00,000 O:9448.3 H:9448.6 L:9447.3 C:9447.4 V:8
2025-11-21 06:00:26.478 - INFO - UK100 M1 2025-11-21 05:59:00,000 O:9447.6 H:9448.1 L:9447.4 C:9447.6 V:17
2025-11-21 06:00:26.490 - INFO - Converted 539/539 valid records for CAPITALCOM:UK100
2025-11-21 06:00:26.531 - INFO - ✅ Successfully inserted 539 records for CAPITALCOM:UK100 (timeframe: 1m) in 0.04s
2025-11-21 06:00:26.531 - INFO - ✅ Saved CAPITALCOM:UK100 1m | Progress: 9/208 (Remaining: 199)
2025-11-21 06:00:26.609 - INFO - Processed 540 records for CAPITALCOM:US100 1m
2025-11-21 06:00:26.610 - INFO - [HISTORICAL] OHLCV Data - CAPITALCOM:US100 (Timeframe: 1m) - 539 records
2025-11-21 06:00:26.610 - INFO - US100 M1 2025-11-21 05:57:00,000 O:24070.4 H:24080.6 L:24064.3 C:24077.8 V:151
2025-11-21 06:00:26.611 - INFO - US100 M1 2025-11-21 05:58:00,000 O:24077.9 H:24077.9 L:24062.7 C:24067.2 V:161
2025-11-21 06:00:26.611 - INFO - US100 M1 2025-11-21 05:59:00,000 O:24067.8 H:24075.5 L:24066.1 C:24067.1 V:141
2025-11-21 06:00:26.630 - INFO - Converted 539/539 valid records for CAPITALCOM:US100
2025-11-21 06:00:26.641 - INFO - ✅ Cấu hình thành công CAPITALCOM:US30 (Khung thời gian: 1m)
2025-11-21 06:00:26.684 - INFO - ✅ Successfully inserted 539 records for CAPITALCOM:US100 (timeframe: 1m) in 0.05s
2025-11-21 06:00:26.684 - INFO - ✅ Saved CAPITALCOM:US100 1m | Progress: 10/208 (Remaining: 198)
2025-11-21 06:00:26.791 - INFO - Processed 540 records for CAPITALCOM:US30 1m
2025-11-21 06:00:26.791 - INFO - [HISTORICAL] OHLCV Data - CAPITALCOM:US30 (Timeframe: 1m) - 539 records
2025-11-21 06:00:26.792 - INFO - US30 M1 2025-11-21 05:57:00,000 O:45911.9 H:45919.5 L:45907.4 C:45916 V:75
2025-11-21 06:00:26.792 - INFO - US30 M1 2025-11-21 05:58:00,000 O:45916.5 H:45916.5 L:45904.4 C:45908 V:86
2025-11-21 06:00:26.792 - INFO - US30 M1 2025-11-21 05:59:00,000 O:45907.5 H:45914 L:45905.2 C:45905.7 V:78
2025-11-21 06:00:26.803 - INFO - Converted 539/539 valid records for CAPITALCOM:US30
2025-11-21 06:00:26.842 - INFO - ✅ Cấu hình thành công CAPITALCOM:US500 (Khung thời gian: 1m)
2025-11-21 06:00:26.846 - INFO - ✅ Successfully inserted 539 records for CAPITALCOM:US30 (timeframe: 1m) in 0.04s
2025-11-21 06:00:26.846 - INFO - ✅ Saved CAPITALCOM:US30 1m | Progress: 11/208 (Remaining: 197)
2025-11-21 06:00:27.008 - INFO - Processed 540 records for CAPITALCOM:US500 1m
2025-11-21 06:00:27.008 - INFO - [HISTORICAL] OHLCV Data - CAPITALCOM:US500 (Timeframe: 1m) - 539 records
2025-11-21 06:00:27.008 - INFO - US500 M1 2025-11-21 05:57:00,000 O:6554.7 H:6556.1 L:6553.7 C:6555.6 V:65
2025-11-21 06:00:27.009 - INFO - US500 M1 2025-11-21 05:58:00,000 O:6555.2 H:6555.4 L:6553.3 C:6554.3 V:54
2025-11-21 06:00:27.009 - INFO - US500 M1 2025-11-21 05:59:00,000 O:6554.1 H:6555.1 L:6553.8 C:6553.8 V:52
2025-11-21 06:00:27.019 - INFO - Converted 539/539 valid records for CAPITALCOM:US500
2025-11-21 06:00:27.045 - INFO - ✅ Cấu hình thành công CAPITALCOM:GOLD (Khung thời gian: 1m)
2025-11-21 06:00:27.045 - INFO - Completed timeframe 1m, waiting 4s...
2025-11-21 06:00:27.056 - INFO - ✅ Successfully inserted 539 records for CAPITALCOM:US500 (timeframe: 1m) in 0.03s
2025-11-21 06:00:27.056 - INFO - ✅ Saved CAPITALCOM:US500 1m | Progress: 12/208 (Remaining: 196)
2025-11-21 06:00:27.217 - INFO - Processed 540 records for CAPITALCOM:GOLD 1m
2025-11-21 06:00:27.218 - INFO - [HISTORICAL] OHLCV Data - CAPITALCOM:GOLD (Timeframe: 1m) - 539 records
2025-11-21 06:00:27.218 - INFO - GOLD M1 2025-11-21 05:57:00,000 O:4057.27 H:4058.17 L:4046 C:4047.02 V:846
2025-11-21 06:00:27.219 - INFO - GOLD M1 2025-11-21 05:58:00,000 O:4047.06 H:4059.66 L:4046.59 C:4056.79 V:741
2025-11-21 06:00:27.219 - INFO - GOLD M1 2025-11-21 05:59:00,000 O:4056.8 H:4059.34 L:4055.18 C:4058.56 V:502
2025-11-21 06:00:27.236 - INFO - Converted 539/539 valid records for CAPITALCOM:GOLD
2025-11-21 06:00:27.294 - INFO - ✅ Successfully inserted 539 records for CAPITALCOM:GOLD (timeframe: 1m) in 0.05s
2025-11-21 06:00:27.295 - INFO - ✅ Saved CAPITALCOM:GOLD 1m | Progress: 13/208 (Remaining: 195)
2025-11-21 06:00:29.617 - INFO - Received SIGINT, shutting down gracefully...
2025-11-21 06:00:57.815 - INFO - Starting TradingView Historical Data Collector...
2025-11-21 06:00:57.818 - INFO - Calculated bars needed: 541
2025-11-21 06:00:57.824 - INFO - ✅ Successfully loaded authentication token from CSV
2025-11-21 06:00:57.825 - INFO - Lưu token xác thực: eyJhbGciOiJSUzUxMiIsImtpZCI6IkdaeFUiLCJ0eXAiOiJKV1QifQ.eyJ1c2VyX2lkIjo1MDkwMTIzMSwiZXhwIjoxNzYxNzY2MjY3LCJpYXQiOjE3NjE3NTE4NjcsInBsYW4iOiJwcm9fcHJlbWl1bSIsInByb3N0YXR1cyI6Im5vbl9wcm8iLCJleHRfaG91cnMiOjEsInBlcm0iOiIiLCJzdHVkeV9wZXJtIjoidHYtY2hhcnRfcGF0dGVybnMsdHYtY2hhcnRwYXR0ZXJucyx0di1wcm9zdHVkaWVzLHR2LXZvbHVtZWJ5cHJpY2UiLCJtYXhfc3R1ZGllcyI6MjUsIm1heF9mdW5kYW1lbnRhbHMiOjEwLCJtYXhfY2hhcnRzIjo4LCJtYXhfYWN0aXZlX2FsZXJ0cyI6NDAwLCJtYXhfc3R1ZHlfb25fc3R1ZHkiOjI0LCJmaWVsZHNfcGVybWlzc2lvbnMiOlsicmVmYm9uZHMiXSwibWF4X2FsZXJ0X2NvbmRpdGlvbnMiOjUsIm1heF9vdmVyYWxsX2FsZXJ0cyI6MjAwMCwibWF4X292ZXJhbGxfd2F0Y2hsaXN0X2FsZXJ0cyI6NSwibWF4X2FjdGl2ZV9wcmltaXRpdmVfYWxlcnRzIjo0MDAsIm1heF9hY3RpdmVfY29tcGxleF9hbGVydHMiOjQwMCwibWF4X2FjdGl2ZV93YXRjaGxpc3RfYWxlcnRzIjoyLCJtYXhfY29ubmVjdGlvbnMiOjUwfQ.e9tp_3f_chfHbIUjGxH3zX57aYHFeZTE5ndobrPYx369Zg0GoLjNcQ7Yt7RyFhnfI1iyY0eFHplNYuC5bKb5p9YNm7mxMAdy_cAhFpgZoqPNnpLRKC8qV9GzVrmTaDAfJQ9cV7vU4YMv2uQWI69mnKrbJXpCa1XRbpdsU0ytF0k
2025-11-21 06:00:57.861 - INFO - Fetched 19 active timeframes
2025-11-21 06:00:57.861 - INFO - Timeframes: {"1":["M1",1],"2":["M2",2],"3":["M3",3],"4":["M4",4],"5":["M5",5],"10":["M10",10],"15":["M15",15],"20":["M20",20],"30":["M30",30],"45":["M45",45],"60":["H1",60],"90":["M90",90],"120":["H2",120],"180":["H3",180],"240":["H4",240],"360":["H6",360],"D":["D",1440],"W":["W",10080],"M":["MN",43200]}
2025-11-21 06:00:57.867 - INFO - Fetched 13 active assets
2025-11-21 06:00:57.868 - INFO - Total symbols from DB: 247
2025-11-21 06:00:57.868 - INFO - Configured symbols: [["CAPITALCOM:BTCUSD","1","USD"],["CAPITALCOM:BTCUSD","2","USD"],["CAPITALCOM:BTCUSD","3","USD"],["CAPITALCOM:BTCUSD","4","USD"],["CAPITALCOM:BTCUSD","5","USD"]]...
2025-11-21 06:00:57.869 - INFO - Filter timeframes: last_time=2025-11-21 01:59:26, now=2025-11-21 06:00:57
2025-11-21 06:00:57.870 - WARN - Skipped timeframe M: cannot convert to minutes
2025-11-21 06:00:57.870 - INFO - Selected timeframes: 1, 2, 3, 4, 5, 10, 15, 20, 30, 45, 60, 90, 120, 180, 240, 360
2025-11-21 06:00:57.870 - INFO - Selected 16 timeframe(s) for this run. Symbol-timeframe pairs after filter: 208
2025-11-21 06:00:57.870 - INFO - 📊 Lưu 208 cặp biểu tượng-khung thời gian
2025-11-21 06:00:58.151 - INFO - ✅ Kết nối WebSocket thành công
2025-11-21 06:00:58.159 - INFO - Total symbol-timeframe pairs to process: 208
2025-11-21 06:00:58.160 - INFO - Processing timeframe 1m...
2025-11-21 06:00:58.365 - INFO - ✅ Cấu hình thành công CAPITALCOM:BTCUSD (Khung thời gian: 1m)
2025-11-21 06:00:58.531 - INFO - Processed 541 records for CAPITALCOM:BTCUSD 1m
2025-11-21 06:00:58.531 - INFO - [HISTORICAL] OHLCV Data - CAPITALCOM:BTCUSD (Timeframe: 1m) - 540 records
2025-11-21 06:00:58.532 - INFO - BTCUSD M1 2025-11-21 05:57:00,000 O:85987.65 H:86077.6 L:85985.6 C:86077.55 V:836
2025-11-21 06:00:58.532 - INFO - BTCUSD M1 2025-11-21 05:58:00,000 O:86077.6 H:86087.3 L:85996.35 C:86001.6 V:805
2025-11-21 06:00:58.532 - INFO - BTCUSD M1 2025-11-21 05:59:00,000 O:86000.6 H:86077.1 L:85998.45 C:86051.55 V:736
2025-11-21 06:00:58.548 - INFO - Converted 540/540 valid records for CAPITALCOM:BTCUSD
2025-11-21 06:00:58.573 - INFO - ✅ Cấu hình thành công CAPITALCOM:AU200AU (Khung thời gian: 1m)
2025-11-21 06:00:58.599 - INFO - ✅ Successfully inserted 540 records for CAPITALCOM:BTCUSD (timeframe: 1m) in 0.05s
2025-11-21 06:00:58.600 - INFO - ✅ Saved CAPITALCOM:BTCUSD 1m | Progress: 1/208 (Remaining: 207)
2025-11-21 06:00:58.729 - INFO - Processed 541 records for CAPITALCOM:AU200AU 1m
2025-11-21 06:00:58.729 - INFO - [HISTORICAL] OHLCV Data - CAPITALCOM:AU200AU (Timeframe: 1m) - 540 records
2025-11-21 06:00:58.729 - INFO - AU200AU M1 2025-11-21 05:26:00,000 O:8429.1 H:8431.1 L:8429.1 C:8430.1 V:12
2025-11-21 06:00:58.729 - INFO - AU200AU M1 2025-11-21 05:27:00,000 O:8431.1 H:8431.1 L:8428.1 C:8428.1 V:8
2025-11-21 06:00:58.729 - INFO - AU200AU M1 2025-11-21 05:28:00,000 O:8429.1 H:8429.1 L:8424.1 C:8424.1 V:8
2025-11-21 06:00:58.741 - INFO - Converted 540/540 valid records for CAPITALCOM:AU200AU
2025-11-21 06:00:58.759 - INFO - ✅ Successfully inserted 540 records for CAPITALCOM:AU200AU (timeframe: 1m) in 0.01s
2025-11-21 06:00:58.759 - INFO - ✅ Saved CAPITALCOM:AU200AU 1m | Progress: 2/208 (Remaining: 206)
2025-11-21 06:00:58.780 - INFO - ✅ Cấu hình thành công BINANCE:BTCUSD (Khung thời gian: 1m)
2025-11-21 06:00:58.944 - INFO - Processed 541 records for BINANCE:BTCUSD 1m
2025-11-21 06:00:58.945 - INFO - [HISTORICAL] OHLCV Data - BINANCE:BTCUSD (Timeframe: 1m) - 540 records
2025-11-21 06:00:58.945 - INFO - BTCUSD M1 2025-11-21 05:57:00,000 O:86039.51 H:86101.95 L:86033.77 C:86101.95 V:0.025
2025-11-21 06:00:58.945 - INFO - BTCUSD M1 2025-11-21 05:58:00,000 O:86107.73 H:86121.42 L:86044.96 C:86044.96 V:0.2355
2025-11-21 06:00:58.945 - INFO - BTCUSD M1 2025-11-21 05:59:00,000 O:86059.04 H:86127.3 L:86059.04 C:86107.44 V:0.09092
2025-11-21 06:00:58.955 - INFO - Converted 540/540 valid records for BINANCE:BTCUSD
2025-11-21 06:00:58.979 - INFO - ✅ Cấu hình thành công CAPITALCOM:DE40 (Khung thời gian: 1m)
2025-11-21 06:00:58.980 - INFO - ✅ Successfully inserted 540 records for BINANCE:BTCUSD (timeframe: 1m) in 0.02s
2025-11-21 06:00:58.980 - INFO - ✅ Saved BINANCE:BTCUSD 1m | Progress: 3/208 (Remaining: 205)
2025-11-21 06:00:59.138 - INFO - Processed 541 records for CAPITALCOM:DE40 1m
2025-11-21 06:00:59.138 - INFO - [HISTORICAL] OHLCV Data - CAPITALCOM:DE40 (Timeframe: 1m) - 540 records
2025-11-21 06:00:59.138 - INFO - DE40 M1 2025-11-21 05:57:00,000 O:22974.2 H:22978.3 L:22972.1 C:22977.8 V:26
2025-11-21 06:00:59.138 - INFO - DE40 M1 2025-11-21 05:58:00,000 O:22977.3 H:22977.8 L:22972.7 C:22973.2 V:16
2025-11-21 06:00:59.138 - INFO - DE40 M1 2025-11-21 05:59:00,000 O:22975.2 H:22978.1 L:22974.7 C:22976.7 V:25
2025-11-21 06:00:59.147 - INFO - Converted 540/540 valid records for CAPITALCOM:DE40
2025-11-21 06:00:59.165 - INFO - ✅ Successfully inserted 540 records for CAPITALCOM:DE40 (timeframe: 1m) in 0.01s
2025-11-21 06:00:59.165 - INFO - ✅ Saved CAPITALCOM:DE40 1m | Progress: 4/208 (Remaining: 204)
2025-11-21 06:00:59.193 - INFO - ✅ Cấu hình thành công CAPITALCOM:FR40 (Khung thời gian: 1m)
2025-11-21 06:00:59.348 - INFO - Processed 541 records for CAPITALCOM:FR40 1m
2025-11-21 06:00:59.348 - INFO - [HISTORICAL] OHLCV Data - CAPITALCOM:FR40 (Timeframe: 1m) - 540 records
2025-11-21 06:00:59.349 - INFO - FR40 M1 2025-11-21 05:57:00,000 O:7904.1 H:7906.7 L:7903.5 C:7906 V:10
2025-11-21 06:00:59.349 - INFO - FR40 M1 2025-11-21 05:58:00,000 O:7905.4 H:7905.4 L:7903.5 C:7904.1 V:11
2025-11-21 06:00:59.349 - INFO - FR40 M1 2025-11-21 05:59:00,000 O:7904.8 H:7906 L:7904.1 C:7904.8 V:10
2025-11-21 06:00:59.358 - INFO - Converted 540/540 valid records for CAPITALCOM:FR40
2025-11-21 06:00:59.381 - INFO - ✅ Successfully inserted 540 records for CAPITALCOM:FR40 (timeframe: 1m) in 0.02s
2025-11-21 06:00:59.381 - INFO - ✅ Saved CAPITALCOM:FR40 1m | Progress: 5/208 (Remaining: 203)
2025-11-21 06:00:59.400 - INFO - ✅ Cấu hình thành công CAPITALCOM:HK50 (Khung thời gian: 1m)
2025-11-21 06:00:59.558 - INFO - Processed 541 records for CAPITALCOM:HK50 1m
2025-11-21 06:00:59.559 - INFO - [HISTORICAL] OHLCV Data - CAPITALCOM:HK50 (Timeframe: 1m) - 540 records
2025-11-21 06:00:59.559 - INFO - HK50 M1 2025-11-21 05:57:00,000 O:25384 H:25405.7 L:25384 C:25405.7 V:105
2025-11-21 06:00:59.559 - INFO - HK50 M1 2025-11-21 05:58:00,000 O:25406.2 H:25408.7 L:25389.7 C:25396.5 V:109
2025-11-21 06:00:59.559 - INFO - HK50 M1 2025-11-21 05:59:00,000 O:25398.5 H:25407.6 L:25389.7 C:25395.8 V:116
2025-11-21 06:00:59.568 - INFO - Converted 540/540 valid records for CAPITALCOM:HK50
2025-11-21 06:00:59.586 - INFO - ✅ Successfully inserted 540 records for CAPITALCOM:HK50 (timeframe: 1m) in 0.02s
2025-11-21 06:00:59.586 - INFO - ✅ Saved CAPITALCOM:HK50 1m | Progress: 6/208 (Remaining: 202)
2025-11-21 06:00:59.603 - INFO - ✅ Cấu hình thành công CAPITALCOM:J225 (Khung thời gian: 1m)
2025-11-21 06:00:59.777 - INFO - Processed 541 records for CAPITALCOM:J225 1m
2025-11-21 06:00:59.777 - INFO - [HISTORICAL] OHLCV Data - CAPITALCOM:J225 (Timeframe: 1m) - 540 records
2025-11-21 06:00:59.777 - INFO - J225 M1 2025-11-21 05:57:00,000 O:48654.4 H:48684.8 L:48626.8 C:48682.1 V:81
2025-11-21 06:00:59.778 - INFO - J225 M1 2025-11-21 05:58:00,000 O:48679.6 H:48679.6 L:48643.5 C:48654.9 V:61
2025-11-21 06:00:59.778 - INFO - J225 M1 2025-11-21 05:59:00,000 O:48657.4 H:48675.5 L:48648.2 C:48665.1 V:49
2025-11-21 06:00:59.786 - INFO - Converted 540/540 valid records for CAPITALCOM:J225
2025-11-21 06:00:59.803 - INFO - ✅ Cấu hình thành công CAPITALCOM:SP35 (Khung thời gian: 1m)
2025-11-21 06:00:59.804 - INFO - ✅ Successfully inserted 540 records for CAPITALCOM:J225 (timeframe: 1m) in 0.02s
2025-11-21 06:00:59.805 - INFO - ✅ Saved CAPITALCOM:J225 1m | Progress: 7/208 (Remaining: 201)
2025-11-21 06:00:59.962 - INFO - Processed 541 records for CAPITALCOM:SP35 1m
2025-11-21 06:00:59.962 - INFO - [HISTORICAL] OHLCV Data - CAPITALCOM:SP35 (Timeframe: 1m) - 540 records
2025-11-21 06:00:59.962 - INFO - SP35 M1 2025-11-20 18:56:00,000 O:15795.9 H:15795.9 L:15785.9 C:15788.4 V:7
2025-11-21 06:00:59.962 - INFO - SP35 M1 2025-11-20 18:57:00,000 O:15788.9 H:15791.9 L:15788.9 C:15791.9 V:6
2025-11-21 06:00:59.963 - INFO - SP35 M1 2025-11-20 18:58:00,000 O:15792.4 H:15796.9 L:15792.4 C:15796.9 V:3
2025-11-21 06:00:59.971 - INFO - Converted 540/540 valid records for CAPITALCOM:SP35
2025-11-21 06:01:00.003 - INFO - ✅ Successfully inserted 540 records for CAPITALCOM:SP35 (timeframe: 1m) in 0.03s
2025-11-21 06:01:00.003 - INFO - ✅ Saved CAPITALCOM:SP35 1m | Progress: 8/208 (Remaining: 200)
2025-11-21 06:01:00.003 - INFO - ✅ Cấu hình thành công CAPITALCOM:UK100 (Khung thời gian: 1m)
2025-11-21 06:01:00.154 - INFO - Processed 541 records for CAPITALCOM:UK100 1m
2025-11-21 06:01:00.155 - INFO - [HISTORICAL] OHLCV Data - CAPITALCOM:UK100 (Timeframe: 1m) - 540 records
2025-11-21 06:01:00.155 - INFO - UK100 M1 2025-11-21 05:57:00,000 O:9447.5 H:9448.8 L:9447.1 C:9448.6 V:19
2025-11-21 06:01:00.155 - INFO - UK100 M1 2025-11-21 05:58:00,000 O:9448.3 H:9448.6 L:9447.3 C:9447.4 V:8
2025-11-21 06:01:00.155 - INFO - UK100 M1 2025-11-21 05:59:00,000 O:9447.6 H:9448.1 L:9447.4 C:9447.6 V:17
2025-11-21 06:01:00.163 - INFO - Converted 540/540 valid records for CAPITALCOM:UK100
2025-11-21 06:01:00.182 - INFO - ✅ Successfully inserted 540 records for CAPITALCOM:UK100 (timeframe: 1m) in 0.02s
2025-11-21 06:01:00.183 - INFO - ✅ Saved CAPITALCOM:UK100 1m | Progress: 9/208 (Remaining: 199)
2025-11-21 06:01:00.207 - INFO - ✅ Cấu hình thành công CAPITALCOM:US100 (Khung thời gian: 1m)
2025-11-21 06:01:00.365 - INFO - Processed 541 records for CAPITALCOM:US100 1m
2025-11-21 06:01:00.365 - INFO - [HISTORICAL] OHLCV Data - CAPITALCOM:US100 (Timeframe: 1m) - 540 records
2025-11-21 06:01:00.365 - INFO - US100 M1 2025-11-21 05:57:00,000 O:24070.4 H:24080.6 L:24064.3 C:24077.8 V:151
2025-11-21 06:01:00.365 - INFO - US100 M1 2025-11-21 05:58:00,000 O:24077.9 H:24077.9 L:24062.7 C:24067.2 V:161
2025-11-21 06:01:00.365 - INFO - US100 M1 2025-11-21 05:59:00,000 O:24067.8 H:24075.5 L:24066.1 C:24067.1 V:141
2025-11-21 06:01:00.373 - INFO - Converted 540/540 valid records for CAPITALCOM:US100
2025-11-21 06:01:00.391 - INFO - ✅ Successfully inserted 540 records for CAPITALCOM:US100 (timeframe: 1m) in 0.02s
2025-11-21 06:01:00.391 - INFO - ✅ Saved CAPITALCOM:US100 1m | Progress: 10/208 (Remaining: 198)
2025-11-21 06:01:00.409 - INFO - ✅ Cấu hình thành công CAPITALCOM:US30 (Khung thời gian: 1m)
2025-11-21 06:01:00.565 - INFO - Processed 541 records for CAPITALCOM:US30 1m
2025-11-21 06:01:00.566 - INFO - [HISTORICAL] OHLCV Data - CAPITALCOM:US30 (Timeframe: 1m) - 540 records
2025-11-21 06:01:00.566 - INFO - US30 M1 2025-11-21 05:57:00,000 O:45911.9 H:45919.5 L:45907.4 C:45916 V:75
2025-11-21 06:01:00.566 - INFO - US30 M1 2025-11-21 05:58:00,000 O:45916.5 H:45916.5 L:45904.4 C:45908 V:86
2025-11-21 06:01:00.566 - INFO - US30 M1 2025-11-21 05:59:00,000 O:45907.5 H:45914 L:45905.2 C:45905.7 V:78
2025-11-21 06:01:00.575 - INFO - Converted 540/540 valid records for CAPITALCOM:US30
2025-11-21 06:01:00.597 - INFO - ✅ Successfully inserted 540 records for CAPITALCOM:US30 (timeframe: 1m) in 0.02s
2025-11-21 06:01:00.597 - INFO - ✅ Saved CAPITALCOM:US30 1m | Progress: 11/208 (Remaining: 197)
2025-11-21 06:01:00.618 - INFO - ✅ Cấu hình thành công CAPITALCOM:US500 (Khung thời gian: 1m)
2025-11-21 06:01:00.774 - INFO - Processed 541 records for CAPITALCOM:US500 1m
2025-11-21 06:01:00.775 - INFO - [HISTORICAL] OHLCV Data - CAPITALCOM:US500 (Timeframe: 1m) - 540 records
2025-11-21 06:01:00.775 - INFO - US500 M1 2025-11-21 05:57:00,000 O:6554.7 H:6556.1 L:6553.7 C:6555.6 V:65
2025-11-21 06:01:00.775 - INFO - US500 M1 2025-11-21 05:58:00,000 O:6555.2 H:6555.4 L:6553.3 C:6554.3 V:54
2025-11-21 06:01:00.775 - INFO - US500 M1 2025-11-21 05:59:00,000 O:6554.1 H:6555.1 L:6553.8 C:6553.8 V:52
2025-11-21 06:01:00.784 - INFO - Converted 540/540 valid records for CAPITALCOM:US500
2025-11-21 06:01:00.784 - INFO - Processed 1 records for CAPITALCOM:BTCUSD 1m
2025-11-21 06:01:00.803 - INFO - ✅ Successfully inserted 540 records for CAPITALCOM:US500 (timeframe: 1m) in 0.02s
2025-11-21 06:01:00.803 - INFO - ✅ Saved CAPITALCOM:US500 1m | Progress: 12/208 (Remaining: 196)
2025-11-21 06:01:00.825 - INFO - ✅ Cấu hình thành công CAPITALCOM:GOLD (Khung thời gian: 1m)
2025-11-21 06:01:00.825 - INFO - Completed timeframe 1m, waiting 4s...
2025-11-21 06:01:00.986 - INFO - Processed 541 records for CAPITALCOM:GOLD 1m
2025-11-21 06:01:00.986 - INFO - [HISTORICAL] OHLCV Data - CAPITALCOM:GOLD (Timeframe: 1m) - 540 records
2025-11-21 06:01:00.986 - INFO - GOLD M1 2025-11-21 05:57:00,000 O:4057.27 H:4058.17 L:4046 C:4047.02 V:846
2025-11-21 06:01:00.986 - INFO - GOLD M1 2025-11-21 05:58:00,000 O:4047.06 H:4059.66 L:4046.59 C:4056.79 V:741
2025-11-21 06:01:00.987 - INFO - GOLD M1 2025-11-21 05:59:00,000 O:4056.8 H:4059.34 L:4055.18 C:4058.56 V:502
2025-11-21 06:01:00.994 - INFO - Converted 540/540 valid records for CAPITALCOM:GOLD
2025-11-21 06:01:01.013 - INFO - ✅ Successfully inserted 540 records for CAPITALCOM:GOLD (timeframe: 1m) in 0.02s
2025-11-21 06:01:01.013 - INFO - ✅ Saved CAPITALCOM:GOLD 1m | Progress: 13/208 (Remaining: 195)
2025-11-21 06:01:01.229 - INFO - Processed 1 records for CAPITALCOM:HK50 1m
2025-11-21 06:01:01.229 - INFO - Processed 1 records for CAPITALCOM:US100 1m
2025-11-21 06:01:01.229 - INFO - Processed 1 records for CAPITALCOM:DE40 1m
2025-11-21 06:01:01.328 - INFO - Processed 1 records for CAPITALCOM:GOLD 1m
2025-11-21 06:01:02.228 - INFO - Processed 1 records for CAPITALCOM:J225 1m
2025-11-21 06:01:02.228 - INFO - Processed 1 records for CAPITALCOM:UK100 1m
2025-11-21 06:01:02.229 - INFO - Processed 1 records for CAPITALCOM:US500 1m
2025-11-21 06:01:02.229 - INFO - Processed 1 records for CAPITALCOM:US30 1m
2025-11-21 06:01:04.623 - INFO - Processed 1 records for BINANCE:BTCUSD 1m
2025-11-21 06:01:04.829 - INFO - Processing timeframe 2m...
2025-11-21 06:01:05.033 - INFO - ✅ Cấu hình thành công CAPITALCOM:BTCUSD (Khung thời gian: 2m)
2025-11-21 06:01:05.238 - INFO - ✅ Cấu hình thành công CAPITALCOM:AU200AU (Khung thời gian: 2m)
2025-11-21 06:01:05.442 - INFO - ✅ Cấu hình thành công BINANCE:BTCUSD (Khung thời gian: 2m)
2025-11-21 06:01:05.644 - INFO - ✅ Cấu hình thành công CAPITALCOM:DE40 (Khung thời gian: 2m)
2025-11-21 06:01:05.848 - INFO - ✅ Cấu hình thành công CAPITALCOM:FR40 (Khung thời gian: 2m)
2025-11-21 06:01:06.051 - INFO - ✅ Cấu hình thành công CAPITALCOM:HK50 (Khung thời gian: 2m)
2025-11-21 06:01:06.252 - INFO - ✅ Cấu hình thành công CAPITALCOM:J225 (Khung thời gian: 2m)
2025-11-21 06:01:06.456 - INFO - ✅ Cấu hình thành công CAPITALCOM:SP35 (Khung thời gian: 2m)
2025-11-21 06:01:06.659 - INFO - ✅ Cấu hình thành công CAPITALCOM:UK100 (Khung thời gian: 2m)
2025-11-21 06:01:06.874 - INFO - ✅ Cấu hình thành công CAPITALCOM:US100 (Khung thời gian: 2m)
2025-11-21 06:01:07.075 - INFO - ✅ Cấu hình thành công CAPITALCOM:US30 (Khung thời gian: 2m)
2025-11-21 06:01:07.281 - INFO - ✅ Cấu hình thành công CAPITALCOM:US500 (Khung thời gian: 2m)
2025-11-21 06:01:07.483 - INFO - ✅ Cấu hình thành công CAPITALCOM:GOLD (Khung thời gian: 2m)
2025-11-21 06:01:07.484 - INFO - Completed timeframe 2m, waiting 4s...
2025-11-21 06:01:08.334 - INFO - Heartbeat received: ~m~4~m~~h~1
2025-11-21 06:01:08.335 - INFO - Echoed heartbeat: ~m~4~m~~h~1
2025-11-21 06:01:08.335 - INFO - WebSocket still active
2025-11-21 06:01:11.497 - INFO - Processing timeframe 3m...
2025-11-21 06:01:11.698 - INFO - ✅ Cấu hình thành công CAPITALCOM:BTCUSD (Khung thời gian: 3m)
2025-11-21 06:01:11.865 - INFO - Processed 541 records for CAPITALCOM:BTCUSD 3m
2025-11-21 06:01:11.865 - INFO - [HISTORICAL] OHLCV Data - CAPITALCOM:BTCUSD (Timeframe: 3m) - 540 records
2025-11-21 06:01:11.866 - INFO - BTCUSD M3 2025-11-21 05:51:00,000 O:86012.25 H:86036.95 L:85962.4 C:85972.3 V:2027
2025-11-21 06:01:11.866 - INFO - BTCUSD M3 2025-11-21 05:54:00,000 O:85972.4 H:86074.8 L:85924.5 C:85987.15 V:2204
2025-11-21 06:01:11.866 - INFO - BTCUSD M3 2025-11-21 05:57:00,000 O:85987.65 H:86087.3 L:85985.6 C:86051.55 V:2377
2025-11-21 06:01:11.884 - INFO - Converted 540/540 valid records for CAPITALCOM:BTCUSD
2025-11-21 06:01:11.905 - INFO - ✅ Cấu hình thành công CAPITALCOM:AU200AU (Khung thời gian: 3m)
2025-11-21 06:01:11.995 - INFO - ✅ Successfully inserted 540 records for CAPITALCOM:BTCUSD (timeframe: 3m) in 0.11s
2025-11-21 06:01:11.995 - INFO - ✅ Saved CAPITALCOM:BTCUSD 3m | Progress: 14/208 (Remaining: 194)
2025-11-21 06:01:12.108 - INFO - ✅ Cấu hình thành công BINANCE:BTCUSD (Khung thời gian: 3m)
2025-11-21 06:01:12.213 - INFO - Processed 541 records for CAPITALCOM:AU200AU 3m
2025-11-21 06:01:12.213 - INFO - [HISTORICAL] OHLCV Data - CAPITALCOM:AU200AU (Timeframe: 3m) - 540 records
2025-11-21 06:01:12.213 - INFO - AU200AU M3 2025-11-21 05:18:00,000 O:8426.1 H:8427.1 L:8423.1 C:8423.1 V:30
2025-11-21 06:01:12.213 - INFO - AU200AU M3 2025-11-21 05:21:00,000 O:8424.1 H:8427.1 L:8424.1 C:8425.1 V:46
2025-11-21 06:01:12.213 - INFO - AU200AU M3 2025-11-21 05:24:00,000 O:8426.1 H:8431.1 L:8425.1 C:8430.1 V:51
2025-11-21 06:01:12.224 - INFO - Converted 540/540 valid records for CAPITALCOM:AU200AU
2025-11-21 06:01:12.293 - INFO - ✅ Successfully inserted 540 records for CAPITALCOM:AU200AU (timeframe: 3m) in 0.07s
2025-11-21 06:01:12.294 - INFO - ✅ Saved CAPITALCOM:AU200AU 3m | Progress: 15/208 (Remaining: 193)
2025-11-21 06:01:12.301 - INFO - Processed 541 records for BINANCE:BTCUSD 3m
2025-11-21 06:01:12.301 - INFO - [HISTORICAL] OHLCV Data - BINANCE:BTCUSD (Timeframe: 3m) - 540 records
2025-11-21 06:01:12.302 - INFO - BTCUSD M3 2025-11-21 05:51:00,000 O:86059.97 H:86080.6 L:85998.99 C:86007.14 V:0.49097
2025-11-21 06:01:12.302 - INFO - BTCUSD M3 2025-11-21 05:54:00,000 O:86005.77 H:86111.46 L:85959.25 C:86030.32 V:0.33863
2025-11-21 06:01:12.302 - INFO - BTCUSD M3 2025-11-21 05:57:00,000 O:86039.51 H:86127.3 L:86033.77 C:86107.44 V:0.35142
2025-11-21 06:01:12.312 - INFO - Converted 540/540 valid records for BINANCE:BTCUSD
2025-11-21 06:01:12.313 - INFO - ✅ Cấu hình thành công CAPITALCOM:DE40 (Khung thời gian: 3m)
2025-11-21 06:01:12.421 - INFO - ✅ Successfully inserted 540 records for BINANCE:BTCUSD (timeframe: 3m) in 0.11s
2025-11-21 06:01:12.421 - INFO - ✅ Saved BINANCE:BTCUSD 3m | Progress: 16/208 (Remaining: 192)
2025-11-21 06:01:12.467 - INFO - Processed 541 records for CAPITALCOM:DE40 3m
2025-11-21 06:01:12.468 - INFO - [HISTORICAL] OHLCV Data - CAPITALCOM:DE40 (Timeframe: 3m) - 540 records
2025-11-21 06:01:12.468 - INFO - DE40 M3 2025-11-21 05:51:00,000 O:22974.3 H:22977.8 L:22965.2 C:22968.9 V:69
2025-11-21 06:01:12.468 - INFO - DE40 M3 2025-11-21 05:54:00,000 O:22968.4 H:22975.2 L:22964.4 C:22973.2 V:56
2025-11-21 06:01:12.468 - INFO - DE40 M3 2025-11-21 05:57:00,000 O:22974.2 H:22978.3 L:22972.1 C:22976.7 V:67
2025-11-21 06:01:12.477 - INFO - Converted 540/540 valid records for CAPITALCOM:DE40
2025-11-21 06:01:12.519 - INFO - ✅ Cấu hình thành công CAPITALCOM:FR40 (Khung thời gian: 3m)
2025-11-21 06:01:12.562 - INFO - ✅ Successfully inserted 540 records for CAPITALCOM:DE40 (timeframe: 3m) in 0.08s
2025-11-21 06:01:12.563 - INFO - ✅ Saved CAPITALCOM:DE40 3m | Progress: 17/208 (Remaining: 191)
2025-11-21 06:01:12.670 - INFO - Processed 541 records for CAPITALCOM:FR40 3m
2025-11-21 06:01:12.671 - INFO - [HISTORICAL] OHLCV Data - CAPITALCOM:FR40 (Timeframe: 3m) - 540 records
2025-11-21 06:01:12.671 - INFO - FR40 M3 2025-11-21 05:51:00,000 O:7904.1 H:7905.4 L:7902.2 C:7902.8 V:43
2025-11-21 06:01:12.671 - INFO - FR40 M3 2025-11-21 05:54:00,000 O:7902.2 H:7904.8 L:7902.2 C:7904.8 V:23
2025-11-21 06:01:12.671 - INFO - FR40 M3 2025-11-21 05:57:00,000 O:7904.1 H:7906.7 L:7903.5 C:7904.8 V:31
2025-11-21 06:01:12.681 - INFO - Converted 540/540 valid records for CAPITALCOM:FR40
2025-11-21 06:01:12.716 - INFO - ✅ Successfully inserted 540 records for CAPITALCOM:FR40 (timeframe: 3m) in 0.03s
2025-11-21 06:01:12.716 - INFO - ✅ Saved CAPITALCOM:FR40 3m | Progress: 18/208 (Remaining: 190)
2025-11-21 06:01:12.723 - INFO - ✅ Cấu hình thành công CAPITALCOM:HK50 (Khung thời gian: 3m)
2025-11-21 06:01:12.875 - INFO - Processed 541 records for CAPITALCOM:HK50 3m
2025-11-21 06:01:12.875 - INFO - [HISTORICAL] OHLCV Data - CAPITALCOM:HK50 (Timeframe: 3m) - 540 records
2025-11-21 06:01:12.875 - INFO - HK50 M3 2025-11-21 05:51:00,000 O:25388.8 H:25406.6 L:25379.7 C:25400.2 V:337
2025-11-21 06:01:12.875 - INFO - HK50 M3 2025-11-21 05:54:00,000 O:25404.2 H:25414.1 L:25380.5 C:25382 V:339
2025-11-21 06:01:12.875 - INFO - HK50 M3 2025-11-21 05:57:00,000 O:25384 H:25408.7 L:25384 C:25395.8 V:330
2025-11-21 06:01:12.884 - INFO - Converted 540/540 valid records for CAPITALCOM:HK50
2025-11-21 06:01:12.927 - INFO - ✅ Cấu hình thành công CAPITALCOM:J225 (Khung thời gian: 3m)
2025-11-21 06:01:12.931 - INFO - ✅ Successfully inserted 540 records for CAPITALCOM:HK50 (timeframe: 3m) in 0.04s
2025-11-21 06:01:12.931 - INFO - ✅ Saved CAPITALCOM:HK50 3m | Progress: 19/208 (Remaining: 189)
2025-11-21 06:01:13.083 - INFO - Processed 541 records for CAPITALCOM:J225 3m
2025-11-21 06:01:13.083 - INFO - [HISTORICAL] OHLCV Data - CAPITALCOM:J225 (Timeframe: 3m) - 540 records
2025-11-21 06:01:13.083 - INFO - J225 M3 2025-11-21 05:51:00,000 O:48660 H:48670.7 L:48630.2 C:48651.1 V:176
2025-11-21 06:01:13.083 - INFO - J225 M3 2025-11-21 05:54:00,000 O:48650.4 H:48651.9 L:48620.1 C:48651.9 V:228
2025-11-21 06:01:13.083 - INFO - J225 M3 2025-11-21 05:57:00,000 O:48654.4 H:48684.8 L:48626.8 C:48665.1 V:191
2025-11-21 06:01:13.091 - INFO - Converted 540/540 valid records for CAPITALCOM:J225
2025-11-21 06:01:13.131 - INFO - ✅ Cấu hình thành công CAPITALCOM:SP35 (Khung thời gian: 3m)
2025-11-21 06:01:13.134 - INFO - ✅ Successfully inserted 540 records for CAPITALCOM:J225 (timeframe: 3m) in 0.04s
2025-11-21 06:01:13.134 - INFO - ✅ Saved CAPITALCOM:J225 3m | Progress: 20/208 (Remaining: 188)
2025-11-21 06:01:13.287 - INFO - Processed 541 records for CAPITALCOM:SP35 3m
2025-11-21 06:01:13.287 - INFO - [HISTORICAL] OHLCV Data - CAPITALCOM:SP35 (Timeframe: 3m) - 540 records
2025-11-21 06:01:13.288 - INFO - SP35 M3 2025-11-20 18:48:00,000 O:15814.9 H:15814.9 L:15792.9 C:15801.9 V:31
2025-11-21 06:01:13.288 - INFO - SP35 M3 2025-11-20 18:51:00,000 O:15797.9 H:15799.4 L:15793.9 C:15794.9 V:16
2025-11-21 06:01:13.289 - INFO - SP35 M3 2025-11-20 18:54:00,000 O:15793.9 H:15795.9 L:15785.9 C:15788.4 V:12
2025-11-21 06:01:13.304 - INFO - Converted 540/540 valid records for CAPITALCOM:SP35
2025-11-21 06:01:13.334 - INFO - ✅ Cấu hình thành công CAPITALCOM:UK100 (Khung thời gian: 3m)
2025-11-21 06:01:13.343 - INFO - ✅ Successfully inserted 540 records for CAPITALCOM:SP35 (timeframe: 3m) in 0.04s
2025-11-21 06:01:13.343 - INFO - ✅ Saved CAPITALCOM:SP35 3m | Progress: 21/208 (Remaining: 187)
2025-11-21 06:01:13.486 - INFO - Processed 541 records for CAPITALCOM:UK100 3m
2025-11-21 06:01:13.486 - INFO - [HISTORICAL] OHLCV Data - CAPITALCOM:UK100 (Timeframe: 3m) - 540 records
2025-11-21 06:01:13.486 - INFO - UK100 M3 2025-11-21 05:51:00,000 O:9448.6 H:9448.6 L:9445 C:9445.7 V:50
2025-11-21 06:01:13.486 - INFO - UK100 M3 2025-11-21 05:54:00,000 O:9445.9 H:9447.5 L:9445.4 C:9447.3 V:57
2025-11-21 06:01:13.486 - INFO - UK100 M3 2025-11-21 05:57:00,000 O:9447.5 H:9448.8 L:9447.1 C:9447.6 V:44
2025-11-21 06:01:13.494 - INFO - Converted 540/540 valid records for CAPITALCOM:UK100
2025-11-21 06:01:13.534 - INFO - ✅ Cấu hình thành công CAPITALCOM:US100 (Khung thời gian: 3m)
2025-11-21 06:01:13.535 - INFO - ✅ Successfully inserted 540 records for CAPITALCOM:UK100 (timeframe: 3m) in 0.04s
2025-11-21 06:01:13.535 - INFO - ✅ Saved CAPITALCOM:UK100 3m | Progress: 22/208 (Remaining: 186)
2025-11-21 06:01:13.692 - INFO - Processed 541 records for CAPITALCOM:US100 3m
2025-11-21 06:01:13.692 - INFO - [HISTORICAL] OHLCV Data - CAPITALCOM:US100 (Timeframe: 3m) - 540 records
2025-11-21 06:01:13.692 - INFO - US100 M3 2025-11-21 05:51:00,000 O:24063.3 H:24070 L:24054.3 C:24058.4 V:422
2025-11-21 06:01:13.692 - INFO - US100 M3 2025-11-21 05:54:00,000 O:24058.1 H:24072.9 L:24053.6 C:24070.2 V:456
2025-11-21 06:01:13.693 - INFO - US100 M3 2025-11-21 05:57:00,000 O:24070.4 H:24080.6 L:24062.7 C:24067.1 V:453
2025-11-21 06:01:13.701 - INFO - Converted 540/540 valid records for CAPITALCOM:US100
2025-11-21 06:01:13.738 - INFO - ✅ Cấu hình thành công CAPITALCOM:US30 (Khung thời gian: 3m)
2025-11-21 06:01:13.749 - INFO - ✅ Successfully inserted 540 records for CAPITALCOM:US100 (timeframe: 3m) in 0.04s
2025-11-21 06:01:13.749 - INFO - ✅ Saved CAPITALCOM:US100 3m | Progress: 23/208 (Remaining: 185)
2025-11-21 06:01:13.880 - INFO - Processed 541 records for CAPITALCOM:US30 3m
2025-11-21 06:01:13.881 - INFO - [HISTORICAL] OHLCV Data - CAPITALCOM:US30 (Timeframe: 3m) - 540 records
2025-11-21 06:01:13.881 - INFO - US30 M3 2025-11-21 05:51:00,000 O:45906 H:45911.7 L:45896.3 C:45899.9 V:235
2025-11-21 06:01:13.881 - INFO - US30 M3 2025-11-21 05:54:00,000 O:45899.4 H:45914.4 L:45894.5 C:45911.4 V:216
2025-11-21 06:01:13.882 - INFO - US30 M3 2025-11-21 05:57:00,000 O:45911.9 H:45919.5 L:45904.4 C:45905.7 V:239
2025-11-21 06:01:13.890 - INFO - Converted 540/540 valid records for CAPITALCOM:US30
2025-11-21 06:01:13.936 - INFO - ✅ Successfully inserted 540 records for CAPITALCOM:US30 (timeframe: 3m) in 0.04s
2025-11-21 06:01:13.936 - INFO - ✅ Saved CAPITALCOM:US30 3m | Progress: 24/208 (Remaining: 184)
2025-11-21 06:01:13.940 - INFO - ✅ Cấu hình thành công CAPITALCOM:US500 (Khung thời gian: 3m)
2025-11-21 06:01:14.093 - INFO - Processed 541 records for CAPITALCOM:US500 3m
2025-11-21 06:01:14.093 - INFO - [HISTORICAL] OHLCV Data - CAPITALCOM:US500 (Timeframe: 3m) - 540 records
2025-11-21 06:01:14.093 - INFO - US500 M3 2025-11-21 05:51:00,000 O:6553.4 H:6555.1 L:6552.1 C:6552.6 V:193
2025-11-21 06:01:14.093 - INFO - US500 M3 2025-11-21 05:54:00,000 O:6552.7 H:6555.3 L:6551.7 C:6554.6 V:185
2025-11-21 06:01:14.093 - INFO - US500 M3 2025-11-21 05:57:00,000 O:6554.7 H:6556.1 L:6553.3 C:6553.8 V:171
2025-11-21 06:01:14.100 - INFO - Converted 540/540 valid records for CAPITALCOM:US500
2025-11-21 06:01:14.140 - INFO - ✅ Cấu hình thành công CAPITALCOM:GOLD (Khung thời gian: 3m)
2025-11-21 06:01:14.141 - INFO - Completed timeframe 3m, waiting 4s...
2025-11-21 06:01:14.142 - INFO - ✅ Successfully inserted 540 records for CAPITALCOM:US500 (timeframe: 3m) in 0.04s
2025-11-21 06:01:14.142 - INFO - ✅ Saved CAPITALCOM:US500 3m | Progress: 25/208 (Remaining: 183)
2025-11-21 06:01:14.306 - INFO - Processed 541 records for CAPITALCOM:GOLD 3m
2025-11-21 06:01:14.307 - INFO - [HISTORICAL] OHLCV Data - CAPITALCOM:GOLD (Timeframe: 3m) - 540 records
2025-11-21 06:01:14.307 - INFO - GOLD M3 2025-11-21 05:51:00,000 O:4045.25 H:4045.51 L:4040.86 C:4040.99 V:868
2025-11-21 06:01:14.308 - INFO - GOLD M3 2025-11-21 05:54:00,000 O:4040.97 H:4058.09 L:4039.74 C:4057.2 V:2085
2025-11-21 06:01:14.308 - INFO - GOLD M3 2025-11-21 05:57:00,000 O:4057.27 H:4059.66 L:4046 C:4058.56 V:2089
2025-11-21 06:01:14.336 - INFO - Converted 540/540 valid records for CAPITALCOM:GOLD
2025-11-21 06:01:14.381 - INFO - ✅ Successfully inserted 540 records for CAPITALCOM:GOLD (timeframe: 3m) in 0.04s
2025-11-21 06:01:14.381 - INFO - ✅ Saved CAPITALCOM:GOLD 3m | Progress: 26/208 (Remaining: 182)
2025-11-21 06:01:18.154 - INFO - Processing timeframe 4m...
2025-11-21 06:01:18.165 - INFO - Heartbeat received: ~m~4~m~~h~2
2025-11-21 06:01:18.166 - INFO - Echoed heartbeat: ~m~4~m~~h~2
2025-11-21 06:01:18.359 - INFO - ✅ Cấu hình thành công CAPITALCOM:BTCUSD (Khung thời gian: 4m)
2025-11-21 06:01:18.361 - INFO - WebSocket still active
2025-11-21 06:01:18.562 - INFO - ✅ Cấu hình thành công CAPITALCOM:AU200AU (Khung thời gian: 4m)
2025-11-21 06:01:18.767 - INFO - ✅ Cấu hình thành công BINANCE:BTCUSD (Khung thời gian: 4m)
2025-11-21 06:01:18.974 - INFO - ✅ Cấu hình thành công CAPITALCOM:DE40 (Khung thời gian: 4m)
2025-11-21 06:01:19.179 - INFO - ✅ Cấu hình thành công CAPITALCOM:FR40 (Khung thời gian: 4m)
2025-11-21 06:01:19.383 - INFO - ✅ Cấu hình thành công CAPITALCOM:HK50 (Khung thời gian: 4m)
2025-11-21 06:01:19.590 - INFO - ✅ Cấu hình thành công CAPITALCOM:J225 (Khung thời gian: 4m)
2025-11-21 06:01:19.796 - INFO - ✅ Cấu hình thành công CAPITALCOM:SP35 (Khung thời gian: 4m)
2025-11-21 06:01:19.998 - INFO - ✅ Cấu hình thành công CAPITALCOM:UK100 (Khung thời gian: 4m)
2025-11-21 06:01:20.202 - INFO - ✅ Cấu hình thành công CAPITALCOM:US100 (Khung thời gian: 4m)
2025-11-21 06:01:20.405 - INFO - ✅ Cấu hình thành công CAPITALCOM:US30 (Khung thời gian: 4m)
2025-11-21 06:01:20.605 - INFO - ✅ Cấu hình thành công CAPITALCOM:US500 (Khung thời gian: 4m)
2025-11-21 06:01:20.810 - INFO - ✅ Cấu hình thành công CAPITALCOM:GOLD (Khung thời gian: 4m)
2025-11-21 06:01:20.810 - INFO - Completed timeframe 4m, waiting 4s...
2025-11-21 06:01:24.821 - INFO - Processing timeframe 5m...
2025-11-21 06:01:25.039 - INFO - ✅ Cấu hình thành công CAPITALCOM:BTCUSD (Khung thời gian: 5m)
2025-11-21 06:01:25.185 - INFO - Processed 541 records for CAPITALCOM:BTCUSD 5m
2025-11-21 06:01:25.186 - INFO - [HISTORICAL] OHLCV Data - CAPITALCOM:BTCUSD (Timeframe: 5m) - 540 records
2025-11-21 06:01:25.187 - INFO - BTCUSD M5 2025-11-21 05:45:00,000 O:85923.95 H:85997.35 L:85836.85 C:85937.3 V:3262
2025-11-21 06:01:25.187 - INFO - BTCUSD M5 2025-11-21 05:50:00,000 O:85937.95 H:86036.95 L:85924.5 C:85945.95 V:3299
2025-11-21 06:01:25.187 - INFO - BTCUSD M5 2025-11-21 05:55:00,000 O:85946.1 H:86087.3 L:85946.1 C:86051.55 V:3987
2025-11-21 06:01:25.194 - INFO - Converted 540/540 valid records for CAPITALCOM:BTCUSD
2025-11-21 06:01:25.243 - INFO - ✅ Cấu hình thành công CAPITALCOM:AU200AU (Khung thời gian: 5m)
2025-11-21 06:01:25.304 - INFO - ✅ Successfully inserted 540 records for CAPITALCOM:BTCUSD (timeframe: 5m) in 0.11s
2025-11-21 06:01:25.304 - INFO - ✅ Saved CAPITALCOM:BTCUSD 5m | Progress: 27/208 (Remaining: 181)
2025-11-21 06:01:25.396 - INFO - Processed 541 records for CAPITALCOM:AU200AU 5m
2025-11-21 06:01:25.396 - INFO - [HISTORICAL] OHLCV Data - CAPITALCOM:AU200AU (Timeframe: 5m) - 540 records
2025-11-21 06:01:25.396 - INFO - AU200AU M5 2025-11-21 05:10:00,000 O:8424.1 H:8426.1 L:8421.1 C:8423.1 V:92
2025-11-21 06:01:25.396 - INFO - AU200AU M5 2025-11-21 05:15:00,000 O:8422.1 H:8426.1 L:8421.1 C:8424.1 V:31
2025-11-21 06:01:25.397 - INFO - AU200AU M5 2025-11-21 05:20:00,000 O:8425.1 H:8427.1 L:8423.1 C:8426.1 V:80
2025-11-21 06:01:25.404 - INFO - Converted 540/540 valid records for CAPITALCOM:AU200AU
2025-11-21 06:01:25.448 - INFO - ✅ Cấu hình thành công BINANCE:BTCUSD (Khung thời gian: 5m)
2025-11-21 06:01:25.469 - INFO - ✅ Successfully inserted 540 records for CAPITALCOM:AU200AU (timeframe: 5m) in 0.06s
2025-11-21 06:01:25.469 - INFO - ✅ Saved CAPITALCOM:AU200AU 5m | Progress: 28/208 (Remaining: 180)
2025-11-21 06:01:25.607 - INFO - Processed 541 records for BINANCE:BTCUSD 5m
2025-11-21 06:01:25.607 - INFO - [HISTORICAL] OHLCV Data - BINANCE:BTCUSD (Timeframe: 5m) - 540 records
2025-11-21 06:01:25.607 - INFO - BTCUSD M5 2025-11-21 05:45:00,000 O:85949.33 H:86027.54 L:85883.44 C:85968.31 V:0.68773
2025-11-21 06:01:25.608 - INFO - BTCUSD M5 2025-11-21 05:50:00,000 O:85970.17 H:86080.6 L:85959.25 C:85988.15 V:0.81798
2025-11-21 06:01:25.608 - INFO - BTCUSD M5 2025-11-21 05:55:00,000 O:85986.65 H:86127.3 L:85986.65 C:86107.44 V:0.46311
2025-11-21 06:01:25.615 - INFO - Converted 540/540 valid records for BINANCE:BTCUSD
2025-11-21 06:01:25.651 - INFO - ✅ Cấu hình thành công CAPITALCOM:DE40 (Khung thời gian: 5m)
2025-11-21 06:01:25.700 - INFO - ✅ Successfully inserted 540 records for BINANCE:BTCUSD (timeframe: 5m) in 0.08s
2025-11-21 06:01:25.700 - INFO - ✅ Saved BINANCE:BTCUSD 5m | Progress: 29/208 (Remaining: 179)
2025-11-21 06:01:25.804 - INFO - Processed 541 records for CAPITALCOM:DE40 5m
2025-11-21 06:01:25.805 - INFO - [HISTORICAL] OHLCV Data - CAPITALCOM:DE40 (Timeframe: 5m) - 540 records
2025-11-21 06:01:25.805 - INFO - DE40 M5 2025-11-21 05:45:00,000 O:22971.8 H:22978.6 L:22970.5 C:22975.3 V:109
2025-11-21 06:01:25.805 - INFO - DE40 M5 2025-11-21 05:50:00,000 O:22975.8 H:22977.8 L:22964.4 C:22969.9 V:101
2025-11-21 06:01:25.805 - INFO - DE40 M5 2025-11-21 05:55:00,000 O:22971.4 H:22978.3 L:22968.4 C:22976.7 V:106
2025-11-21 06:01:25.812 - INFO - Converted 540/540 valid records for CAPITALCOM:DE40
2025-11-21 06:01:25.853 - INFO - ✅ Cấu hình thành công CAPITALCOM:FR40 (Khung thời gian: 5m)
2025-11-21 06:01:25.878 - INFO - ✅ Successfully inserted 540 records for CAPITALCOM:DE40 (timeframe: 5m) in 0.06s
2025-11-21 06:01:25.878 - INFO - ✅ Saved CAPITALCOM:DE40 5m | Progress: 30/208 (Remaining: 178)
2025-11-21 06:01:26.030 - INFO - Processed 541 records for CAPITALCOM:FR40 5m
2025-11-21 06:01:26.030 - INFO - [HISTORICAL] OHLCV Data - CAPITALCOM:FR40 (Timeframe: 5m) - 540 records
2025-11-21 06:01:26.031 - INFO - FR40 M5 2025-11-21 05:45:00,000 O:7904.8 H:7906 L:7903.5 C:7904.8 V:42
2025-11-21 06:01:26.031 - INFO - FR40 M5 2025-11-21 05:50:00,000 O:7905.4 H:7905.4 L:7902.2 C:7903.5 V:62
2025-11-21 06:01:26.031 - INFO - FR40 M5 2025-11-21 05:55:00,000 O:7902.2 H:7906.7 L:7902.2 C:7904.8 V:39
2025-11-21 06:01:26.038 - INFO - Converted 540/540 valid records for CAPITALCOM:FR40
2025-11-21 06:01:26.057 - INFO - ✅ Cấu hình thành công CAPITALCOM:HK50 (Khung thời gian: 5m)
2025-11-21 06:01:26.082 - INFO - ✅ Successfully inserted 540 records for CAPITALCOM:FR40 (timeframe: 5m) in 0.04s
2025-11-21 06:01:26.082 - INFO - ✅ Saved CAPITALCOM:FR40 5m | Progress: 31/208 (Remaining: 177)
2025-11-21 06:01:26.224 - INFO - Processed 541 records for CAPITALCOM:HK50 5m
2025-11-21 06:01:26.225 - INFO - [HISTORICAL] OHLCV Data - CAPITALCOM:HK50 (Timeframe: 5m) - 540 records
2025-11-21 06:01:26.226 - INFO - HK50 M5 2025-11-21 05:45:00,000 O:25438.5 H:25452.3 L:25392.7 C:25397.8 V:577
2025-11-21 06:01:26.227 - INFO - HK50 M5 2025-11-21 05:50:00,000 O:25396.3 H:25414.1 L:25379.7 C:25401.3 V:558
2025-11-21 06:01:26.227 - INFO - HK50 M5 2025-11-21 05:55:00,000 O:25400.8 H:25408.7 L:25380.5 C:25395.8 V:562
2025-11-21 06:01:26.256 - INFO - Converted 540/540 valid records for CAPITALCOM:HK50
2025-11-21 06:01:26.257 - INFO - ✅ Cấu hình thành công CAPITALCOM:J225 (Khung thời gian: 5m)
2025-11-21 06:01:26.299 - INFO - ✅ Successfully inserted 540 records for CAPITALCOM:HK50 (timeframe: 5m) in 0.04s
2025-11-21 06:01:26.299 - INFO - ✅ Saved CAPITALCOM:HK50 5m | Progress: 32/208 (Remaining: 176)
2025-11-21 06:01:26.462 - INFO - ✅ Cấu hình thành công CAPITALCOM:SP35 (Khung thời gian: 5m)
2025-11-21 06:01:26.503 - INFO - Processed 541 records for CAPITALCOM:J225 5m
2025-11-21 06:01:26.504 - INFO - [HISTORICAL] OHLCV Data - CAPITALCOM:J225 (Timeframe: 5m) - 540 records
2025-11-21 06:01:26.504 - INFO - J225 M5 2025-11-21 05:45:00,000 O:48682.5 H:48710.6 L:48642.1 C:48662.4 V:345
2025-11-21 06:01:26.505 - INFO - J225 M5 2025-11-21 05:50:00,000 O:48659.9 H:48670.7 L:48623.9 C:48626.9 V:316
2025-11-21 06:01:26.505 - INFO - J225 M5 2025-11-21 05:55:00,000 O:48629.4 H:48684.8 L:48620.1 C:48665.1 V:353
2025-11-21 06:01:26.515 - INFO - Converted 540/540 valid records for CAPITALCOM:J225
2025-11-21 06:01:26.556 - INFO - ✅ Successfully inserted 540 records for CAPITALCOM:J225 (timeframe: 5m) in 0.04s
2025-11-21 06:01:26.557 - INFO - ✅ Saved CAPITALCOM:J225 5m | Progress: 33/208 (Remaining: 175)
2025-11-21 06:01:26.638 - INFO - Processed 541 records for CAPITALCOM:SP35 5m
2025-11-21 06:01:26.638 - INFO - [HISTORICAL] OHLCV Data - CAPITALCOM:SP35 (Timeframe: 5m) - 540 records
2025-11-21 06:01:26.638 - INFO - SP35 M5 2025-11-20 18:40:00,000 O:15827.4 H:15829.4 L:15827.4 C:15828.4 V:4
2025-11-21 06:01:26.638 - INFO - SP35 M5 2025-11-20 18:45:00,000 O:15827.9 H:15827.9 L:15811.4 C:15813.4 V:29
2025-11-21 06:01:26.639 - INFO - SP35 M5 2025-11-20 18:50:00,000 O:15808.4 H:15808.4 L:15792.9 C:15792.9 V:42
2025-11-21 06:01:26.646 - INFO - Converted 540/540 valid records for CAPITALCOM:SP35
2025-11-21 06:01:26.666 - INFO - ✅ Cấu hình thành công CAPITALCOM:UK100 (Khung thời gian: 5m)
2025-11-21 06:01:26.687 - INFO - ✅ Successfully inserted 540 records for CAPITALCOM:SP35 (timeframe: 5m) in 0.04s
2025-11-21 06:01:26.687 - INFO - ✅ Saved CAPITALCOM:SP35 5m | Progress: 34/208 (Remaining: 174)
2025-11-21 06:01:26.835 - INFO - Processed 541 records for CAPITALCOM:UK100 5m
2025-11-21 06:01:26.836 - INFO - [HISTORICAL] OHLCV Data - CAPITALCOM:UK100 (Timeframe: 5m) - 540 records
2025-11-21 06:01:26.837 - INFO - UK100 M5 2025-11-21 05:45:00,000 O:9448.5 H:9449.5 L:9447.7 C:9448.9 V:119
2025-11-21 06:01:26.838 - INFO - UK100 M5 2025-11-21 05:50:00,000 O:9449.1 H:9449.1 L:9445 C:9446.2 V:73
2025-11-21 06:01:26.838 - INFO - UK100 M5 2025-11-21 05:55:00,000 O:9446.7 H:9448.8 L:9446.2 C:9447.6 V:86
2025-11-21 06:01:26.873 - INFO - Converted 540/540 valid records for CAPITALCOM:UK100
2025-11-21 06:01:26.874 - INFO - ✅ Cấu hình thành công CAPITALCOM:US100 (Khung thời gian: 5m)
2025-11-21 06:01:26.913 - INFO - ✅ Successfully inserted 540 records for CAPITALCOM:UK100 (timeframe: 5m) in 0.04s
2025-11-21 06:01:26.913 - INFO - ✅ Saved CAPITALCOM:UK100 5m | Progress: 35/208 (Remaining: 173)
2025-11-21 06:01:27.030 - INFO - Processed 541 records for CAPITALCOM:US100 5m
2025-11-21 06:01:27.030 - INFO - [HISTORICAL] OHLCV Data - CAPITALCOM:US100 (Timeframe: 5m) - 540 records
2025-11-21 06:01:27.030 - INFO - US100 M5 2025-11-21 05:45:00,000 O:24075.4 H:24079.7 L:24055.4 C:24064.3 V:754
2025-11-21 06:01:27.030 - INFO - US100 M5 2025-11-21 05:50:00,000 O:24064.4 H:24070.9 L:24053.6 C:24055.1 V:731
2025-11-21 06:01:27.031 - INFO - US100 M5 2025-11-21 05:55:00,000 O:24055.2 H:24080.6 L:24053.7 C:24067.1 V:747
2025-11-21 06:01:27.037 - INFO - Converted 540/540 valid records for CAPITALCOM:US100
2025-11-21 06:01:27.076 - INFO - ✅ Cấu hình thành công CAPITALCOM:US30 (Khung thời gian: 5m)
2025-11-21 06:01:27.089 - INFO - ✅ Successfully inserted 540 records for CAPITALCOM:US100 (timeframe: 5m) in 0.05s
2025-11-21 06:01:27.089 - INFO - ✅ Saved CAPITALCOM:US100 5m | Progress: 36/208 (Remaining: 172)
2025-11-21 06:01:27.250 - INFO - Processed 541 records for CAPITALCOM:US30 5m
2025-11-21 06:01:27.251 - INFO - [HISTORICAL] OHLCV Data - CAPITALCOM:US30 (Timeframe: 5m) - 540 records
2025-11-21 06:01:27.251 - INFO - US30 M5 2025-11-21 05:45:00,000 O:45922 H:45924.9 L:45903.7 C:45905.5 V:449
2025-11-21 06:01:27.251 - INFO - US30 M5 2025-11-21 05:50:00,000 O:45906 H:45911.7 L:45894.9 C:45896 V:407
2025-11-21 06:01:27.251 - INFO - US30 M5 2025-11-21 05:55:00,000 O:45896.5 H:45919.5 L:45894.5 C:45905.7 V:369
2025-11-21 06:01:27.258 - INFO - Converted 540/540 valid records for CAPITALCOM:US30
2025-11-21 06:01:27.279 - INFO - ✅ Cấu hình thành công CAPITALCOM:US500 (Khung thời gian: 5m)
2025-11-21 06:01:27.302 - INFO - ✅ Successfully inserted 540 records for CAPITALCOM:US30 (timeframe: 5m) in 0.04s
2025-11-21 06:01:27.302 - INFO - ✅ Saved CAPITALCOM:US30 5m | Progress: 37/208 (Remaining: 171)
2025-11-21 06:01:27.435 - INFO - Processed 541 records for CAPITALCOM:US500 5m
2025-11-21 06:01:27.435 - INFO - [HISTORICAL] OHLCV Data - CAPITALCOM:US500 (Timeframe: 5m) - 540 records
2025-11-21 06:01:27.435 - INFO - US500 M5 2025-11-21 05:45:00,000 O:6556.1 H:6556.9 L:6552.6 C:6553.8 V:338
2025-11-21 06:01:27.436 - INFO - US500 M5 2025-11-21 05:50:00,000 O:6554 H:6555.1 L:6551.9 C:6552.1 V:323
2025-11-21 06:01:27.436 - INFO - US500 M5 2025-11-21 05:55:00,000 O:6552.2 H:6556.1 L:6551.7 C:6553.8 V:301
2025-11-21 06:01:27.443 - INFO - Converted 540/540 valid records for CAPITALCOM:US500
2025-11-21 06:01:27.479 - INFO - ✅ Cấu hình thành công CAPITALCOM:GOLD (Khung thời gian: 5m)
2025-11-21 06:01:27.480 - INFO - Completed timeframe 5m, waiting 4s...
2025-11-21 06:01:27.482 - INFO - ✅ Successfully inserted 540 records for CAPITALCOM:US500 (timeframe: 5m) in 0.04s
2025-11-21 06:01:27.482 - INFO - ✅ Saved CAPITALCOM:US500 5m | Progress: 38/208 (Remaining: 170)
2025-11-21 06:01:27.622 - INFO - Processed 541 records for CAPITALCOM:GOLD 5m
2025-11-21 06:01:27.623 - INFO - [HISTORICAL] OHLCV Data - CAPITALCOM:GOLD (Timeframe: 5m) - 540 records
2025-11-21 06:01:27.623 - INFO - GOLD M5 2025-11-21 05:45:00,000 O:4048.65 H:4049.65 L:4045.77 C:4047.3 V:1424
2025-11-21 06:01:27.623 - INFO - GOLD M5 2025-11-21 05:50:00,000 O:4047.31 H:4047.31 L:4039.74 C:4041.6 V:1558
2025-11-21 06:01:27.623 - INFO - GOLD M5 2025-11-21 05:55:00,000 O:4041.64 H:4059.66 L:4041.38 C:4058.56 V:3743
2025-11-21 06:01:27.631 - INFO - Converted 540/540 valid records for CAPITALCOM:GOLD
2025-11-21 06:01:27.669 - INFO - ✅ Successfully inserted 540 records for CAPITALCOM:GOLD (timeframe: 5m) in 0.04s
2025-11-21 06:01:27.669 - INFO - ✅ Saved CAPITALCOM:GOLD 5m | Progress: 39/208 (Remaining: 169)
2025-11-21 06:01:28.150 - INFO - Heartbeat received: ~m~4~m~~h~3
2025-11-21 06:01:28.151 - INFO - Echoed heartbeat: ~m~4~m~~h~3
2025-11-21 06:01:28.535 - INFO - WebSocket still active
2025-11-21 06:01:31.479 - INFO - Processing timeframe 10m...
2025-11-21 06:01:31.681 - INFO - ✅ Cấu hình thành công CAPITALCOM:BTCUSD (Khung thời gian: 10m)
2025-11-21 06:01:31.883 - INFO - ✅ Cấu hình thành công CAPITALCOM:AU200AU (Khung thời gian: 10m)
2025-11-21 06:01:32.086 - INFO - ✅ Cấu hình thành công BINANCE:BTCUSD (Khung thời gian: 10m)
2025-11-21 06:01:32.290 - INFO - ✅ Cấu hình thành công CAPITALCOM:DE40 (Khung thời gian: 10m)
2025-11-21 06:01:32.493 - INFO - ✅ Cấu hình thành công CAPITALCOM:FR40 (Khung thời gian: 10m)
2025-11-21 06:01:32.695 - INFO - ✅ Cấu hình thành công CAPITALCOM:HK50 (Khung thời gian: 10m)
2025-11-21 06:01:32.899 - INFO - ✅ Cấu hình thành công CAPITALCOM:J225 (Khung thời gian: 10m)
2025-11-21 06:01:33.104 - INFO - ✅ Cấu hình thành công CAPITALCOM:SP35 (Khung thời gian: 10m)
2025-11-21 06:01:33.308 - INFO - ✅ Cấu hình thành công CAPITALCOM:UK100 (Khung thời gian: 10m)
2025-11-21 06:01:33.525 - INFO - ✅ Cấu hình thành công CAPITALCOM:US100 (Khung thời gian: 10m)
2025-11-21 06:01:33.727 - INFO - ✅ Cấu hình thành công CAPITALCOM:US30 (Khung thời gian: 10m)
2025-11-21 06:01:33.932 - INFO - ✅ Cấu hình thành công CAPITALCOM:US500 (Khung thời gian: 10m)
2025-11-21 06:01:34.135 - INFO - ✅ Cấu hình thành công CAPITALCOM:GOLD (Khung thời gian: 10m)
2025-11-21 06:01:34.135 - INFO - Completed timeframe 10m, waiting 4s...
2025-11-21 06:01:38.139 - INFO - Processing timeframe 15m...
2025-11-21 06:01:38.193 - INFO - Heartbeat received: ~m~4~m~~h~4
2025-11-21 06:01:38.194 - INFO - Echoed heartbeat: ~m~4~m~~h~4
2025-11-21 06:01:38.342 - INFO - ✅ Cấu hình thành công CAPITALCOM:BTCUSD (Khung thời gian: 15m)
2025-11-21 06:01:38.501 - INFO - Processed 541 records for CAPITALCOM:BTCUSD 15m
2025-11-21 06:01:38.501 - INFO - [HISTORICAL] OHLCV Data - CAPITALCOM:BTCUSD (Timeframe: 15m) - 540 records
2025-11-21 06:01:38.502 - INFO - BTCUSD M15 2025-11-21 05:15:00,000 O:86078.15 H:86217.45 L:86028.05 C:86086.4 V:12281
2025-11-21 06:01:38.502 - INFO - BTCUSD M15 2025-11-21 05:30:00,000 O:86085.9 H:86170.3 L:85707.65 C:85922.8 V:9973
2025-11-21 06:01:38.502 - INFO - BTCUSD M15 2025-11-21 05:45:00,000 O:85923.95 H:86087.3 L:85836.85 C:86051.55 V:10548
2025-11-21 06:01:38.510 - INFO - Converted 540/540 valid records for CAPITALCOM:BTCUSD
2025-11-21 06:01:38.544 - INFO - ✅ Cấu hình thành công CAPITALCOM:AU200AU (Khung thời gian: 15m)
2025-11-21 06:01:38.548 - INFO - WebSocket still active
2025-11-21 06:01:38.631 - INFO - ✅ Successfully inserted 540 records for CAPITALCOM:BTCUSD (timeframe: 15m) in 0.12s
2025-11-21 06:01:38.631 - INFO - ✅ Saved CAPITALCOM:BTCUSD 15m | Progress: 40/208 (Remaining: 168)
2025-11-21 06:01:38.698 - INFO - Processed 541 records for CAPITALCOM:AU200AU 15m
2025-11-21 06:01:38.698 - INFO - [HISTORICAL] OHLCV Data - CAPITALCOM:AU200AU (Timeframe: 15m) - 540 records
2025-11-21 06:01:38.699 - INFO - AU200AU M15 2025-11-21 04:30:00,000 O:8422.1 H:8423.1 L:8414.1 C:8419.1 V:232
2025-11-21 06:01:38.699 - INFO - AU200AU M15 2025-11-21 04:45:00,000 O:8420.1 H:8425.1 L:8412.1 C:8425.1 V:224
2025-11-21 06:01:38.699 - INFO - AU200AU M15 2025-11-21 05:00:00,000 O:8424.1 H:8428.1 L:8419.1 C:8423.1 V:324
2025-11-21 06:01:38.711 - INFO - Converted 540/540 valid records for CAPITALCOM:AU200AU
2025-11-21 06:01:38.747 - INFO - ✅ Cấu hình thành công BINANCE:BTCUSD (Khung thời gian: 15m)
2025-11-21 06:01:38.799 - INFO - ✅ Successfully inserted 540 records for CAPITALCOM:AU200AU (timeframe: 15m) in 0.09s
2025-11-21 06:01:38.799 - INFO - ✅ Saved CAPITALCOM:AU200AU 15m | Progress: 41/208 (Remaining: 167)
2025-11-21 06:01:38.907 - INFO - Processed 541 records for BINANCE:BTCUSD 15m
2025-11-21 06:01:38.907 - INFO - [HISTORICAL] OHLCV Data - BINANCE:BTCUSD (Timeframe: 15m) - 540 records
2025-11-21 06:01:38.907 - INFO - BTCUSD M15 2025-11-21 05:15:00,000 O:86099.14 H:86299.09 L:86044.19 C:86130.21 V:5.30663
2025-11-21 06:01:38.908 - INFO - BTCUSD M15 2025-11-21 05:30:00,000 O:86135.62 H:86213.44 L:85736.73 C:85973.9 V:6.53017
2025-11-21 06:01:38.908 - INFO - BTCUSD M15 2025-11-21 05:45:00,000 O:85949.33 H:86127.3 L:85883.44 C:86107.44 V:1.96882
2025-11-21 06:01:38.915 - INFO - Converted 540/540 valid records for BINANCE:BTCUSD
2025-11-21 06:01:38.949 - INFO - ✅ Cấu hình thành công CAPITALCOM:DE40 (Khung thời gian: 15m)
2025-11-21 06:01:38.996 - INFO - ✅ Successfully inserted 540 records for BINANCE:BTCUSD (timeframe: 15m) in 0.08s
2025-11-21 06:01:38.996 - INFO - ✅ Saved BINANCE:BTCUSD 15m | Progress: 42/208 (Remaining: 166)
2025-11-21 06:01:39.152 - INFO - ✅ Cấu hình thành công CAPITALCOM:FR40 (Khung thời gian: 15m)
2025-11-21 06:01:39.249 - INFO - Processed 541 records for CAPITALCOM:DE40 15m
2025-11-21 06:01:39.250 - INFO - [HISTORICAL] OHLCV Data - CAPITALCOM:DE40 (Timeframe: 15m) - 540 records
2025-11-21 06:01:39.250 - INFO - DE40 M15 2025-11-21 05:15:00,000 O:22987.5 H:22996.5 L:22976.7 C:22977.9 V:416
2025-11-21 06:01:39.251 - INFO - DE40 M15 2025-11-21 05:30:00,000 O:22979.9 H:22987.1 L:22960.2 C:22972.3 V:395
2025-11-21 06:01:39.252 - INFO - DE40 M15 2025-11-21 05:45:00,000 O:22971.8 H:22978.6 L:22964.4 C:22976.7 V:316
2025-11-21 06:01:39.284 - INFO - Converted 540/540 valid records for CAPITALCOM:DE40
2025-11-21 06:01:39.334 - INFO - Processed 541 records for CAPITALCOM:FR40 15m
2025-11-21 06:01:39.335 - INFO - [HISTORICAL] OHLCV Data - CAPITALCOM:FR40 (Timeframe: 15m) - 540 records
2025-11-21 06:01:39.335 - INFO - FR40 M15 2025-11-21 05:15:00,000 O:7911.8 H:7913.1 L:7907.3 C:7907.3 V:96
2025-11-21 06:01:39.335 - INFO - FR40 M15 2025-11-21 05:30:00,000 O:7908 H:7909.9 L:7900.9 C:7906 V:165
2025-11-21 06:01:39.335 - INFO - FR40 M15 2025-11-21 05:45:00,000 O:7904.8 H:7906.7 L:7902.2 C:7904.8 V:143
2025-11-21 06:01:39.343 - INFO - Converted 540/540 valid records for CAPITALCOM:FR40
2025-11-21 06:01:39.345 - INFO - ✅ Successfully inserted 540 records for CAPITALCOM:DE40 (timeframe: 15m) in 0.06s
2025-11-21 06:01:39.346 - INFO - ✅ Saved CAPITALCOM:DE40 15m | Progress: 43/208 (Remaining: 165)
2025-11-21 06:01:39.355 - INFO - ✅ Cấu hình thành công CAPITALCOM:HK50 (Khung thời gian: 15m)
2025-11-21 06:01:39.387 - INFO - ✅ Successfully inserted 540 records for CAPITALCOM:FR40 (timeframe: 15m) in 0.04s
2025-11-21 06:01:39.387 - INFO - ✅ Saved CAPITALCOM:FR40 15m | Progress: 44/208 (Remaining: 164)
2025-11-21 06:01:39.548 - INFO - Processed 541 records for CAPITALCOM:HK50 15m
2025-11-21 06:01:39.548 - INFO - [HISTORICAL] OHLCV Data - CAPITALCOM:HK50 (Timeframe: 15m) - 540 records
2025-11-21 06:01:39.549 - INFO - HK50 M15 2025-11-21 05:15:00,000 O:25384.8 H:25443.3 L:25364.9 C:25401.3 V:1702
2025-11-21 06:01:39.549 - INFO - HK50 M15 2025-11-21 05:30:00,000 O:25399.8 H:25457.6 L:25393.7 C:25438.9 V:1658
2025-11-21 06:01:39.549 - INFO - HK50 M15 2025-11-21 05:45:00,000 O:25438.5 H:25452.3 L:25379.7 C:25395.8 V:1697
2025-11-21 06:01:39.557 - INFO - Converted 540/540 valid records for CAPITALCOM:HK50
2025-11-21 06:01:39.557 - INFO - ✅ Cấu hình thành công CAPITALCOM:J225 (Khung thời gian: 15m)
2025-11-21 06:01:39.598 - INFO - ✅ Successfully inserted 540 records for CAPITALCOM:HK50 (timeframe: 15m) in 0.04s
2025-11-21 06:01:39.598 - INFO - ✅ Saved CAPITALCOM:HK50 15m | Progress: 45/208 (Remaining: 163)
2025-11-21 06:01:39.726 - INFO - Processed 541 records for CAPITALCOM:J225 15m
2025-11-21 06:01:39.727 - INFO - [HISTORICAL] OHLCV Data - CAPITALCOM:J225 (Timeframe: 15m) - 540 records
2025-11-21 06:01:39.727 - INFO - J225 M15 2025-11-21 05:15:00,000 O:48720.2 H:48761 L:48696.7 C:48706.5 V:1213
2025-11-21 06:01:39.727 - INFO - J225 M15 2025-11-21 05:30:00,000 O:48704 H:48738.9 L:48613.7 C:48682.3 V:1270
2025-11-21 06:01:39.727 - INFO - J225 M15 2025-11-21 05:45:00,000 O:48682.5 H:48710.6 L:48620.1 C:48665.1 V:1014
2025-11-21 06:01:39.736 - INFO - Converted 540/540 valid records for CAPITALCOM:J225
2025-11-21 06:01:39.761 - INFO - ✅ Cấu hình thành công CAPITALCOM:SP35 (Khung thời gian: 15m)
2025-11-21 06:01:39.771 - INFO - ✅ Successfully inserted 540 records for CAPITALCOM:J225 (timeframe: 15m) in 0.03s
2025-11-21 06:01:39.771 - INFO - ✅ Saved CAPITALCOM:J225 15m | Progress: 46/208 (Remaining: 162)
2025-11-21 06:01:39.925 - INFO - Processed 541 records for CAPITALCOM:SP35 15m
2025-11-21 06:01:39.926 - INFO - [HISTORICAL] OHLCV Data - CAPITALCOM:SP35 (Timeframe: 15m) - 540 records
2025-11-21 06:01:39.926 - INFO - SP35 M15 2025-11-20 18:00:00,000 O:15821.4 H:15903.4 L:15818.9 C:15902.9 V:336
2025-11-21 06:01:39.927 - INFO - SP35 M15 2025-11-20 18:15:00,000 O:15903.4 H:15905.4 L:15871.9 C:15873.4 V:70
2025-11-21 06:01:39.927 - INFO - SP35 M15 2025-11-20 18:30:00,000 O:15872.9 H:15873.4 L:15822.9 C:15828.4 V:61
2025-11-21 06:01:39.935 - INFO - Converted 540/540 valid records for CAPITALCOM:SP35
2025-11-21 06:01:39.962 - INFO - ✅ Cấu hình thành công CAPITALCOM:UK100 (Khung thời gian: 15m)
2025-11-21 06:01:39.975 - INFO - ✅ Successfully inserted 540 records for CAPITALCOM:SP35 (timeframe: 15m) in 0.04s
2025-11-21 06:01:39.976 - INFO - ✅ Saved CAPITALCOM:SP35 15m | Progress: 47/208 (Remaining: 161)
2025-11-21 06:01:40.115 - INFO - Processed 541 records for CAPITALCOM:UK100 15m
2025-11-21 06:01:40.116 - INFO - [HISTORICAL] OHLCV Data - CAPITALCOM:UK100 (Timeframe: 15m) - 540 records
2025-11-21 06:01:40.116 - INFO - UK100 M15 2025-11-21 05:15:00,000 O:9451.3 H:9454.7 L:9450.3 C:9450.3 V:357
2025-11-21 06:01:40.116 - INFO - UK100 M15 2025-11-21 05:30:00,000 O:9450.5 H:9452.6 L:9444.8 C:9448.3 V:397
2025-11-21 06:01:40.116 - INFO - UK100 M15 2025-11-21 05:45:00,000 O:9448.5 H:9449.5 L:9445 C:9447.6 V:278
2025-11-21 06:01:40.124 - INFO - Converted 540/540 valid records for CAPITALCOM:UK100
2025-11-21 06:01:40.158 - INFO - ✅ Successfully inserted 540 records for CAPITALCOM:UK100 (timeframe: 15m) in 0.03s
2025-11-21 06:01:40.158 - INFO - ✅ Saved CAPITALCOM:UK100 15m | Progress: 48/208 (Remaining: 160)
2025-11-21 06:01:40.166 - INFO - ✅ Cấu hình thành công CAPITALCOM:US100 (Khung thời gian: 15m)
2025-11-21 06:01:40.299 - INFO - Processed 541 records for CAPITALCOM:US100 15m
2025-11-21 06:01:40.300 - INFO - [HISTORICAL] OHLCV Data - CAPITALCOM:US100 (Timeframe: 15m) - 540 records
2025-11-21 06:01:40.300 - INFO - US100 M15 2025-11-21 05:15:00,000 O:24117.5 H:24132.3 L:24089.7 C:24094 V:2321
2025-11-21 06:01:40.300 - INFO - US100 M15 2025-11-21 05:30:00,000 O:24093.8 H:24106 L:24057.2 C:24075.6 V:2359
2025-11-21 06:01:40.300 - INFO - US100 M15 2025-11-21 05:45:00,000 O:24075.4 H:24080.6 L:24053.6 C:24067.1 V:2232
2025-11-21 06:01:40.308 - INFO - Converted 540/540 valid records for CAPITALCOM:US100
2025-11-21 06:01:40.349 - INFO - ✅ Successfully inserted 540 records for CAPITALCOM:US100 (timeframe: 15m) in 0.04s
2025-11-21 06:01:40.349 - INFO - ✅ Saved CAPITALCOM:US100 15m | Progress: 49/208 (Remaining: 159)
2025-11-21 06:01:40.369 - INFO - ✅ Cấu hình thành công CAPITALCOM:US30 (Khung thời gian: 15m)
2025-11-21 06:01:40.572 - INFO - ✅ Cấu hình thành công CAPITALCOM:US500 (Khung thời gian: 15m)
2025-11-21 06:01:40.671 - INFO - Processed 541 records for CAPITALCOM:US30 15m
2025-11-21 06:01:40.672 - INFO - [HISTORICAL] OHLCV Data - CAPITALCOM:US30 (Timeframe: 15m) - 540 records
2025-11-21 06:01:40.672 - INFO - US30 M15 2025-11-21 05:15:00,000 O:45962.1 H:45982.8 L:45949.6 C:45953.1 V:1315
2025-11-21 06:01:40.672 - INFO - US30 M15 2025-11-21 05:30:00,000 O:45952.6 H:45962.7 L:45906.1 C:45922.5 V:1525
2025-11-21 06:01:40.672 - INFO - US30 M15 2025-11-21 05:45:00,000 O:45922 H:45924.9 L:45894.5 C:45905.7 V:1225
2025-11-21 06:01:40.679 - INFO - Converted 540/540 valid records for CAPITALCOM:US30
2025-11-21 06:01:40.719 - INFO - ✅ Successfully inserted 540 records for CAPITALCOM:US30 (timeframe: 15m) in 0.04s
2025-11-21 06:01:40.719 - INFO - ✅ Saved CAPITALCOM:US30 15m | Progress: 50/208 (Remaining: 158)
2025-11-21 06:01:40.768 - INFO - Processed 541 records for CAPITALCOM:US500 15m
2025-11-21 06:01:40.768 - INFO - [HISTORICAL] OHLCV Data - CAPITALCOM:US500 (Timeframe: 15m) - 540 records
2025-11-21 06:01:40.769 - INFO - US500 M15 2025-11-21 05:15:00,000 O:6564.2 H:6567.5 L:6559.9 C:6560.9 V:978
2025-11-21 06:01:40.769 - INFO - US500 M15 2025-11-21 05:30:00,000 O:6560.8 H:6562.7 L:6553 C:6555.9 V:1073
2025-11-21 06:01:40.769 - INFO - US500 M15 2025-11-21 05:45:00,000 O:6556.1 H:6556.9 L:6551.7 C:6553.8 V:962
2025-11-21 06:01:40.778 - INFO - Converted 540/540 valid records for CAPITALCOM:US500
2025-11-21 06:01:40.779 - INFO - ✅ Cấu hình thành công CAPITALCOM:GOLD (Khung thời gian: 15m)
2025-11-21 06:01:40.779 - INFO - Completed timeframe 15m, waiting 4s...
2025-11-21 06:01:40.821 - INFO - ✅ Successfully inserted 540 records for CAPITALCOM:US500 (timeframe: 15m) in 0.04s
2025-11-21 06:01:40.821 - INFO - ✅ Saved CAPITALCOM:US500 15m | Progress: 51/208 (Remaining: 157)
2025-11-21 06:01:40.993 - INFO - Processed 541 records for CAPITALCOM:GOLD 15m
2025-11-21 06:01:40.993 - INFO - [HISTORICAL] OHLCV Data - CAPITALCOM:GOLD (Timeframe: 15m) - 540 records
2025-11-21 06:01:40.993 - INFO - GOLD M15 2025-11-21 05:15:00,000 O:4055.87 H:4057.14 L:4052.78 C:4052.78 V:2967
2025-11-21 06:01:40.993 - INFO - GOLD M15 2025-11-21 05:30:00,000 O:4052.71 H:4057.4 L:4047.89 C:4048.67 V:5027
2025-11-21 06:01:40.994 - INFO - GOLD M15 2025-11-21 05:45:00,000 O:4048.65 H:4059.66 L:4039.74 C:4058.56 V:6725
2025-11-21 06:01:41.001 - INFO - Converted 540/540 valid records for CAPITALCOM:GOLD
2025-11-21 06:01:41.038 - INFO - ✅ Successfully inserted 540 records for CAPITALCOM:GOLD (timeframe: 15m) in 0.04s
2025-11-21 06:01:41.038 - INFO - ✅ Saved CAPITALCOM:GOLD 15m | Progress: 52/208 (Remaining: 156)
2025-11-21 06:01:44.778 - INFO - Processing timeframe 20m...
2025-11-21 06:01:44.982 - INFO - ✅ Cấu hình thành công CAPITALCOM:BTCUSD (Khung thời gian: 20m)
2025-11-21 06:01:45.188 - INFO - ✅ Cấu hình thành công CAPITALCOM:AU200AU (Khung thời gian: 20m)
2025-11-21 06:01:45.391 - INFO - ✅ Cấu hình thành công BINANCE:BTCUSD (Khung thời gian: 20m)
2025-11-21 06:01:45.593 - INFO - ✅ Cấu hình thành công CAPITALCOM:DE40 (Khung thời gian: 20m)
2025-11-21 06:01:45.796 - INFO - ✅ Cấu hình thành công CAPITALCOM:FR40 (Khung thời gian: 20m)
2025-11-21 06:01:45.996 - INFO - ✅ Cấu hình thành công CAPITALCOM:HK50 (Khung thời gian: 20m)
2025-11-21 06:01:46.201 - INFO - ✅ Cấu hình thành công CAPITALCOM:J225 (Khung thời gian: 20m)
2025-11-21 06:01:46.403 - INFO - ✅ Cấu hình thành công CAPITALCOM:SP35 (Khung thời gian: 20m)
2025-11-21 06:01:46.606 - INFO - ✅ Cấu hình thành công CAPITALCOM:UK100 (Khung thời gian: 20m)
2025-11-21 06:01:46.808 - INFO - ✅ Cấu hình thành công CAPITALCOM:US100 (Khung thời gian: 20m)
2025-11-21 06:01:47.010 - INFO - ✅ Cấu hình thành công CAPITALCOM:US30 (Khung thời gian: 20m)
2025-11-21 06:01:47.214 - INFO - ✅ Cấu hình thành công CAPITALCOM:US500 (Khung thời gian: 20m)
2025-11-21 06:01:47.416 - INFO - ✅ Cấu hình thành công CAPITALCOM:GOLD (Khung thời gian: 20m)
2025-11-21 06:01:47.416 - INFO - Completed timeframe 20m, waiting 4s...
2025-11-21 06:01:48.157 - INFO - Heartbeat received: ~m~4~m~~h~5
2025-11-21 06:01:48.157 - INFO - Echoed heartbeat: ~m~4~m~~h~5
2025-11-21 06:01:48.765 - INFO - WebSocket still active
2025-11-21 06:01:51.420 - INFO - Processing timeframe 30m...
2025-11-21 06:01:51.622 - INFO - ✅ Cấu hình thành công CAPITALCOM:BTCUSD (Khung thời gian: 30m)
2025-11-21 06:01:51.825 - INFO - ✅ Cấu hình thành công CAPITALCOM:AU200AU (Khung thời gian: 30m)
2025-11-21 06:01:51.846 - INFO - Processed 541 records for CAPITALCOM:BTCUSD 30m
2025-11-21 06:01:51.847 - INFO - [HISTORICAL] OHLCV Data - CAPITALCOM:BTCUSD (Timeframe: 30m) - 540 records
2025-11-21 06:01:51.847 - INFO - BTCUSD M30 2025-11-21 04:30:00,000 O:85724.1 H:85975.9 L:85278.1 C:85922.65 V:25571
2025-11-21 06:01:51.847 - INFO - BTCUSD M30 2025-11-21 05:00:00,000 O:85922.3 H:86217.45 L:85838.35 C:86086.4 V:26339
2025-11-21 06:01:51.847 - INFO - BTCUSD M30 2025-11-21 05:30:00,000 O:86085.9 H:86170.3 L:85707.65 C:86051.55 V:20521
2025-11-21 06:01:51.854 - INFO - Converted 540/540 valid records for CAPITALCOM:BTCUSD
2025-11-21 06:01:51.964 - INFO - ✅ Successfully inserted 540 records for CAPITALCOM:BTCUSD (timeframe: 30m) in 0.11s
2025-11-21 06:01:51.964 - INFO - ✅ Saved CAPITALCOM:BTCUSD 30m | Progress: 53/208 (Remaining: 155)
2025-11-21 06:01:52.023 - INFO - Processed 541 records for CAPITALCOM:AU200AU 30m
2025-11-21 06:01:52.023 - INFO - [HISTORICAL] OHLCV Data - CAPITALCOM:AU200AU (Timeframe: 30m) - 540 records
2025-11-21 06:01:52.023 - INFO - AU200AU M30 2025-11-21 03:30:00,000 O:8433.1 H:8440.1 L:8429.1 C:8429.1 V:419
2025-11-21 06:01:52.023 - INFO - AU200AU M30 2025-11-21 04:00:00,000 O:8430.1 H:8430.1 L:8418.1 C:8423.1 V:434
2025-11-21 06:01:52.023 - INFO - AU200AU M30 2025-11-21 04:30:00,000 O:8422.1 H:8425.1 L:8412.1 C:8425.1 V:456
2025-11-21 06:01:52.030 - INFO - Converted 540/540 valid records for CAPITALCOM:AU200AU
2025-11-21 06:01:52.031 - INFO - ✅ Cấu hình thành công BINANCE:BTCUSD (Khung thời gian: 30m)
2025-11-21 06:01:52.132 - INFO - ✅ Successfully inserted 540 records for CAPITALCOM:AU200AU (timeframe: 30m) in 0.10s
2025-11-21 06:01:52.132 - INFO - ✅ Saved CAPITALCOM:AU200AU 30m | Progress: 54/208 (Remaining: 154)
2025-11-21 06:01:52.234 - INFO - ✅ Cấu hình thành công CAPITALCOM:DE40 (Khung thời gian: 30m)
2025-11-21 06:01:52.279 - INFO - Processed 541 records for BINANCE:BTCUSD 30m
2025-11-21 06:01:52.279 - INFO - [HISTORICAL] OHLCV Data - BINANCE:BTCUSD (Timeframe: 30m) - 540 records
2025-11-21 06:01:52.279 - INFO - BTCUSD M30 2025-11-21 04:30:00,000 O:85764.31 H:86035.83 L:85307.42 C:85975.88 V:8.78695
2025-11-21 06:01:52.279 - INFO - BTCUSD M30 2025-11-21 05:00:00,000 O:85956.14 H:86299.09 L:85870.25 C:86130.21 V:10.76696
2025-11-21 06:01:52.279 - INFO - BTCUSD M30 2025-11-21 05:30:00,000 O:86135.62 H:86213.44 L:85736.73 C:86107.44 V:8.49899
2025-11-21 06:01:52.286 - INFO - Converted 540/540 valid records for BINANCE:BTCUSD
2025-11-21 06:01:52.370 - INFO - ✅ Successfully inserted 540 records for BINANCE:BTCUSD (timeframe: 30m) in 0.08s
2025-11-21 06:01:52.370 - INFO - ✅ Saved BINANCE:BTCUSD 30m | Progress: 55/208 (Remaining: 153)
2025-11-21 06:01:52.425 - INFO - Processed 541 records for CAPITALCOM:DE40 30m
2025-11-21 06:01:52.426 - INFO - [HISTORICAL] OHLCV Data - CAPITALCOM:DE40 (Timeframe: 30m) - 540 records
2025-11-21 06:01:52.426 - INFO - DE40 M30 2025-11-21 04:30:00,000 O:22961 H:22972 L:22930.4 C:22968.3 V:755
2025-11-21 06:01:52.426 - INFO - DE40 M30 2025-11-21 05:00:00,000 O:22967.8 H:22996.5 L:22964.2 C:22977.9 V:1024
2025-11-21 06:01:52.426 - INFO - DE40 M30 2025-11-21 05:30:00,000 O:22979.9 H:22987.1 L:22960.2 C:22976.7 V:711
2025-11-21 06:01:52.433 - INFO - Converted 540/540 valid records for CAPITALCOM:DE40
2025-11-21 06:01:52.434 - INFO - ✅ Cấu hình thành công CAPITALCOM:FR40 (Khung thời gian: 30m)
2025-11-21 06:01:52.487 - INFO - ✅ Successfully inserted 540 records for CAPITALCOM:DE40 (timeframe: 30m) in 0.05s
2025-11-21 06:01:52.487 - INFO - ✅ Saved CAPITALCOM:DE40 30m | Progress: 56/208 (Remaining: 152)
2025-11-21 06:01:52.634 - INFO - ✅ Cấu hình thành công CAPITALCOM:HK50 (Khung thời gian: 30m)
2025-11-21 06:01:52.641 - INFO - Processed 541 records for CAPITALCOM:FR40 30m
2025-11-21 06:01:52.641 - INFO - [HISTORICAL] OHLCV Data - CAPITALCOM:FR40 (Timeframe: 30m) - 540 records
2025-11-21 06:01:52.641 - INFO - FR40 M30 2025-11-21 04:30:00,000 O:7904.8 H:7906.7 L:7895.2 C:7906 V:294
2025-11-21 06:01:52.642 - INFO - FR40 M30 2025-11-21 05:00:00,000 O:7905.4 H:7913.1 L:7904.8 C:7907.3 V:333
2025-11-21 06:01:52.642 - INFO - FR40 M30 2025-11-21 05:30:00,000 O:7908 H:7909.9 L:7900.9 C:7904.8 V:308
2025-11-21 06:01:52.649 - INFO - Converted 540/540 valid records for CAPITALCOM:FR40
2025-11-21 06:01:52.698 - INFO - ✅ Successfully inserted 540 records for CAPITALCOM:FR40 (timeframe: 30m) in 0.05s
2025-11-21 06:01:52.698 - INFO - ✅ Saved CAPITALCOM:FR40 30m | Progress: 57/208 (Remaining: 151)
2025-11-21 06:01:52.838 - INFO - ✅ Cấu hình thành công CAPITALCOM:J225 (Khung thời gian: 30m)
2025-11-21 06:01:52.840 - INFO - Processed 541 records for CAPITALCOM:HK50 30m
2025-11-21 06:01:52.841 - INFO - [HISTORICAL] OHLCV Data - CAPITALCOM:HK50 (Timeframe: 30m) - 540 records
2025-11-21 06:01:52.841 - INFO - HK50 M30 2025-11-21 04:30:00,000 O:25256.1 H:25265.1 L:25216.7 C:25264.5 V:2111
2025-11-21 06:01:52.841 - INFO - HK50 M30 2025-11-21 05:00:00,000 O:25266.9 H:25443.3 L:25261.9 C:25401.3 V:3542
2025-11-21 06:01:52.841 - INFO - HK50 M30 2025-11-21 05:30:00,000 O:25399.8 H:25457.6 L:25379.7 C:25395.8 V:3355
2025-11-21 06:01:52.848 - INFO - Converted 540/540 valid records for CAPITALCOM:HK50
2025-11-21 06:01:52.890 - INFO - ✅ Successfully inserted 540 records for CAPITALCOM:HK50 (timeframe: 30m) in 0.04s
2025-11-21 06:01:52.891 - INFO - ✅ Saved CAPITALCOM:HK50 30m | Progress: 58/208 (Remaining: 150)
2025-11-21 06:01:53.042 - INFO - ✅ Cấu hình thành công CAPITALCOM:SP35 (Khung thời gian: 30m)
2025-11-21 06:01:53.044 - INFO - Processed 541 records for CAPITALCOM:J225 30m
2025-11-21 06:01:53.045 - INFO - [HISTORICAL] OHLCV Data - CAPITALCOM:J225 (Timeframe: 30m) - 540 records
2025-11-21 06:01:53.045 - INFO - J225 M30 2025-11-21 04:30:00,000 O:48686.5 H:48699.3 L:48491.4 C:48689.6 V:2744
2025-11-21 06:01:53.045 - INFO - J225 M30 2025-11-21 05:00:00,000 O:48679.6 H:48769.8 L:48647.1 C:48706.5 V:2758
2025-11-21 06:01:53.045 - INFO - J225 M30 2025-11-21 05:30:00,000 O:48704 H:48738.9 L:48613.7 C:48665.1 V:2284
2025-11-21 06:01:53.052 - INFO - Converted 540/540 valid records for CAPITALCOM:J225
2025-11-21 06:01:53.089 - INFO - ✅ Successfully inserted 540 records for CAPITALCOM:J225 (timeframe: 30m) in 0.04s
2025-11-21 06:01:53.089 - INFO - ✅ Saved CAPITALCOM:J225 30m | Progress: 59/208 (Remaining: 149)
2025-11-21 06:01:53.244 - INFO - ✅ Cấu hình thành công CAPITALCOM:UK100 (Khung thời gian: 30m)
2025-11-21 06:01:53.264 - INFO - Processed 541 records for CAPITALCOM:SP35 30m
2025-11-21 06:01:53.265 - INFO - [HISTORICAL] OHLCV Data - CAPITALCOM:SP35 (Timeframe: 30m) - 540 records
2025-11-21 06:01:53.265 - INFO - SP35 M30 2025-11-20 17:00:00,000 O:15880.4 H:15908.4 L:15831.4 C:15846.9 V:457
2025-11-21 06:01:53.265 - INFO - SP35 M30 2025-11-20 17:30:00,000 O:15853.9 H:15854.9 L:15801.9 C:15824.9 V:394
2025-11-21 06:01:53.266 - INFO - SP35 M30 2025-11-20 18:00:00,000 O:15821.4 H:15905.4 L:15818.9 C:15873.4 V:406
2025-11-21 06:01:53.275 - INFO - Converted 540/540 valid records for CAPITALCOM:SP35
2025-11-21 06:01:53.307 - INFO - ✅ Successfully inserted 540 records for CAPITALCOM:SP35 (timeframe: 30m) in 0.03s
2025-11-21 06:01:53.307 - INFO - ✅ Saved CAPITALCOM:SP35 30m | Progress: 60/208 (Remaining: 148)
2025-11-21 06:01:53.429 - INFO - Processed 541 records for CAPITALCOM:UK100 30m
2025-11-21 06:01:53.429 - INFO - [HISTORICAL] OHLCV Data - CAPITALCOM:UK100 (Timeframe: 30m) - 540 records
2025-11-21 06:01:53.429 - INFO - UK100 M30 2025-11-21 04:30:00,000 O:9448.4 H:9449.7 L:9438.6 C:9449.1 V:779
2025-11-21 06:01:53.429 - INFO - UK100 M30 2025-11-21 05:00:00,000 O:9448.6 H:9454.7 L:9446.9 C:9450.3 V:777
2025-11-21 06:01:53.429 - INFO - UK100 M30 2025-11-21 05:30:00,000 O:9450.5 H:9452.6 L:9444.8 C:9447.6 V:675
2025-11-21 06:01:53.436 - INFO - Converted 540/540 valid records for CAPITALCOM:UK100
2025-11-21 06:01:53.451 - INFO - ✅ Cấu hình thành công CAPITALCOM:US100 (Khung thời gian: 30m)
2025-11-21 06:01:53.475 - INFO - ✅ Successfully inserted 540 records for CAPITALCOM:UK100 (timeframe: 30m) in 0.04s
2025-11-21 06:01:53.475 - INFO - ✅ Saved CAPITALCOM:UK100 30m | Progress: 61/208 (Remaining: 147)
2025-11-21 06:01:53.655 - INFO - ✅ Cấu hình thành công CAPITALCOM:US30 (Khung thời gian: 30m)
2025-11-21 06:01:53.674 - INFO - Processed 541 records for CAPITALCOM:US100 30m
2025-11-21 06:01:53.674 - INFO - [HISTORICAL] OHLCV Data - CAPITALCOM:US100 (Timeframe: 30m) - 540 records
2025-11-21 06:01:53.675 - INFO - US100 M30 2025-11-21 04:30:00,000 O:24077.7 H:24099.6 L:24022.8 C:24096.2 V:4830
2025-11-21 06:01:53.676 - INFO - US100 M30 2025-11-21 05:00:00,000 O:24094.8 H:24132.3 L:24076.3 C:24094 V:4883
2025-11-21 06:01:53.676 - INFO - US100 M30 2025-11-21 05:30:00,000 O:24093.8 H:24106 L:24053.6 C:24067.1 V:4591
2025-11-21 06:01:53.686 - INFO - Converted 540/540 valid records for CAPITALCOM:US100
2025-11-21 06:01:53.723 - INFO - ✅ Successfully inserted 540 records for CAPITALCOM:US100 (timeframe: 30m) in 0.04s
2025-11-21 06:01:53.724 - INFO - ✅ Saved CAPITALCOM:US100 30m | Progress: 62/208 (Remaining: 146)
2025-11-21 06:01:53.862 - INFO - ✅ Cấu hình thành công CAPITALCOM:US500 (Khung thời gian: 30m)
2025-11-21 06:01:53.867 - INFO - Processed 541 records for CAPITALCOM:US30 30m
2025-11-21 06:01:53.867 - INFO - [HISTORICAL] OHLCV Data - CAPITALCOM:US30 (Timeframe: 30m) - 540 records
2025-11-21 06:01:53.868 - INFO - US30 M30 2025-11-21 04:30:00,000 O:45934.5 H:45951.9 L:45875.5 C:45947.5 V:2875
2025-11-21 06:01:53.868 - INFO - US30 M30 2025-11-21 05:00:00,000 O:45945.5 H:45982.8 L:45928.7 C:45953.1 V:3018
2025-11-21 06:01:53.868 - INFO - US30 M30 2025-11-21 05:30:00,000 O:45952.6 H:45962.7 L:45894.5 C:45905.7 V:2750
2025-11-21 06:01:53.876 - INFO - Converted 540/540 valid records for CAPITALCOM:US30
2025-11-21 06:01:53.913 - INFO - ✅ Successfully inserted 540 records for CAPITALCOM:US30 (timeframe: 30m) in 0.04s
2025-11-21 06:01:53.913 - INFO - ✅ Saved CAPITALCOM:US30 30m | Progress: 63/208 (Remaining: 145)
2025-11-21 06:01:54.058 - INFO - Processed 541 records for CAPITALCOM:US500 30m
2025-11-21 06:01:54.058 - INFO - [HISTORICAL] OHLCV Data - CAPITALCOM:US500 (Timeframe: 30m) - 540 records
2025-11-21 06:01:54.059 - INFO - US500 M30 2025-11-21 04:30:00,000 O:6560.2 H:6562 L:6547.8 C:6561.8 V:2043
2025-11-21 06:01:54.059 - INFO - US500 M30 2025-11-21 05:00:00,000 O:6561.3 H:6567.5 L:6557.6 C:6560.9 V:2161
2025-11-21 06:01:54.059 - INFO - US500 M30 2025-11-21 05:30:00,000 O:6560.8 H:6562.7 L:6551.7 C:6553.8 V:2035
2025-11-21 06:01:54.066 - INFO - Converted 540/540 valid records for CAPITALCOM:US500
2025-11-21 06:01:54.066 - INFO - ✅ Cấu hình thành công CAPITALCOM:GOLD (Khung thời gian: 30m)
2025-11-21 06:01:54.067 - INFO - Completed timeframe 30m, waiting 4s...
2025-11-21 06:01:54.107 - INFO - ✅ Successfully inserted 540 records for CAPITALCOM:US500 (timeframe: 30m) in 0.04s
2025-11-21 06:01:54.107 - INFO - ✅ Saved CAPITALCOM:US500 30m | Progress: 64/208 (Remaining: 144)
2025-11-21 06:01:54.279 - INFO - Processed 541 records for CAPITALCOM:GOLD 30m
2025-11-21 06:01:54.279 - INFO - [HISTORICAL] OHLCV Data - CAPITALCOM:GOLD (Timeframe: 30m) - 540 records
2025-11-21 06:01:54.279 - INFO - GOLD M30 2025-11-21 04:30:00,000 O:4059.78 H:4060.44 L:4047.7 C:4052.06 V:6031
2025-11-21 06:01:54.280 - INFO - GOLD M30 2025-11-21 05:00:00,000 O:4052.07 H:4057.22 L:4051.41 C:4052.78 V:6373
2025-11-21 06:01:54.280 - INFO - GOLD M30 2025-11-21 05:30:00,000 O:4052.71 H:4059.66 L:4039.74 C:4058.56 V:11752
2025-11-21 06:01:54.287 - INFO - Converted 540/540 valid records for CAPITALCOM:GOLD
2025-11-21 06:01:54.324 - INFO - ✅ Successfully inserted 540 records for CAPITALCOM:GOLD (timeframe: 30m) in 0.03s
2025-11-21 06:01:54.324 - INFO - ✅ Saved CAPITALCOM:GOLD 30m | Progress: 65/208 (Remaining: 143)
2025-11-21 06:01:58.075 - INFO - Processing timeframe 45m...
2025-11-21 06:01:58.196 - INFO - Heartbeat received: ~m~4~m~~h~6
2025-11-21 06:01:58.197 - INFO - Echoed heartbeat: ~m~4~m~~h~6
2025-11-21 06:01:58.279 - INFO - ✅ Cấu hình thành công CAPITALCOM:BTCUSD (Khung thời gian: 45m)
2025-11-21 06:01:58.482 - INFO - ✅ Cấu hình thành công CAPITALCOM:AU200AU (Khung thời gian: 45m)
2025-11-21 06:01:58.528 - INFO - Processed 541 records for CAPITALCOM:BTCUSD 45m
2025-11-21 06:01:58.529 - INFO - [HISTORICAL] OHLCV Data - CAPITALCOM:BTCUSD (Timeframe: 45m) - 540 records
2025-11-21 06:01:58.529 - INFO - BTCUSD M45 2025-11-21 03:15:00,000 O:85657.9 H:85991.65 L:85319.6 C:85706.75 V:44238
2025-11-21 06:01:58.529 - INFO - BTCUSD M45 2025-11-21 04:00:00,000 O:85708.9 H:85856.65 L:85278.1 C:85764.45 V:36693
2025-11-21 06:01:58.529 - INFO - BTCUSD M45 2025-11-21 04:45:00,000 O:85765.1 H:86217.45 L:85589.9 C:86086.4 V:38244
2025-11-21 06:01:58.536 - INFO - Converted 540/540 valid records for CAPITALCOM:BTCUSD
2025-11-21 06:01:58.685 - INFO - ✅ Cấu hình thành công BINANCE:BTCUSD (Khung thời gian: 45m)
2025-11-21 06:01:58.702 - INFO - Processed 541 records for CAPITALCOM:AU200AU 45m
2025-11-21 06:01:58.702 - INFO - [HISTORICAL] OHLCV Data - CAPITALCOM:AU200AU (Timeframe: 45m) - 540 records
2025-11-21 06:01:58.703 - INFO - AU200AU M45 2025-11-21 03:00:00,000 O:8429.1 H:8440.1 L:8421.1 C:8434.1 V:587
2025-11-21 06:01:58.703 - INFO - AU200AU M45 2025-11-21 03:45:00,000 O:8435.1 H:8436.1 L:8418.1 C:8423.1 V:635
2025-11-21 06:01:58.703 - INFO - AU200AU M45 2025-11-21 04:30:00,000 O:8422.1 H:8428.1 L:8412.1 C:8423.1 V:780
2025-11-21 06:01:58.710 - INFO - Converted 540/540 valid records for CAPITALCOM:AU200AU
2025-11-21 06:01:58.777 - INFO - WebSocket still active
2025-11-21 06:01:58.788 - INFO - ✅ Successfully inserted 540 records for CAPITALCOM:BTCUSD (timeframe: 45m) in 0.25s
2025-11-21 06:01:58.788 - INFO - ✅ Saved CAPITALCOM:BTCUSD 45m | Progress: 66/208 (Remaining: 142)
2025-11-21 06:01:58.823 - INFO - ✅ Successfully inserted 540 records for CAPITALCOM:AU200AU (timeframe: 45m) in 0.11s
2025-11-21 06:01:58.824 - INFO - ✅ Saved CAPITALCOM:AU200AU 45m | Progress: 67/208 (Remaining: 141)
2025-11-21 06:01:58.886 - INFO - ✅ Cấu hình thành công CAPITALCOM:DE40 (Khung thời gian: 45m)
2025-11-21 06:01:58.944 - INFO - Processed 541 records for BINANCE:BTCUSD 45m
2025-11-21 06:01:58.944 - INFO - [HISTORICAL] OHLCV Data - BINANCE:BTCUSD (Timeframe: 45m) - 540 records
2025-11-21 06:01:58.944 - INFO - BTCUSD M45 2025-11-21 03:45:00,000 O:85965.41 H:86028.54 L:85520.24 C:85749.97 V:7.23278
2025-11-21 06:01:58.944 - INFO - BTCUSD M45 2025-11-21 04:30:00,000 O:85764.31 H:86160.22 L:85307.42 C:86133.03 V:14.24728
2025-11-21 06:01:58.944 - INFO - BTCUSD M45 2025-11-21 05:15:00,000 O:86099.14 H:86299.09 L:85736.73 C:86107.44 V:13.80562
2025-11-21 06:01:58.951 - INFO - Converted 540/540 valid records for BINANCE:BTCUSD
2025-11-21 06:01:59.032 - INFO - ✅ Successfully inserted 540 records for BINANCE:BTCUSD (timeframe: 45m) in 0.08s
2025-11-21 06:01:59.032 - INFO - ✅ Saved BINANCE:BTCUSD 45m | Progress: 68/208 (Remaining: 140)
2025-11-21 06:01:59.089 - INFO - ✅ Cấu hình thành công CAPITALCOM:FR40 (Khung thời gian: 45m)
2025-11-21 06:01:59.106 - INFO - Processed 541 records for CAPITALCOM:DE40 45m
2025-11-21 06:01:59.106 - INFO - [HISTORICAL] OHLCV Data - CAPITALCOM:DE40 (Timeframe: 45m) - 540 records
2025-11-21 06:01:59.106 - INFO - DE40 M45 2025-11-21 03:15:00,000 O:22995.5 H:23029.8 L:22983 C:22983 V:1125
2025-11-21 06:01:59.106 - INFO - DE40 M45 2025-11-21 04:00:00,000 O:22982.4 H:22987.4 L:22930.4 C:22937.9 V:1264
2025-11-21 06:01:59.107 - INFO - DE40 M45 2025-11-21 04:45:00,000 O:22938.4 H:22996.5 L:22936.2 C:22977.9 V:1350
2025-11-21 06:01:59.114 - INFO - Converted 540/540 valid records for CAPITALCOM:DE40
2025-11-21 06:01:59.282 - INFO - Processed 541 records for CAPITALCOM:FR40 45m
2025-11-21 06:01:59.283 - INFO - [HISTORICAL] OHLCV Data - CAPITALCOM:FR40 (Timeframe: 45m) - 540 records
2025-11-21 06:01:59.283 - INFO - FR40 M45 2025-11-21 03:45:00,000 O:7915.7 H:7916.3 L:7898.4 C:7906 V:466
2025-11-21 06:01:59.283 - INFO - FR40 M45 2025-11-21 04:30:00,000 O:7904.8 H:7912.5 L:7895.2 C:7911.2 V:531
2025-11-21 06:01:59.283 - INFO - FR40 M45 2025-11-21 05:15:00,000 O:7911.8 H:7913.1 L:7900.9 C:7904.8 V:404
2025-11-21 06:01:59.291 - INFO - Converted 540/540 valid records for CAPITALCOM:FR40
2025-11-21 06:01:59.291 - INFO - ✅ Cấu hình thành công CAPITALCOM:HK50 (Khung thời gian: 45m)
2025-11-21 06:01:59.323 - INFO - ✅ Successfully inserted 540 records for CAPITALCOM:DE40 (timeframe: 45m) in 0.21s
2025-11-21 06:01:59.324 - INFO - ✅ Saved CAPITALCOM:DE40 45m | Progress: 69/208 (Remaining: 139)
2025-11-21 06:01:59.363 - INFO - ✅ Successfully inserted 540 records for CAPITALCOM:FR40 (timeframe: 45m) in 0.04s
2025-11-21 06:01:59.364 - INFO - ✅ Saved CAPITALCOM:FR40 45m | Progress: 70/208 (Remaining: 138)
2025-11-21 06:01:59.492 - INFO - ✅ Cấu hình thành công CAPITALCOM:J225 (Khung thời gian: 45m)
2025-11-21 06:01:59.495 - INFO - Processed 541 records for CAPITALCOM:HK50 45m
2025-11-21 06:01:59.496 - INFO - [HISTORICAL] OHLCV Data - CAPITALCOM:HK50 (Timeframe: 45m) - 540 records
2025-11-21 06:01:59.496 - INFO - HK50 M45 2025-11-21 03:15:00,000 O:25213.1 H:25304.3 L:25198.4 C:25284.8 V:4441
2025-11-21 06:01:59.496 - INFO - HK50 M45 2025-11-21 04:00:00,000 O:25272.7 H:25277.4 L:25216.7 C:25218.8 V:3177
2025-11-21 06:01:59.496 - INFO - HK50 M45 2025-11-21 04:45:00,000 O:25218.6 H:25443.3 L:25218.6 C:25401.3 V:4558
2025-11-21 06:01:59.503 - INFO - Converted 540/540 valid records for CAPITALCOM:HK50
2025-11-21 06:01:59.542 - INFO - ✅ Successfully inserted 540 records for CAPITALCOM:HK50 (timeframe: 45m) in 0.04s
2025-11-21 06:01:59.543 - INFO - ✅ Saved CAPITALCOM:HK50 45m | Progress: 71/208 (Remaining: 137)
2025-11-21 06:01:59.694 - INFO - Processed 541 records for CAPITALCOM:J225 45m
2025-11-21 06:01:59.694 - INFO - [HISTORICAL] OHLCV Data - CAPITALCOM:J225 (Timeframe: 45m) - 540 records
2025-11-21 06:01:59.694 - INFO - J225 M45 2025-11-21 03:15:00,000 O:48732 H:48896.4 L:48598.7 C:48644.5 V:4314
2025-11-21 06:01:59.695 - INFO - J225 M45 2025-11-21 04:00:00,000 O:48643.9 H:48699.3 L:48548.7 C:48571.3 V:4145
2025-11-21 06:01:59.695 - INFO - J225 M45 2025-11-21 04:45:00,000 O:48570.8 H:48769.8 L:48491.4 C:48706.5 V:4136
2025-11-21 06:01:59.702 - INFO - Converted 540/540 valid records for CAPITALCOM:J225
2025-11-21 06:01:59.702 - INFO - ✅ Cấu hình thành công CAPITALCOM:SP35 (Khung thời gian: 45m)
2025-11-21 06:01:59.738 - INFO - ✅ Successfully inserted 540 records for CAPITALCOM:J225 (timeframe: 45m) in 0.03s
2025-11-21 06:01:59.738 - INFO - ✅ Saved CAPITALCOM:J225 45m | Progress: 72/208 (Remaining: 136)
2025-11-21 06:01:59.907 - INFO - Processed 541 records for CAPITALCOM:SP35 45m
2025-11-21 06:01:59.907 - INFO - [HISTORICAL] OHLCV Data - CAPITALCOM:SP35 (Timeframe: 45m) - 540 records
2025-11-21 06:01:59.908 - INFO - SP35 M45 2025-11-20 16:00:00,000 O:16065.1 H:16068.1 L:15950.9 C:15952.9 V:1450
2025-11-21 06:01:59.908 - INFO - SP35 M45 2025-11-20 16:45:00,000 O:15952.4 H:15953.4 L:15831.4 C:15846.9 V:691
2025-11-21 06:01:59.908 - INFO - SP35 M45 2025-11-20 17:30:00,000 O:15853.9 H:15903.4 L:15801.9 C:15902.9 V:730
2025-11-21 06:01:59.923 - INFO - Converted 540/540 valid records for CAPITALCOM:SP35
2025-11-21 06:01:59.924 - INFO - ✅ Cấu hình thành công CAPITALCOM:UK100 (Khung thời gian: 45m)
2025-11-21 06:01:59.954 - INFO - ✅ Successfully inserted 540 records for CAPITALCOM:SP35 (timeframe: 45m) in 0.03s
2025-11-21 06:01:59.954 - INFO - ✅ Saved CAPITALCOM:SP35 45m | Progress: 73/208 (Remaining: 135)
2025-11-21 06:02:00.129 - INFO - ✅ Cấu hình thành công CAPITALCOM:US100 (Khung thời gian: 45m)
2025-11-21 06:02:00.143 - INFO - Processed 541 records for CAPITALCOM:UK100 45m
2025-11-21 06:02:00.143 - INFO - [HISTORICAL] OHLCV Data - CAPITALCOM:UK100 (Timeframe: 45m) - 540 records
2025-11-21 06:02:00.143 - INFO - UK100 M45 2025-11-21 03:15:00,000 O:9454.3 H:9461 L:9450.9 C:9451 V:1001
2025-11-21 06:02:00.144 - INFO - UK100 M45 2025-11-21 04:00:00,000 O:9451.3 H:9452.3 L:9439.9 C:9442.2 V:1082
2025-11-21 06:02:00.144 - INFO - UK100 M45 2025-11-21 04:45:00,000 O:9442.4 H:9454.7 L:9438.6 C:9450.3 V:1175
2025-11-21 06:02:00.151 - INFO - Converted 540/540 valid records for CAPITALCOM:UK100
2025-11-21 06:02:00.189 - INFO - ✅ Successfully inserted 540 records for CAPITALCOM:UK100 (timeframe: 45m) in 0.04s
2025-11-21 06:02:00.189 - INFO - ✅ Saved CAPITALCOM:UK100 45m | Progress: 74/208 (Remaining: 134)
2025-11-21 06:02:00.330 - INFO - ✅ Cấu hình thành công CAPITALCOM:US30 (Khung thời gian: 45m)
2025-11-21 06:02:00.347 - INFO - Processed 541 records for CAPITALCOM:US100 45m
2025-11-21 06:02:00.347 - INFO - [HISTORICAL] OHLCV Data - CAPITALCOM:US100 (Timeframe: 45m) - 540 records
2025-11-21 06:02:00.348 - INFO - US100 M45 2025-11-21 03:15:00,000 O:24109.1 H:24160.3 L:24088.7 C:24117.4 V:6886
2025-11-21 06:02:00.348 - INFO - US100 M45 2025-11-21 04:00:00,000 O:24118.1 H:24128.3 L:24022.8 C:24050 V:7049
2025-11-21 06:02:00.348 - INFO - US100 M45 2025-11-21 04:45:00,000 O:24050.3 H:24132.3 L:24031.3 C:24094 V:7253
2025-11-21 06:02:00.355 - INFO - Converted 540/540 valid records for CAPITALCOM:US100
2025-11-21 06:02:00.393 - INFO - ✅ Successfully inserted 540 records for CAPITALCOM:US100 (timeframe: 45m) in 0.04s
2025-11-21 06:02:00.394 - INFO - ✅ Saved CAPITALCOM:US100 45m | Progress: 75/208 (Remaining: 133)
2025-11-21 06:02:00.539 - INFO - ✅ Cấu hình thành công CAPITALCOM:US500 (Khung thời gian: 45m)
2025-11-21 06:02:00.544 - INFO - Processed 541 records for CAPITALCOM:US30 45m
2025-11-21 06:02:00.544 - INFO - [HISTORICAL] OHLCV Data - CAPITALCOM:US30 (Timeframe: 45m) - 540 records
2025-11-21 06:02:00.544 - INFO - US30 M45 2025-11-21 03:15:00,000 O:45973.1 H:46021.9 L:45939.1 C:45953.4 V:3991
2025-11-21 06:02:00.545 - INFO - US30 M45 2025-11-21 04:00:00,000 O:45953.9 H:45962 L:45875.5 C:45891.6 V:4147
2025-11-21 06:02:00.545 - INFO - US30 M45 2025-11-21 04:45:00,000 O:45890.6 H:45982.8 L:45886.1 C:45953.1 V:4459
2025-11-21 06:02:00.553 - INFO - Converted 540/540 valid records for CAPITALCOM:US30
2025-11-21 06:02:00.589 - INFO - ✅ Successfully inserted 540 records for CAPITALCOM:US30 (timeframe: 45m) in 0.03s
2025-11-21 06:02:00.590 - INFO - ✅ Saved CAPITALCOM:US30 45m | Progress: 76/208 (Remaining: 132)
2025-11-21 06:02:00.741 - INFO - ✅ Cấu hình thành công CAPITALCOM:GOLD (Khung thời gian: 45m)
2025-11-21 06:02:00.741 - INFO - Completed timeframe 45m, waiting 4s...
2025-11-21 06:02:00.772 - INFO - Processed 541 records for CAPITALCOM:US500 45m
2025-11-21 06:02:00.772 - INFO - [HISTORICAL] OHLCV Data - CAPITALCOM:US500 (Timeframe: 45m) - 540 records
2025-11-21 06:02:00.772 - INFO - US500 M45 2025-11-21 03:15:00,000 O:6565.1 H:6575.7 L:6562 C:6566.4 V:2957
2025-11-21 06:02:00.772 - INFO - US500 M45 2025-11-21 04:00:00,000 O:6566.2 H:6567.9 L:6547.8 C:6552.8 V:3053
2025-11-21 06:02:00.773 - INFO - US500 M45 2025-11-21 04:45:00,000 O:6552.7 H:6567.5 L:6550.2 C:6560.9 V:3154
2025-11-21 06:02:00.780 - INFO - Converted 540/540 valid records for CAPITALCOM:US500
2025-11-21 06:02:00.814 - INFO - ✅ Successfully inserted 540 records for CAPITALCOM:US500 (timeframe: 45m) in 0.03s
2025-11-21 06:02:00.814 - INFO - ✅ Saved CAPITALCOM:US500 45m | Progress: 77/208 (Remaining: 131)
2025-11-21 06:02:00.926 - INFO - Processed 1 records for CAPITALCOM:BTCUSD 1m
2025-11-21 06:02:00.928 - INFO - Processed 541 records for CAPITALCOM:GOLD 45m
2025-11-21 06:02:00.928 - INFO - [HISTORICAL] OHLCV Data - CAPITALCOM:GOLD (Timeframe: 45m) - 540 records
2025-11-21 06:02:00.928 - INFO - GOLD M45 2025-11-21 03:30:00,000 O:4052.4 H:4062.32 L:4050.63 C:4055.18 V:10815
2025-11-21 06:02:00.929 - INFO - GOLD M45 2025-11-21 04:15:00,000 O:4055.17 H:4060.57 L:4047.7 C:4052.06 V:9409
2025-11-21 06:02:00.929 - INFO - GOLD M45 2025-11-21 05:00:00,000 O:4052.07 H:4057.4 L:4047.89 C:4048.67 V:11400
2025-11-21 06:02:00.936 - INFO - Converted 540/540 valid records for CAPITALCOM:GOLD
2025-11-21 06:02:00.975 - INFO - ✅ Successfully inserted 540 records for CAPITALCOM:GOLD (timeframe: 45m) in 0.04s
2025-11-21 06:02:00.976 - INFO - ✅ Saved CAPITALCOM:GOLD 45m | Progress: 78/208 (Remaining: 130)
2025-11-21 06:02:01.046 - INFO - Processed 1 records for CAPITALCOM:HK50 1m
2025-11-21 06:02:01.046 - INFO - Processed 1 records for CAPITALCOM:J225 1m
2025-11-21 06:02:01.046 - INFO - Processed 1 records for CAPITALCOM:US500 1m
2025-11-21 06:02:01.047 - INFO - Processed 1 records for CAPITALCOM:US100 1m
2025-11-21 06:02:01.047 - INFO - Processed 1 records for CAPITALCOM:US30 1m
2025-11-21 06:02:01.109 - INFO - Processed 1 records for CAPITALCOM:GOLD 1m
2025-11-21 06:02:03.327 - INFO - Processed 1 records for CAPITALCOM:DE40 1m
2025-11-21 06:02:04.744 - INFO - Processing timeframe 60m...
2025-11-21 06:02:04.947 - INFO - ✅ Cấu hình thành công CAPITALCOM:BTCUSD (Khung thời gian: 60m)
2025-11-21 06:02:05.152 - INFO - ✅ Cấu hình thành công CAPITALCOM:AU200AU (Khung thời gian: 60m)
2025-11-21 06:02:05.162 - INFO - Processed 541 records for CAPITALCOM:BTCUSD 60m
2025-11-21 06:02:05.162 - INFO - [HISTORICAL] OHLCV Data - CAPITALCOM:BTCUSD (Timeframe: 60m) - 540 records
2025-11-21 06:02:05.162 - INFO - BTCUSD H1 2025-11-21 03:00:00,000 O:85329.8 H:85991.65 L:85310.4 C:85706.75 V:58918
2025-11-21 06:02:05.162 - INFO - BTCUSD H1 2025-11-21 04:00:00,000 O:85708.9 H:85975.9 L:85278.1 C:85922.65 V:48598
2025-11-21 06:02:05.162 - INFO - BTCUSD H1 2025-11-21 05:00:00,000 O:85922.3 H:86217.45 L:85707.65 C:86051.55 V:46860
2025-11-21 06:02:05.170 - INFO - Converted 540/540 valid records for CAPITALCOM:BTCUSD
2025-11-21 06:02:05.304 - INFO - ✅ Successfully inserted 540 records for CAPITALCOM:BTCUSD (timeframe: 60m) in 0.13s
2025-11-21 06:02:05.304 - INFO - ✅ Saved CAPITALCOM:BTCUSD 60m | Progress: 79/208 (Remaining: 129)
2025-11-21 06:02:05.339 - INFO - Processed 541 records for CAPITALCOM:AU200AU 60m
2025-11-21 06:02:05.339 - INFO - [HISTORICAL] OHLCV Data - CAPITALCOM:AU200AU (Timeframe: 60m) - 540 records
2025-11-21 06:02:05.339 - INFO - AU200AU H1 2025-11-21 01:30:00,000 O:8434.1 H:8439.1 L:8423.1 C:8426.1 V:1120
2025-11-21 06:02:05.339 - INFO - AU200AU H1 2025-11-21 02:30:00,000 O:8425.1 H:8434.1 L:8421.1 C:8432.1 V:825
2025-11-21 06:02:05.340 - INFO - AU200AU H1 2025-11-21 03:30:00,000 O:8433.1 H:8440.1 L:8418.1 C:8423.1 V:853
2025-11-21 06:02:05.346 - INFO - Converted 540/540 valid records for CAPITALCOM:AU200AU
2025-11-21 06:02:05.357 - INFO - ✅ Cấu hình thành công BINANCE:BTCUSD (Khung thời gian: 60m)
2025-11-21 06:02:05.412 - INFO - ✅ Successfully inserted 540 records for CAPITALCOM:AU200AU (timeframe: 60m) in 0.06s
2025-11-21 06:02:05.412 - INFO - ✅ Saved CAPITALCOM:AU200AU 60m | Progress: 80/208 (Remaining: 128)
2025-11-21 06:02:05.563 - INFO - Processed 541 records for BINANCE:BTCUSD 60m
2025-11-21 06:02:05.564 - INFO - [HISTORICAL] OHLCV Data - BINANCE:BTCUSD (Timeframe: 60m) - 540 records
2025-11-21 06:02:05.564 - INFO - BTCUSD H1 2025-11-21 03:00:00,000 O:85355.58 H:86034.03 L:85355.58 C:85729.58 V:16.39884
2025-11-21 06:02:05.565 - INFO - BTCUSD H1 2025-11-21 04:00:00,000 O:85718.39 H:86035.83 L:85307.42 C:85975.88 V:13.38639
2025-11-21 06:02:05.566 - INFO - BTCUSD H1 2025-11-21 05:00:00,000 O:85956.14 H:86299.09 L:85736.73 C:86107.44 V:19.26595
2025-11-21 06:02:05.589 - INFO - Converted 540/540 valid records for BINANCE:BTCUSD
2025-11-21 06:02:05.590 - INFO - ✅ Cấu hình thành công CAPITALCOM:DE40 (Khung thời gian: 60m)
2025-11-21 06:02:05.665 - INFO - ✅ Successfully inserted 540 records for BINANCE:BTCUSD (timeframe: 60m) in 0.07s
2025-11-21 06:02:05.665 - INFO - ✅ Saved BINANCE:BTCUSD 60m | Progress: 81/208 (Remaining: 127)
2025-11-21 06:02:05.777 - INFO - Processed 541 records for CAPITALCOM:DE40 60m
2025-11-21 06:02:05.777 - INFO - [HISTORICAL] OHLCV Data - CAPITALCOM:DE40 (Timeframe: 60m) - 540 records
2025-11-21 06:02:05.778 - INFO - DE40 H1 2025-11-21 03:00:00,000 O:22995.5 H:23029.8 L:22983 C:22983 V:1442
2025-11-21 06:02:05.778 - INFO - DE40 H1 2025-11-21 04:00:00,000 O:22982.4 H:22987.4 L:22930.4 C:22968.3 V:1590
2025-11-21 06:02:05.778 - INFO - DE40 H1 2025-11-21 05:00:00,000 O:22967.8 H:22996.5 L:22960.2 C:22976.7 V:1735
2025-11-21 06:02:05.785 - INFO - Converted 540/540 valid records for CAPITALCOM:DE40
2025-11-21 06:02:05.792 - INFO - ✅ Cấu hình thành công CAPITALCOM:FR40 (Khung thời gian: 60m)
2025-11-21 06:02:05.827 - INFO - ✅ Successfully inserted 540 records for CAPITALCOM:DE40 (timeframe: 60m) in 0.04s
2025-11-21 06:02:05.827 - INFO - ✅ Saved CAPITALCOM:DE40 60m | Progress: 82/208 (Remaining: 126)
2025-11-21 06:02:05.963 - INFO - Processed 541 records for CAPITALCOM:FR40 60m
2025-11-21 06:02:05.964 - INFO - [HISTORICAL] OHLCV Data - CAPITALCOM:FR40 (Timeframe: 60m) - 540 records
2025-11-21 06:02:05.964 - INFO - FR40 H1 2025-11-21 03:00:00,000 O:7913.1 H:7922.7 L:7908.6 C:7908.6 V:527
2025-11-21 06:02:05.964 - INFO - FR40 H1 2025-11-21 04:00:00,000 O:7909.3 H:7909.9 L:7895.2 C:7906 V:611
2025-11-21 06:02:05.964 - INFO - FR40 H1 2025-11-21 05:00:00,000 O:7905.4 H:7913.1 L:7900.9 C:7904.8 V:641
2025-11-21 06:02:05.972 - INFO - Converted 540/540 valid records for CAPITALCOM:FR40
2025-11-21 06:02:05.998 - INFO - ✅ Cấu hình thành công CAPITALCOM:HK50 (Khung thời gian: 60m)
2025-11-21 06:02:06.009 - INFO - ✅ Successfully inserted 540 records for CAPITALCOM:FR40 (timeframe: 60m) in 0.04s
2025-11-21 06:02:06.010 - INFO - ✅ Saved CAPITALCOM:FR40 60m | Progress: 83/208 (Remaining: 125)
2025-11-21 06:02:06.184 - INFO - Processed 541 records for CAPITALCOM:HK50 60m
2025-11-21 06:02:06.184 - INFO - [HISTORICAL] OHLCV Data - CAPITALCOM:HK50 (Timeframe: 60m) - 540 records
2025-11-21 06:02:06.184 - INFO - HK50 H1 2025-11-21 03:00:00,000 O:25215 H:25304.3 L:25195.9 C:25284.8 V:6253
2025-11-21 06:02:06.184 - INFO - HK50 H1 2025-11-21 04:00:00,000 O:25272.7 H:25277.4 L:25216.7 C:25264.5 V:4193
2025-11-21 06:02:06.184 - INFO - HK50 H1 2025-11-21 05:00:00,000 O:25266.9 H:25457.6 L:25261.9 C:25395.8 V:6897
2025-11-21 06:02:06.191 - INFO - Converted 540/540 valid records for CAPITALCOM:HK50
2025-11-21 06:02:06.199 - INFO - ✅ Cấu hình thành công CAPITALCOM:J225 (Khung thời gian: 60m)
2025-11-21 06:02:06.227 - INFO - ✅ Successfully inserted 540 records for CAPITALCOM:HK50 (timeframe: 60m) in 0.04s
2025-11-21 06:02:06.227 - INFO - ✅ Saved CAPITALCOM:HK50 60m | Progress: 84/208 (Remaining: 124)
2025-11-21 06:02:06.410 - INFO - Processed 541 records for CAPITALCOM:J225 60m
2025-11-21 06:02:06.411 - INFO - [HISTORICAL] OHLCV Data - CAPITALCOM:J225 (Timeframe: 60m) - 540 records
2025-11-21 06:02:06.411 - INFO - J225 H1 2025-11-21 03:00:00,000 O:48677.9 H:48896.4 L:48598.7 C:48644.5 V:5502
2025-11-21 06:02:06.412 - INFO - J225 H1 2025-11-21 04:00:00,000 O:48643.9 H:48699.3 L:48491.4 C:48689.6 V:5523
2025-11-21 06:02:06.412 - INFO - J225 H1 2025-11-21 05:00:00,000 O:48679.6 H:48769.8 L:48613.7 C:48665.1 V:5042
2025-11-21 06:02:06.429 - INFO - Converted 540/540 valid records for CAPITALCOM:J225
2025-11-21 06:02:06.429 - INFO - ✅ Cấu hình thành công CAPITALCOM:SP35 (Khung thời gian: 60m)
2025-11-21 06:02:06.462 - INFO - ✅ Successfully inserted 540 records for CAPITALCOM:J225 (timeframe: 60m) in 0.03s
2025-11-21 06:02:06.462 - INFO - ✅ Saved CAPITALCOM:J225 60m | Progress: 85/208 (Remaining: 123)
2025-11-21 06:02:06.628 - INFO - Processed 541 records for CAPITALCOM:SP35 60m
2025-11-21 06:02:06.628 - INFO - [HISTORICAL] OHLCV Data - CAPITALCOM:SP35 (Timeframe: 60m) - 540 records
2025-11-21 06:02:06.628 - INFO - SP35 H1 2025-11-20 15:00:00,000 O:16108.3 H:16121.2 L:16063.8 C:16063.8 V:1499
2025-11-21 06:02:06.629 - INFO - SP35 H1 2025-11-20 16:00:00,000 O:16065.1 H:16068.1 L:15872.9 C:15872.9 V:1684
2025-11-21 06:02:06.629 - INFO - SP35 H1 2025-11-20 17:00:00,000 O:15880.4 H:15908.4 L:15801.9 C:15824.9 V:851
2025-11-21 06:02:06.636 - INFO - Converted 540/540 valid records for CAPITALCOM:SP35
2025-11-21 06:02:06.636 - INFO - ✅ Cấu hình thành công CAPITALCOM:UK100 (Khung thời gian: 60m)
2025-11-21 06:02:06.664 - INFO - ✅ Successfully inserted 540 records for CAPITALCOM:SP35 (timeframe: 60m) in 0.03s
2025-11-21 06:02:06.665 - INFO - ✅ Saved CAPITALCOM:SP35 60m | Progress: 86/208 (Remaining: 122)
2025-11-21 06:02:06.826 - INFO - Processed 541 records for CAPITALCOM:UK100 60m
2025-11-21 06:02:06.826 - INFO - [HISTORICAL] OHLCV Data - CAPITALCOM:UK100 (Timeframe: 60m) - 540 records
2025-11-21 06:02:06.826 - INFO - UK100 H1 2025-11-21 03:00:00,000 O:9453.8 H:9461 L:9450.9 C:9451 V:1347
2025-11-21 06:02:06.827 - INFO - UK100 H1 2025-11-21 04:00:00,000 O:9451.3 H:9452.3 L:9438.6 C:9449.1 V:1480
2025-11-21 06:02:06.827 - INFO - UK100 H1 2025-11-21 05:00:00,000 O:9448.6 H:9454.7 L:9444.8 C:9447.6 V:1452
2025-11-21 06:02:06.834 - INFO - Converted 540/540 valid records for CAPITALCOM:UK100
2025-11-21 06:02:06.837 - INFO - ✅ Cấu hình thành công CAPITALCOM:US100 (Khung thời gian: 60m)
2025-11-21 06:02:06.869 - INFO - ✅ Successfully inserted 540 records for CAPITALCOM:UK100 (timeframe: 60m) in 0.03s
2025-11-21 06:02:06.869 - INFO - ✅ Saved CAPITALCOM:UK100 60m | Progress: 87/208 (Remaining: 121)
2025-11-21 06:02:07.021 - INFO - Processed 541 records for CAPITALCOM:US100 60m
2025-11-21 06:02:07.021 - INFO - [HISTORICAL] OHLCV Data - CAPITALCOM:US100 (Timeframe: 60m) - 540 records
2025-11-21 06:02:07.021 - INFO - US100 H1 2025-11-21 03:00:00,000 O:24098.2 H:24160.3 L:24086 C:24117.4 V:9257
2025-11-21 06:02:07.021 - INFO - US100 H1 2025-11-21 04:00:00,000 O:24118.1 H:24128.3 L:24022.8 C:24096.2 V:9419
2025-11-21 06:02:07.021 - INFO - US100 H1 2025-11-21 05:00:00,000 O:24094.8 H:24132.3 L:24053.6 C:24067.1 V:9474
2025-11-21 06:02:07.029 - INFO - Converted 540/540 valid records for CAPITALCOM:US100
2025-11-21 06:02:07.042 - INFO - ✅ Cấu hình thành công CAPITALCOM:US30 (Khung thời gian: 60m)
2025-11-21 06:02:07.066 - INFO - ✅ Successfully inserted 540 records for CAPITALCOM:US100 (timeframe: 60m) in 0.03s
2025-11-21 06:02:07.066 - INFO - ✅ Saved CAPITALCOM:US100 60m | Progress: 88/208 (Remaining: 120)
2025-11-21 06:02:07.240 - INFO - Processed 541 records for CAPITALCOM:US30 60m
2025-11-21 06:02:07.241 - INFO - [HISTORICAL] OHLCV Data - CAPITALCOM:US30 (Timeframe: 60m) - 540 records
2025-11-21 06:02:07.241 - INFO - US30 H1 2025-11-21 03:00:00,000 O:45952.7 H:46021.9 L:45939.1 C:45953.4 V:5369
2025-11-21 06:02:07.241 - INFO - US30 H1 2025-11-21 04:00:00,000 O:45953.9 H:45962 L:45875.5 C:45947.5 V:5588
2025-11-21 06:02:07.241 - INFO - US30 H1 2025-11-21 05:00:00,000 O:45945.5 H:45982.8 L:45894.5 C:45905.7 V:5768
2025-11-21 06:02:07.248 - INFO - Converted 540/540 valid records for CAPITALCOM:US30
2025-11-21 06:02:07.249 - INFO - ✅ Cấu hình thành công CAPITALCOM:US500 (Khung thời gian: 60m)
2025-11-21 06:02:07.279 - INFO - ✅ Successfully inserted 540 records for CAPITALCOM:US30 (timeframe: 60m) in 0.03s
2025-11-21 06:02:07.280 - INFO - ✅ Saved CAPITALCOM:US30 60m | Progress: 89/208 (Remaining: 119)
2025-11-21 06:02:07.416 - INFO - Processed 541 records for CAPITALCOM:US500 60m
2025-11-21 06:02:07.417 - INFO - [HISTORICAL] OHLCV Data - CAPITALCOM:US500 (Timeframe: 60m) - 540 records
2025-11-21 06:02:07.417 - INFO - US500 H1 2025-11-21 03:00:00,000 O:6562 H:6575.7 L:6560.3 C:6566.4 V:3885
2025-11-21 06:02:07.417 - INFO - US500 H1 2025-11-21 04:00:00,000 O:6566.2 H:6567.9 L:6547.8 C:6561.8 V:4046
2025-11-21 06:02:07.417 - INFO - US500 H1 2025-11-21 05:00:00,000 O:6561.3 H:6567.5 L:6551.7 C:6553.8 V:4196
2025-11-21 06:02:07.424 - INFO - Converted 540/540 valid records for CAPITALCOM:US500
2025-11-21 06:02:07.458 - INFO - ✅ Cấu hình thành công CAPITALCOM:GOLD (Khung thời gian: 60m)
2025-11-21 06:02:07.458 - INFO - Completed timeframe 60m, waiting 4s...
2025-11-21 06:02:07.460 - INFO - ✅ Successfully inserted 540 records for CAPITALCOM:US500 (timeframe: 60m) in 0.03s
2025-11-21 06:02:07.460 - INFO - ✅ Saved CAPITALCOM:US500 60m | Progress: 90/208 (Remaining: 118)
2025-11-21 06:02:07.647 - INFO - Processed 541 records for CAPITALCOM:GOLD 60m
2025-11-21 06:02:07.648 - INFO - [HISTORICAL] OHLCV Data - CAPITALCOM:GOLD (Timeframe: 60m) - 540 records
2025-11-21 06:02:07.648 - INFO - GOLD H1 2025-11-21 03:00:00,000 O:4057.22 H:4059.27 L:4049.29 C:4056.12 V:17066
2025-11-21 06:02:07.648 - INFO - GOLD H1 2025-11-21 04:00:00,000 O:4056.09 H:4062.32 L:4047.7 C:4052.06 V:12824
2025-11-21 06:02:07.648 - INFO - GOLD H1 2025-11-21 05:00:00,000 O:4052.07 H:4059.66 L:4039.74 C:4058.56 V:18125
2025-11-21 06:02:07.656 - INFO - Converted 540/540 valid records for CAPITALCOM:GOLD
2025-11-21 06:02:07.692 - INFO - ✅ Successfully inserted 540 records for CAPITALCOM:GOLD (timeframe: 60m) in 0.04s
2025-11-21 06:02:07.693 - INFO - ✅ Saved CAPITALCOM:GOLD 60m | Progress: 91/208 (Remaining: 117)
2025-11-21 06:02:08.179 - INFO - Heartbeat received: ~m~4~m~~h~7
2025-11-21 06:02:08.180 - INFO - Echoed heartbeat: ~m~4~m~~h~7
2025-11-21 06:02:08.808 - INFO - WebSocket still active
2025-11-21 06:02:10.157 - INFO - Processed 1 records for BINANCE:BTCUSD 1m
2025-11-21 06:02:11.461 - INFO - Processing timeframe 90m...
2025-11-21 06:02:11.666 - INFO - ✅ Cấu hình thành công CAPITALCOM:BTCUSD (Khung thời gian: 90m)
2025-11-21 06:02:11.868 - INFO - ✅ Cấu hình thành công CAPITALCOM:AU200AU (Khung thời gian: 90m)
2025-11-21 06:02:12.072 - INFO - ✅ Cấu hình thành công BINANCE:BTCUSD (Khung thời gian: 90m)
2025-11-21 06:02:12.290 - INFO - ✅ Cấu hình thành công CAPITALCOM:DE40 (Khung thời gian: 90m)
2025-11-21 06:02:12.491 - INFO - ✅ Cấu hình thành công CAPITALCOM:FR40 (Khung thời gian: 90m)
2025-11-21 06:02:12.694 - INFO - ✅ Cấu hình thành công CAPITALCOM:HK50 (Khung thời gian: 90m)
2025-11-21 06:02:12.898 - INFO - ✅ Cấu hình thành công CAPITALCOM:J225 (Khung thời gian: 90m)
2025-11-21 06:02:13.100 - INFO - ✅ Cấu hình thành công CAPITALCOM:SP35 (Khung thời gian: 90m)
2025-11-21 06:02:13.303 - INFO - ✅ Cấu hình thành công CAPITALCOM:UK100 (Khung thời gian: 90m)
2025-11-21 06:02:13.504 - INFO - ✅ Cấu hình thành công CAPITALCOM:US100 (Khung thời gian: 90m)
2025-11-21 06:02:13.706 - INFO - ✅ Cấu hình thành công CAPITALCOM:US30 (Khung thời gian: 90m)
2025-11-21 06:02:13.911 - INFO - ✅ Cấu hình thành công CAPITALCOM:US500 (Khung thời gian: 90m)
2025-11-21 06:02:14.114 - INFO - ✅ Cấu hình thành công CAPITALCOM:GOLD (Khung thời gian: 90m)
2025-11-21 06:02:14.115 - INFO - Completed timeframe 90m, waiting 4s...
2025-11-21 06:02:18.123 - INFO - Processing timeframe 120m...
2025-11-21 06:02:18.198 - INFO - Heartbeat received: ~m~4~m~~h~8
2025-11-21 06:02:18.198 - INFO - Echoed heartbeat: ~m~4~m~~h~8
2025-11-21 06:02:18.326 - INFO - ✅ Cấu hình thành công CAPITALCOM:BTCUSD (Khung thời gian: 120m)
2025-11-21 06:02:18.528 - INFO - ✅ Cấu hình thành công CAPITALCOM:AU200AU (Khung thời gian: 120m)
2025-11-21 06:02:18.536 - INFO - Processed 541 records for CAPITALCOM:BTCUSD 120m
2025-11-21 06:02:18.536 - INFO - [HISTORICAL] OHLCV Data - CAPITALCOM:BTCUSD (Timeframe: 120m) - 540 records
2025-11-21 06:02:18.537 - INFO - BTCUSD H2 2025-11-21 00:00:00,000 O:86496.6 H:87351.25 L:86463.7 C:86930.05 V:91494
2025-11-21 06:02:18.537 - INFO - BTCUSD H2 2025-11-21 02:00:00,000 O:86932.3 H:86950.55 L:85248.4 C:85706.75 V:111669
2025-11-21 06:02:18.537 - INFO - BTCUSD H2 2025-11-21 04:00:00,000 O:85708.9 H:86217.45 L:85278.1 C:86051.55 V:95458
2025-11-21 06:02:18.545 - INFO - Converted 540/540 valid records for CAPITALCOM:BTCUSD
2025-11-21 06:02:18.634 - INFO - ✅ Successfully inserted 540 records for CAPITALCOM:BTCUSD (timeframe: 120m) in 0.09s
2025-11-21 06:02:18.634 - INFO - ✅ Saved CAPITALCOM:BTCUSD 120m | Progress: 92/208 (Remaining: 116)
2025-11-21 06:02:18.712 - INFO - Processed 541 records for CAPITALCOM:AU200AU 120m
2025-11-21 06:02:18.712 - INFO - [HISTORICAL] OHLCV Data - CAPITALCOM:AU200AU (Timeframe: 120m) - 540 records
2025-11-21 06:02:18.712 - INFO - AU200AU H2 2025-11-20 22:30:00,000 O:8402.1 H:8446.1 L:8381.1 C:8442.1 V:2357
2025-11-21 06:02:18.713 - INFO - AU200AU H2 2025-11-21 00:30:00,000 O:8443.1 H:8449.1 L:8423.1 C:8426.1 V:2489
2025-11-21 06:02:18.713 - INFO - AU200AU H2 2025-11-21 02:30:00,000 O:8425.1 H:8440.1 L:8418.1 C:8423.1 V:1678
2025-11-21 06:02:18.720 - INFO - Converted 540/540 valid records for CAPITALCOM:AU200AU
2025-11-21 06:02:18.733 - INFO - ✅ Cấu hình thành công BINANCE:BTCUSD (Khung thời gian: 120m)
2025-11-21 06:02:18.779 - INFO - ✅ Successfully inserted 540 records for CAPITALCOM:AU200AU (timeframe: 120m) in 0.06s
2025-11-21 06:02:18.779 - INFO - ✅ Saved CAPITALCOM:AU200AU 120m | Progress: 93/208 (Remaining: 115)
2025-11-21 06:02:18.934 - INFO - ✅ Cấu hình thành công CAPITALCOM:DE40 (Khung thời gian: 120m)
2025-11-21 06:02:18.936 - INFO - WebSocket still active
2025-11-21 06:02:18.940 - INFO - Processed 541 records for BINANCE:BTCUSD 120m
2025-11-21 06:02:18.940 - INFO - [HISTORICAL] OHLCV Data - BINANCE:BTCUSD (Timeframe: 120m) - 540 records
2025-11-21 06:02:18.940 - INFO - BTCUSD H2 2025-11-21 00:00:00,000 O:86532.34 H:87390.34 L:86499.76 C:86947.58 V:23.08898
2025-11-21 06:02:18.940 - INFO - BTCUSD H2 2025-11-21 02:00:00,000 O:86952.11 H:86957.08 L:85281.5 C:85729.58 V:52.46033
2025-11-21 06:02:18.941 - INFO - BTCUSD H2 2025-11-21 04:00:00,000 O:85718.39 H:86299.09 L:85307.42 C:86107.44 V:32.65234
2025-11-21 06:02:18.948 - INFO - Converted 540/540 valid records for BINANCE:BTCUSD
2025-11-21 06:02:18.998 - INFO - ✅ Successfully inserted 540 records for BINANCE:BTCUSD (timeframe: 120m) in 0.05s
2025-11-21 06:02:18.998 - INFO - ✅ Saved BINANCE:BTCUSD 120m | Progress: 94/208 (Remaining: 114)
2025-11-21 06:02:19.113 - INFO - Processed 541 records for CAPITALCOM:DE40 120m
2025-11-21 06:02:19.113 - INFO - [HISTORICAL] OHLCV Data - CAPITALCOM:DE40 (Timeframe: 120m) - 540 records
2025-11-21 06:02:19.113 - INFO - DE40 H2 2025-11-21 00:00:00,000 O:22958.7 H:23026.8 L:22951.7 C:23013 V:4070
2025-11-21 06:02:19.113 - INFO - DE40 H2 2025-11-21 02:00:00,000 O:23013.5 H:23029.8 L:22983 C:22983 V:2530
2025-11-21 06:02:19.113 - INFO - DE40 H2 2025-11-21 04:00:00,000 O:22982.4 H:22996.5 L:22930.4 C:22976.7 V:3325
2025-11-21 06:02:19.120 - INFO - Converted 540/540 valid records for CAPITALCOM:DE40
2025-11-21 06:02:19.139 - INFO - ✅ Cấu hình thành công CAPITALCOM:FR40 (Khung thời gian: 120m)
2025-11-21 06:02:19.157 - INFO - ✅ Successfully inserted 540 records for CAPITALCOM:DE40 (timeframe: 120m) in 0.04s
2025-11-21 06:02:19.157 - INFO - ✅ Saved CAPITALCOM:DE40 120m | Progress: 95/208 (Remaining: 113)
2025-11-21 06:02:19.320 - INFO - Processed 541 records for CAPITALCOM:FR40 120m
2025-11-21 06:02:19.320 - INFO - [HISTORICAL] OHLCV Data - CAPITALCOM:FR40 (Timeframe: 120m) - 540 records
2025-11-21 06:02:19.320 - INFO - FR40 H2 2025-11-21 00:00:00,000 O:7915 H:7926.5 L:7908.6 C:7921.4 V:1023
2025-11-21 06:02:19.320 - INFO - FR40 H2 2025-11-21 02:00:00,000 O:7920.1 H:7925.3 L:7908.6 C:7908.6 V:990
2025-11-21 06:02:19.320 - INFO - FR40 H2 2025-11-21 04:00:00,000 O:7909.3 H:7913.1 L:7895.2 C:7904.8 V:1252
2025-11-21 06:02:19.328 - INFO - Converted 540/540 valid records for CAPITALCOM:FR40
2025-11-21 06:02:19.342 - INFO - ✅ Cấu hình thành công CAPITALCOM:HK50 (Khung thời gian: 120m)
2025-11-21 06:02:19.377 - INFO - ✅ Successfully inserted 540 records for CAPITALCOM:FR40 (timeframe: 120m) in 0.05s
2025-11-21 06:02:19.378 - INFO - ✅ Saved CAPITALCOM:FR40 120m | Progress: 96/208 (Remaining: 112)
2025-11-21 06:02:19.536 - INFO - Processed 541 records for CAPITALCOM:HK50 120m
2025-11-21 06:02:19.537 - INFO - [HISTORICAL] OHLCV Data - CAPITALCOM:HK50 (Timeframe: 120m) - 540 records
2025-11-21 06:02:19.538 - INFO - HK50 H2 2025-11-21 00:00:00,000 O:25482.3 H:25539.1 L:25274.1 C:25411.1 V:11831
2025-11-21 06:02:19.538 - INFO - HK50 H2 2025-11-21 02:00:00,000 O:25412.1 H:25465.5 L:25178.5 C:25284.8 V:13704
2025-11-21 06:02:19.539 - INFO - HK50 H2 2025-11-21 04:00:00,000 O:25272.7 H:25457.6 L:25216.7 C:25395.8 V:11090
2025-11-21 06:02:19.565 - INFO - Converted 540/540 valid records for CAPITALCOM:HK50
2025-11-21 06:02:19.566 - INFO - ✅ Cấu hình thành công CAPITALCOM:J225 (Khung thời gian: 120m)
2025-11-21 06:02:19.596 - INFO - ✅ Successfully inserted 540 records for CAPITALCOM:HK50 (timeframe: 120m) in 0.03s
2025-11-21 06:02:19.596 - INFO - ✅ Saved CAPITALCOM:HK50 120m | Progress: 97/208 (Remaining: 111)
2025-11-21 06:02:19.749 - INFO - Processed 541 records for CAPITALCOM:J225 120m
2025-11-21 06:02:19.749 - INFO - [HISTORICAL] OHLCV Data - CAPITALCOM:J225 (Timeframe: 120m) - 540 records
2025-11-21 06:02:19.749 - INFO - J225 H2 2025-11-21 00:00:00,000 O:48352.6 H:49026 L:48270 C:48876.5 V:16006
2025-11-21 06:02:19.749 - INFO - J225 H2 2025-11-21 02:00:00,000 O:48876.8 H:48900.5 L:48598.7 C:48644.5 V:11162
2025-11-21 06:02:19.749 - INFO - J225 H2 2025-11-21 04:00:00,000 O:48643.9 H:48769.8 L:48491.4 C:48665.1 V:10565
2025-11-21 06:02:19.756 - INFO - Converted 540/540 valid records for CAPITALCOM:J225
2025-11-21 06:02:19.776 - INFO - ✅ Cấu hình thành công CAPITALCOM:SP35 (Khung thời gian: 120m)
2025-11-21 06:02:19.787 - INFO - ✅ Successfully inserted 540 records for CAPITALCOM:J225 (timeframe: 120m) in 0.03s
2025-11-21 06:02:19.787 - INFO - ✅ Saved CAPITALCOM:J225 120m | Progress: 98/208 (Remaining: 110)
2025-11-21 06:02:19.971 - INFO - Processed 541 records for CAPITALCOM:SP35 120m
2025-11-21 06:02:19.971 - INFO - [HISTORICAL] OHLCV Data - CAPITALCOM:SP35 (Timeframe: 120m) - 540 records
2025-11-21 06:02:19.971 - INFO - SP35 H2 2025-11-20 11:00:00,000 O:16079 H:16079 L:15979.4 C:16023.7 V:2123
2025-11-21 06:02:19.971 - INFO - SP35 H2 2025-11-20 13:00:00,000 O:16023.1 H:16109.5 L:16022.1 C:16109.5 V:2384
2025-11-21 06:02:19.971 - INFO - SP35 H2 2025-11-20 15:00:00,000 O:16108.3 H:16121.2 L:15872.9 C:15872.9 V:3183
2025-11-21 06:02:19.978 - INFO - Converted 540/540 valid records for CAPITALCOM:SP35
2025-11-21 06:02:19.979 - INFO - ✅ Cấu hình thành công CAPITALCOM:UK100 (Khung thời gian: 120m)
2025-11-21 06:02:20.005 - INFO - ✅ Successfully inserted 540 records for CAPITALCOM:SP35 (timeframe: 120m) in 0.02s
2025-11-21 06:02:20.005 - INFO - ✅ Saved CAPITALCOM:SP35 120m | Progress: 99/208 (Remaining: 109)
2025-11-21 06:02:20.163 - INFO - Processed 541 records for CAPITALCOM:UK100 120m
2025-11-21 06:02:20.163 - INFO - [HISTORICAL] OHLCV Data - CAPITALCOM:UK100 (Timeframe: 120m) - 540 records
2025-11-21 06:02:20.163 - INFO - UK100 H2 2025-11-21 00:00:00,000 O:9449.1 H:9471.2 L:9446.8 C:9462 V:3948
2025-11-21 06:02:20.163 - INFO - UK100 H2 2025-11-21 02:00:00,000 O:9462.3 H:9464.6 L:9450.9 C:9451 V:2817
2025-11-21 06:02:20.164 - INFO - UK100 H2 2025-11-21 04:00:00,000 O:9451.3 H:9454.7 L:9438.6 C:9447.6 V:2932
2025-11-21 06:02:20.180 - INFO - Converted 540/540 valid records for CAPITALCOM:UK100
2025-11-21 06:02:20.181 - INFO - ✅ Cấu hình thành công CAPITALCOM:US100 (Khung thời gian: 120m)
2025-11-21 06:02:20.211 - INFO - ✅ Successfully inserted 540 records for CAPITALCOM:UK100 (timeframe: 120m) in 0.03s
2025-11-21 06:02:20.211 - INFO - ✅ Saved CAPITALCOM:UK100 120m | Progress: 100/208 (Remaining: 108)
2025-11-21 06:02:20.359 - INFO - Processed 541 records for CAPITALCOM:US100 120m
2025-11-21 06:02:20.360 - INFO - [HISTORICAL] OHLCV Data - CAPITALCOM:US100 (Timeframe: 120m) - 540 records
2025-11-21 06:02:20.360 - INFO - US100 H2 2025-11-21 00:00:00,000 O:24062.4 H:24159.8 L:24038.3 C:24129.9 V:20307
2025-11-21 06:02:20.360 - INFO - US100 H2 2025-11-21 02:00:00,000 O:24132.7 H:24160.3 L:24082.3 C:24117.4 V:18711
2025-11-21 06:02:20.360 - INFO - US100 H2 2025-11-21 04:00:00,000 O:24118.1 H:24132.3 L:24022.8 C:24067.1 V:18893
2025-11-21 06:02:20.373 - INFO - Converted 540/540 valid records for CAPITALCOM:US100
2025-11-21 06:02:20.387 - INFO - ✅ Cấu hình thành công CAPITALCOM:US30 (Khung thời gian: 120m)
2025-11-21 06:02:20.399 - INFO - ✅ Successfully inserted 540 records for CAPITALCOM:US100 (timeframe: 120m) in 0.02s
2025-11-21 06:02:20.400 - INFO - ✅ Saved CAPITALCOM:US100 120m | Progress: 101/208 (Remaining: 107)
2025-11-21 06:02:20.582 - INFO - Processed 541 records for CAPITALCOM:US30 120m
2025-11-21 06:02:20.582 - INFO - [HISTORICAL] OHLCV Data - CAPITALCOM:US30 (Timeframe: 120m) - 540 records
2025-11-21 06:02:20.582 - INFO - US30 H2 2025-11-21 00:00:00,000 O:45839.5 H:45976.5 L:45824.6 C:45949.1 V:12823
2025-11-21 06:02:20.582 - INFO - US30 H2 2025-11-21 02:00:00,000 O:45951.1 H:46021.9 L:45929.6 C:45953.4 V:10918
2025-11-21 06:02:20.582 - INFO - US30 H2 2025-11-21 04:00:00,000 O:45953.9 H:45982.8 L:45875.5 C:45905.7 V:11356
2025-11-21 06:02:20.589 - INFO - Converted 540/540 valid records for CAPITALCOM:US30
2025-11-21 06:02:20.590 - INFO - ✅ Cấu hình thành công CAPITALCOM:US500 (Khung thời gian: 120m)
2025-11-21 06:02:20.616 - INFO - ✅ Successfully inserted 540 records for CAPITALCOM:US30 (timeframe: 120m) in 0.02s
2025-11-21 06:02:20.617 - INFO - ✅ Saved CAPITALCOM:US30 120m | Progress: 102/208 (Remaining: 106)
2025-11-21 06:02:20.784 - INFO - Processed 541 records for CAPITALCOM:US500 120m
2025-11-21 06:02:20.785 - INFO - [HISTORICAL] OHLCV Data - CAPITALCOM:US500 (Timeframe: 120m) - 540 records
2025-11-21 06:02:20.785 - INFO - US500 H2 2025-11-21 00:00:00,000 O:6546.7 H:6570.6 L:6543.6 C:6565.1 V:8665
2025-11-21 06:02:20.785 - INFO - US500 H2 2025-11-21 02:00:00,000 O:6565.5 H:6575.7 L:6559.1 C:6566.4 V:8097
2025-11-21 06:02:20.785 - INFO - US500 H2 2025-11-21 04:00:00,000 O:6566.2 H:6567.9 L:6547.8 C:6553.8 V:8242
2025-11-21 06:02:20.792 - INFO - Converted 540/540 valid records for CAPITALCOM:US500
2025-11-21 06:02:20.793 - INFO - ✅ Cấu hình thành công CAPITALCOM:GOLD (Khung thời gian: 120m)
2025-11-21 06:02:20.793 - INFO - Completed timeframe 120m, waiting 4s...
2025-11-21 06:02:20.820 - INFO - ✅ Successfully inserted 540 records for CAPITALCOM:US500 (timeframe: 120m) in 0.02s
2025-11-21 06:02:20.820 - INFO - ✅ Saved CAPITALCOM:US500 120m | Progress: 103/208 (Remaining: 105)
2025-11-21 06:02:20.989 - INFO - Processed 541 records for CAPITALCOM:GOLD 120m
2025-11-21 06:02:20.989 - INFO - [HISTORICAL] OHLCV Data - CAPITALCOM:GOLD (Timeframe: 120m) - 540 records
2025-11-21 06:02:20.989 - INFO - GOLD H2 2025-11-20 23:00:00,000 O:4075.99 H:4088.85 L:4071.45 C:4073.76 V:21802
2025-11-21 06:02:20.989 - INFO - GOLD H2 2025-11-21 01:00:00,000 O:4073.71 H:4079.84 L:4056.5 C:4057.27 V:37527
2025-11-21 06:02:20.989 - INFO - GOLD H2 2025-11-21 03:00:00,000 O:4057.22 H:4062.32 L:4047.7 C:4052.06 V:29890
2025-11-21 06:02:20.998 - INFO - Converted 540/540 valid records for CAPITALCOM:GOLD
2025-11-21 06:02:21.027 - INFO - ✅ Successfully inserted 540 records for CAPITALCOM:GOLD (timeframe: 120m) in 0.03s
2025-11-21 06:02:21.027 - INFO - ✅ Saved CAPITALCOM:GOLD 120m | Progress: 104/208 (Remaining: 104)
2025-11-21 06:02:24.247 - INFO - Processed 1 records for CAPITALCOM:FR40 1m
2025-11-21 06:02:24.794 - INFO - Processing timeframe 180m...
2025-11-21 06:02:24.999 - INFO - ✅ Cấu hình thành công CAPITALCOM:BTCUSD (Khung thời gian: 180m)
2025-11-21 06:02:25.200 - INFO - Processed 541 records for CAPITALCOM:BTCUSD 180m
2025-11-21 06:02:25.201 - INFO - [HISTORICAL] OHLCV Data - CAPITALCOM:BTCUSD (Timeframe: 180m) - 540 records
2025-11-21 06:02:25.202 - INFO - BTCUSD H3 2025-11-20 19:00:00,000 O:86367.7 H:87533.15 L:85963.35 C:87167.5 V:114963
2025-11-21 06:02:25.203 - INFO - BTCUSD H3 2025-11-20 22:00:00,000 O:87335.5 H:88112.25 L:86431.65 C:87135.5 V:111107
2025-11-21 06:02:25.203 - INFO - BTCUSD H3 2025-11-21 01:00:00,000 O:87136.5 H:87320.1 L:85248.4 C:85706.75 V:159313
2025-11-21 06:02:25.214 - INFO - Converted 540/540 valid records for CAPITALCOM:BTCUSD
2025-11-21 06:02:25.214 - INFO - ✅ Cấu hình thành công CAPITALCOM:AU200AU (Khung thời gian: 180m)
2025-11-21 06:02:25.295 - INFO - ✅ Successfully inserted 540 records for CAPITALCOM:BTCUSD (timeframe: 180m) in 0.08s
2025-11-21 06:02:25.295 - INFO - ✅ Saved CAPITALCOM:BTCUSD 180m | Progress: 105/208 (Remaining: 103)
2025-11-21 06:02:25.402 - INFO - Processed 541 records for CAPITALCOM:AU200AU 180m
2025-11-21 06:02:25.402 - INFO - [HISTORICAL] OHLCV Data - CAPITALCOM:AU200AU (Timeframe: 180m) - 540 records
2025-11-21 06:02:25.402 - INFO - AU200AU H3 2025-11-20 19:30:00,000 O:8431.6 H:8441.6 L:8403.6 C:8410.6 V:2422
2025-11-21 06:02:25.403 - INFO - AU200AU H3 2025-11-20 22:30:00,000 O:8402.1 H:8449.1 L:8381.1 C:8433.1 V:3726
2025-11-21 06:02:25.403 - INFO - AU200AU H3 2025-11-21 01:30:00,000 O:8434.1 H:8440.1 L:8418.1 C:8423.1 V:2798
2025-11-21 06:02:25.415 - INFO - Converted 540/540 valid records for CAPITALCOM:AU200AU
2025-11-21 06:02:25.416 - INFO - ✅ Cấu hình thành công BINANCE:BTCUSD (Khung thời gian: 180m)
2025-11-21 06:02:25.465 - INFO - ✅ Successfully inserted 540 records for CAPITALCOM:AU200AU (timeframe: 180m) in 0.05s
2025-11-21 06:02:25.465 - INFO - ✅ Saved CAPITALCOM:AU200AU 180m | Progress: 106/208 (Remaining: 102)
2025-11-21 06:02:25.618 - INFO - ✅ Cấu hình thành công CAPITALCOM:DE40 (Khung thời gian: 180m)
2025-11-21 06:02:25.631 - INFO - Processed 541 records for BINANCE:BTCUSD 180m
2025-11-21 06:02:25.631 - INFO - [HISTORICAL] OHLCV Data - BINANCE:BTCUSD (Timeframe: 180m) - 540 records
2025-11-21 06:02:25.632 - INFO - BTCUSD H3 2025-11-20 21:00:00,000 O:86352.4 H:88182.92 L:86320.65 C:86535.62 V:67.34775
2025-11-21 06:02:25.632 - INFO - BTCUSD H3 2025-11-21 00:00:00,000 O:86532.34 H:87390.34 L:85281.5 C:85374.42 V:59.15047
2025-11-21 06:02:25.632 - INFO - BTCUSD H3 2025-11-21 03:00:00,000 O:85355.58 H:86299.09 L:85307.42 C:86107.44 V:49.05118
2025-11-21 06:02:25.640 - INFO - Converted 540/540 valid records for BINANCE:BTCUSD
2025-11-21 06:02:25.684 - INFO - ✅ Successfully inserted 540 records for BINANCE:BTCUSD (timeframe: 180m) in 0.04s
2025-11-21 06:02:25.684 - INFO - ✅ Saved BINANCE:BTCUSD 180m | Progress: 107/208 (Remaining: 101)
2025-11-21 06:02:25.801 - INFO - Processed 541 records for CAPITALCOM:DE40 180m
2025-11-21 06:02:25.801 - INFO - [HISTORICAL] OHLCV Data - CAPITALCOM:DE40 (Timeframe: 180m) - 540 records
2025-11-21 06:02:25.801 - INFO - DE40 H3 2025-11-20 19:00:00,000 O:23004.1 H:23086.7 L:22905.3 C:22924.4 V:17566
2025-11-21 06:02:25.801 - INFO - DE40 H3 2025-11-20 22:00:00,000 O:22925.6 H:23017.5 L:22899.8 C:23010.3 V:7976
2025-11-21 06:02:25.801 - INFO - DE40 H3 2025-11-21 01:00:00,000 O:23008.8 H:23029.8 L:22978.4 C:22983 V:4229
2025-11-21 06:02:25.808 - INFO - Converted 540/540 valid records for CAPITALCOM:DE40
2025-11-21 06:02:25.824 - INFO - ✅ Cấu hình thành công CAPITALCOM:FR40 (Khung thời gian: 180m)
2025-11-21 06:02:25.844 - INFO - ✅ Successfully inserted 540 records for CAPITALCOM:DE40 (timeframe: 180m) in 0.03s
2025-11-21 06:02:25.844 - INFO - ✅ Saved CAPITALCOM:DE40 180m | Progress: 108/208 (Remaining: 100)
2025-11-21 06:02:26.028 - INFO - ✅ Cấu hình thành công CAPITALCOM:HK50 (Khung thời gian: 180m)
2025-11-21 06:02:26.099 - INFO - Processed 541 records for CAPITALCOM:FR40 180m
2025-11-21 06:02:26.099 - INFO - [HISTORICAL] OHLCV Data - CAPITALCOM:FR40 (Timeframe: 180m) - 540 records
2025-11-21 06:02:26.100 - INFO - FR40 H3 2025-11-20 18:00:00,000 O:7911.4 H:7959.1 L:7886.6 C:7892.1 V:7284
2025-11-21 06:02:26.100 - INFO - FR40 H3 2025-11-21 00:00:00,000 O:7915 H:7926.5 L:7908.6 C:7912.5 V:1486
2025-11-21 06:02:26.100 - INFO - FR40 H3 2025-11-21 03:00:00,000 O:7913.1 H:7922.7 L:7895.2 C:7904.8 V:1779
2025-11-21 06:02:26.107 - INFO - Converted 540/540 valid records for CAPITALCOM:FR40
2025-11-21 06:02:26.159 - INFO - ✅ Successfully inserted 540 records for CAPITALCOM:FR40 (timeframe: 180m) in 0.05s
2025-11-21 06:02:26.159 - INFO - ✅ Saved CAPITALCOM:FR40 180m | Progress: 109/208 (Remaining: 99)
2025-11-21 06:02:26.209 - INFO - Processed 541 records for CAPITALCOM:HK50 180m
2025-11-21 06:02:26.209 - INFO - [HISTORICAL] OHLCV Data - CAPITALCOM:HK50 (Timeframe: 180m) - 540 records
2025-11-21 06:02:26.209 - INFO - HK50 H3 2025-11-20 19:00:00,000 O:25432.7 H:25491.5 L:25390.5 C:25397.4 V:17217
2025-11-21 06:02:26.209 - INFO - HK50 H3 2025-11-20 22:00:00,000 O:25385.3 H:25501.6 L:25370 C:25489.4 V:10054
2025-11-21 06:02:26.209 - INFO - HK50 H3 2025-11-21 01:00:00,000 O:25488.8 H:25539.1 L:25178.5 C:25284.8 V:21057
2025-11-21 06:02:26.216 - INFO - Converted 540/540 valid records for CAPITALCOM:HK50
2025-11-21 06:02:26.229 - INFO - ✅ Cấu hình thành công CAPITALCOM:J225 (Khung thời gian: 180m)
2025-11-21 06:02:26.242 - INFO - ✅ Successfully inserted 540 records for CAPITALCOM:HK50 (timeframe: 180m) in 0.03s
2025-11-21 06:02:26.242 - INFO - ✅ Saved CAPITALCOM:HK50 180m | Progress: 110/208 (Remaining: 98)
2025-11-21 06:02:26.427 - INFO - Processed 541 records for CAPITALCOM:J225 180m
2025-11-21 06:02:26.427 - INFO - [HISTORICAL] OHLCV Data - CAPITALCOM:J225 (Timeframe: 180m) - 540 records
2025-11-21 06:02:26.427 - INFO - J225 H3 2025-11-20 19:00:00,000 O:48564.4 H:48796.8 L:48325.1 C:48348.8 V:14656
2025-11-21 06:02:26.428 - INFO - J225 H3 2025-11-20 22:00:00,000 O:48350.8 H:48919.7 L:48147.9 C:48751.3 V:13707
2025-11-21 06:02:26.428 - INFO - J225 H3 2025-11-21 01:00:00,000 O:48748.8 H:49026 L:48598.7 C:48644.5 V:18145
2025-11-21 06:02:26.435 - INFO - Converted 540/540 valid records for CAPITALCOM:J225
2025-11-21 06:02:26.435 - INFO - ✅ Cấu hình thành công CAPITALCOM:SP35 (Khung thời gian: 180m)
2025-11-21 06:02:26.461 - INFO - ✅ Successfully inserted 540 records for CAPITALCOM:J225 (timeframe: 180m) in 0.02s
2025-11-21 06:02:26.461 - INFO - ✅ Saved CAPITALCOM:J225 180m | Progress: 111/208 (Remaining: 97)
2025-11-21 06:02:26.616 - INFO - Processed 541 records for CAPITALCOM:SP35 180m
2025-11-21 06:02:26.616 - INFO - [HISTORICAL] OHLCV Data - CAPITALCOM:SP35 (Timeframe: 180m) - 540 records
2025-11-21 06:02:26.616 - INFO - SP35 H3 2025-11-20 07:00:00,000 O:16019.8 H:16048.3 L:15977.9 C:16013.6 V:4247
2025-11-21 06:02:26.617 - INFO - SP35 H3 2025-11-20 10:00:00,000 O:16012.3 H:16080.3 L:15979.4 C:16023.7 V:3353
2025-11-21 06:02:26.617 - INFO - SP35 H3 2025-11-20 13:00:00,000 O:16023.1 H:16121.2 L:16022.1 C:16063.8 V:3883
2025-11-21 06:02:26.624 - INFO - Converted 540/540 valid records for CAPITALCOM:SP35
2025-11-21 06:02:26.637 - INFO - ✅ Cấu hình thành công CAPITALCOM:UK100 (Khung thời gian: 180m)
2025-11-21 06:02:26.649 - INFO - ✅ Successfully inserted 540 records for CAPITALCOM:SP35 (timeframe: 180m) in 0.02s
2025-11-21 06:02:26.650 - INFO - ✅ Saved CAPITALCOM:SP35 180m | Progress: 112/208 (Remaining: 96)
2025-11-21 06:02:26.801 - INFO - Processed 541 records for CAPITALCOM:UK100 180m
2025-11-21 06:02:26.802 - INFO - [HISTORICAL] OHLCV Data - CAPITALCOM:UK100 (Timeframe: 180m) - 540 records
2025-11-21 06:02:26.803 - INFO - UK100 H3 2025-11-20 19:00:00,000 O:9450.4 H:9476.3 L:9434.8 C:9438.2 V:11150
2025-11-21 06:02:26.803 - INFO - UK100 H3 2025-11-20 22:00:00,000 O:9438.7 H:9464.2 L:9432.9 C:9461.5 V:6370
2025-11-21 06:02:26.804 - INFO - UK100 H3 2025-11-21 01:00:00,000 O:9461.1 H:9471.2 L:9450.9 C:9451 V:4464
2025-11-21 06:02:26.820 - INFO - Converted 540/540 valid records for CAPITALCOM:UK100
2025-11-21 06:02:26.841 - INFO - ✅ Cấu hình thành công CAPITALCOM:US100 (Khung thời gian: 180m)
2025-11-21 06:02:26.850 - INFO - ✅ Successfully inserted 540 records for CAPITALCOM:UK100 (timeframe: 180m) in 0.03s
2025-11-21 06:02:26.850 - INFO - ✅ Saved CAPITALCOM:UK100 180m | Progress: 113/208 (Remaining: 95)
2025-11-21 06:02:27.034 - INFO - Processed 541 records for CAPITALCOM:US100 180m
2025-11-21 06:02:27.034 - INFO - [HISTORICAL] OHLCV Data - CAPITALCOM:US100 (Timeframe: 180m) - 540 records
2025-11-21 06:02:27.034 - INFO - US100 H3 2025-11-20 19:00:00,000 O:24198.9 H:24323.4 L:23989.8 C:23994.8 V:38722
2025-11-21 06:02:27.034 - INFO - US100 H3 2025-11-20 22:00:00,000 O:23995.1 H:24130.2 L:23944.6 C:24108.6 V:22714
2025-11-21 06:02:27.034 - INFO - US100 H3 2025-11-21 01:00:00,000 O:24108.5 H:24160.3 L:24082.3 C:24117.4 V:28934
2025-11-21 06:02:27.041 - INFO - Converted 540/540 valid records for CAPITALCOM:US100
2025-11-21 06:02:27.042 - INFO - ✅ Cấu hình thành công CAPITALCOM:US30 (Khung thời gian: 180m)
2025-11-21 06:02:27.065 - INFO - ✅ Successfully inserted 540 records for CAPITALCOM:US100 (timeframe: 180m) in 0.02s
2025-11-21 06:02:27.065 - INFO - ✅ Saved CAPITALCOM:US100 180m | Progress: 114/208 (Remaining: 94)
2025-11-21 06:02:27.238 - INFO - Processed 541 records for CAPITALCOM:US30 180m
2025-11-21 06:02:27.238 - INFO - [HISTORICAL] OHLCV Data - CAPITALCOM:US30 (Timeframe: 180m) - 540 records
2025-11-21 06:02:27.238 - INFO - US30 H3 2025-11-20 19:00:00,000 O:45785.6 H:46043.4 L:45697.6 C:45739.1 V:29119
2025-11-21 06:02:27.238 - INFO - US30 H3 2025-11-20 22:00:00,000 O:45741 H:45939.1 L:45710.2 C:45920.3 V:13613
2025-11-21 06:02:27.239 - INFO - US30 H3 2025-11-21 01:00:00,000 O:45920.8 H:46021.9 L:45904.8 C:45953.4 V:17399
2025-11-21 06:02:27.246 - INFO - Converted 540/540 valid records for CAPITALCOM:US30
2025-11-21 06:02:27.247 - INFO - ✅ Cấu hình thành công CAPITALCOM:US500 (Khung thời gian: 180m)
2025-11-21 06:02:27.270 - INFO - ✅ Successfully inserted 540 records for CAPITALCOM:US30 (timeframe: 180m) in 0.02s
2025-11-21 06:02:27.270 - INFO - ✅ Saved CAPITALCOM:US30 180m | Progress: 115/208 (Remaining: 93)
2025-11-21 06:02:27.445 - INFO - Processed 541 records for CAPITALCOM:US500 180m
2025-11-21 06:02:27.445 - INFO - [HISTORICAL] OHLCV Data - CAPITALCOM:US500 (Timeframe: 180m) - 540 records
2025-11-21 06:02:27.446 - INFO - US500 H3 2025-11-20 19:00:00,000 O:6565.1 H:6596.6 L:6530.1 C:6532.1 V:18766
2025-11-21 06:02:27.446 - INFO - US500 H3 2025-11-20 22:00:00,000 O:6532.5 H:6563.1 L:6522.2 C:6559.3 V:9533
2025-11-21 06:02:27.446 - INFO - US500 H3 2025-11-21 01:00:00,000 O:6559 H:6575.7 L:6556.9 C:6566.4 V:12501
2025-11-21 06:02:27.453 - INFO - Converted 540/540 valid records for CAPITALCOM:US500
2025-11-21 06:02:27.454 - INFO - ✅ Cấu hình thành công CAPITALCOM:GOLD (Khung thời gian: 180m)
2025-11-21 06:02:27.454 - INFO - Completed timeframe 180m, waiting 4s...
2025-11-21 06:02:27.478 - INFO - ✅ Successfully inserted 540 records for CAPITALCOM:US500 (timeframe: 180m) in 0.02s
2025-11-21 06:02:27.478 - INFO - ✅ Saved CAPITALCOM:US500 180m | Progress: 116/208 (Remaining: 92)
2025-11-21 06:02:27.663 - INFO - Processed 541 records for CAPITALCOM:GOLD 180m
2025-11-21 06:02:27.664 - INFO - [HISTORICAL] OHLCV Data - CAPITALCOM:GOLD (Timeframe: 180m) - 540 records
2025-11-21 06:02:27.665 - INFO - GOLD H3 2025-11-20 20:00:00,000 O:4084.56 H:4085.07 L:4073.28 C:4076.93 V:26529
2025-11-21 06:02:27.665 - INFO - GOLD H3 2025-11-20 23:00:00,000 O:4075.99 H:4088.85 L:4060.46 C:4068.39 V:42255
2025-11-21 06:02:27.666 - INFO - GOLD H3 2025-11-21 02:00:00,000 O:4068.34 H:4079.84 L:4047.7 C:4052.06 V:46964
2025-11-21 06:02:27.697 - INFO - Converted 540/540 valid records for CAPITALCOM:GOLD
2025-11-21 06:02:27.731 - INFO - ✅ Successfully inserted 540 records for CAPITALCOM:GOLD (timeframe: 180m) in 0.03s
2025-11-21 06:02:27.731 - INFO - ✅ Saved CAPITALCOM:GOLD 180m | Progress: 117/208 (Remaining: 91)
2025-11-21 06:02:28.152 - INFO - Heartbeat received: ~m~4~m~~h~9
2025-11-21 06:02:28.152 - INFO - Echoed heartbeat: ~m~4~m~~h~9
2025-11-21 06:02:28.950 - INFO - WebSocket still active
2025-11-21 06:02:31.457 - INFO - Processing timeframe 240m...
2025-11-21 06:02:31.662 - INFO - ✅ Cấu hình thành công CAPITALCOM:BTCUSD (Khung thời gian: 240m)
2025-11-21 06:02:31.861 - INFO - Processed 541 records for CAPITALCOM:BTCUSD 240m
2025-11-21 06:02:31.861 - INFO - [HISTORICAL] OHLCV Data - CAPITALCOM:BTCUSD (Timeframe: 240m) - 540 records
2025-11-21 06:02:31.861 - INFO - BTCUSD H4 2025-11-20 18:00:00,000 O:87115.9 H:87647.35 L:85963.35 C:87167.5 V:160717
2025-11-21 06:02:31.862 - INFO - BTCUSD H4 2025-11-20 22:00:00,000 O:87335.5 H:88112.25 L:86431.65 C:86930.05 V:158751
2025-11-21 06:02:31.862 - INFO - BTCUSD H4 2025-11-21 02:00:00,000 O:86932.3 H:86950.55 L:85248.4 C:86051.55 V:207127
2025-11-21 06:02:31.869 - INFO - Converted 540/540 valid records for CAPITALCOM:BTCUSD
2025-11-21 06:02:31.870 - INFO - ✅ Cấu hình thành công CAPITALCOM:AU200AU (Khung thời gian: 240m)
2025-11-21 06:02:31.968 - INFO - ✅ Successfully inserted 540 records for CAPITALCOM:BTCUSD (timeframe: 240m) in 0.10s
2025-11-21 06:02:31.969 - INFO - ✅ Saved CAPITALCOM:BTCUSD 240m | Progress: 118/208 (Remaining: 90)
2025-11-21 06:02:32.062 - INFO - Processed 541 records for CAPITALCOM:AU200AU 240m
2025-11-21 06:02:32.063 - INFO - [HISTORICAL] OHLCV Data - CAPITALCOM:AU200AU (Timeframe: 240m) - 540 records
2025-11-21 06:02:32.063 - INFO - AU200AU H4 2025-11-20 14:30:00,000 O:8524.6 H:8552.6 L:8421.6 C:8446.6 V:9209
2025-11-21 06:02:32.063 - INFO - AU200AU H4 2025-11-20 18:30:00,000 O:8445.6 H:8447.6 L:8403.6 C:8410.6 V:4609
2025-11-21 06:02:32.063 - INFO - AU200AU H4 2025-11-20 22:30:00,000 O:8402.1 H:8449.1 L:8381.1 C:8426.1 V:4846
2025-11-21 06:02:32.070 - INFO - Converted 540/540 valid records for CAPITALCOM:AU200AU
2025-11-21 06:02:32.071 - INFO - ✅ Cấu hình thành công BINANCE:BTCUSD (Khung thời gian: 240m)
2025-11-21 06:02:32.112 - INFO - ✅ Successfully inserted 540 records for CAPITALCOM:AU200AU (timeframe: 240m) in 0.04s
2025-11-21 06:02:32.112 - INFO - ✅ Saved CAPITALCOM:AU200AU 240m | Progress: 119/208 (Remaining: 89)
2025-11-21 06:02:32.268 - INFO - Processed 541 records for BINANCE:BTCUSD 240m
2025-11-21 06:02:32.268 - INFO - [HISTORICAL] OHLCV Data - BINANCE:BTCUSD (Timeframe: 240m) - 540 records
2025-11-21 06:02:32.268 - INFO - BTCUSD H4 2025-11-20 16:00:00,000 O:89780.35 H:89822.19 L:86017.72 C:86828.56 V:247.85466
2025-11-21 06:02:32.269 - INFO - BTCUSD H4 2025-11-20 20:00:00,000 O:86830.05 H:88172.02 L:86221.72 C:86535.62 V:103.06708
2025-11-21 06:02:32.269 - INFO - BTCUSD H4 2025-11-21 00:00:00,000 O:86532.34 H:87390.34 L:85281.5 C:85729.58 V:75.54931
2025-11-21 06:02:32.276 - INFO - Converted 540/540 valid records for BINANCE:BTCUSD
2025-11-21 06:02:32.276 - INFO - ✅ Cấu hình thành công CAPITALCOM:DE40 (Khung thời gian: 240m)
2025-11-21 06:02:32.313 - INFO - ✅ Successfully inserted 540 records for BINANCE:BTCUSD (timeframe: 240m) in 0.04s
2025-11-21 06:02:32.313 - INFO - ✅ Saved BINANCE:BTCUSD 240m | Progress: 120/208 (Remaining: 88)
2025-11-21 06:02:32.449 - INFO - Processed 541 records for CAPITALCOM:DE40 240m
2025-11-21 06:02:32.449 - INFO - [HISTORICAL] OHLCV Data - CAPITALCOM:DE40 (Timeframe: 240m) - 540 records
2025-11-21 06:02:32.449 - INFO - DE40 H4 2025-11-20 18:00:00,000 O:23051.9 H:23218.4 L:22905.3 C:22924.4 V:26224
2025-11-21 06:02:32.450 - INFO - DE40 H4 2025-11-20 22:00:00,000 O:22925.6 H:23026.8 L:22899.8 C:23013 V:9675
2025-11-21 06:02:32.450 - INFO - DE40 H4 2025-11-21 02:00:00,000 O:23013.5 H:23029.8 L:22930.4 C:22976.7 V:5855
2025-11-21 06:02:32.457 - INFO - Converted 540/540 valid records for CAPITALCOM:DE40
2025-11-21 06:02:32.487 - INFO - ✅ Cấu hình thành công CAPITALCOM:FR40 (Khung thời gian: 240m)
2025-11-21 06:02:32.490 - INFO - ✅ Successfully inserted 540 records for CAPITALCOM:DE40 (timeframe: 240m) in 0.03s
2025-11-21 06:02:32.491 - INFO - ✅ Saved CAPITALCOM:DE40 240m | Progress: 121/208 (Remaining: 87)
2025-11-21 06:02:32.681 - INFO - Processed 541 records for CAPITALCOM:FR40 240m
2025-11-21 06:02:32.681 - INFO - [HISTORICAL] OHLCV Data - CAPITALCOM:FR40 (Timeframe: 240m) - 540 records
2025-11-21 06:02:32.681 - INFO - FR40 H4 2025-11-20 16:00:00,000 O:8024.9 H:8025.4 L:7894.6 C:7927.9 V:17737
2025-11-21 06:02:32.681 - INFO - FR40 H4 2025-11-20 20:00:00,000 O:7927.6 H:7928.4 L:7886.6 C:7892.1 V:1899
2025-11-21 06:02:32.681 - INFO - FR40 H4 2025-11-21 00:00:00,000 O:7915 H:7926.5 L:7908.6 C:7908.6 V:2013
2025-11-21 06:02:32.688 - INFO - Converted 540/540 valid records for CAPITALCOM:FR40
2025-11-21 06:02:32.689 - INFO - ✅ Cấu hình thành công CAPITALCOM:HK50 (Khung thời gian: 240m)
2025-11-21 06:02:32.740 - INFO - ✅ Successfully inserted 540 records for CAPITALCOM:FR40 (timeframe: 240m) in 0.05s
2025-11-21 06:02:32.740 - INFO - ✅ Saved CAPITALCOM:FR40 240m | Progress: 122/208 (Remaining: 86)
2025-11-21 06:02:32.873 - INFO - Processed 541 records for CAPITALCOM:HK50 240m
2025-11-21 06:02:32.873 - INFO - [HISTORICAL] OHLCV Data - CAPITALCOM:HK50 (Timeframe: 240m) - 540 records
2025-11-21 06:02:32.874 - INFO - HK50 H4 2025-11-20 18:00:00,000 O:25480 H:25592.7 L:25390.5 C:25397.4 V:23913
2025-11-21 06:02:32.874 - INFO - HK50 H4 2025-11-20 22:00:00,000 O:25385.3 H:25539.1 L:25274.1 C:25411.1 V:17407
2025-11-21 06:02:32.874 - INFO - HK50 H4 2025-11-21 02:00:00,000 O:25412.1 H:25465.5 L:25178.5 C:25395.8 V:24794
2025-11-21 06:02:32.901 - INFO - Converted 540/540 valid records for CAPITALCOM:HK50
2025-11-21 06:02:32.902 - INFO - ✅ Cấu hình thành công CAPITALCOM:J225 (Khung thời gian: 240m)
2025-11-21 06:02:32.934 - INFO - ✅ Successfully inserted 540 records for CAPITALCOM:HK50 (timeframe: 240m) in 0.03s
2025-11-21 06:02:32.934 - INFO - ✅ Saved CAPITALCOM:HK50 240m | Progress: 123/208 (Remaining: 85)
2025-11-21 06:02:33.086 - INFO - Processed 541 records for CAPITALCOM:J225 240m
2025-11-21 06:02:33.086 - INFO - [HISTORICAL] OHLCV Data - CAPITALCOM:J225 (Timeframe: 240m) - 540 records
2025-11-21 06:02:33.086 - INFO - J225 H4 2025-11-20 18:00:00,000 O:48668.5 H:49089.1 L:48325.1 C:48348.8 V:22243
2025-11-21 06:02:33.087 - INFO - J225 H4 2025-11-20 22:00:00,000 O:48350.8 H:49026 L:48147.9 C:48876.5 V:20690
2025-11-21 06:02:33.087 - INFO - J225 H4 2025-11-21 02:00:00,000 O:48876.8 H:48900.5 L:48491.4 C:48665.1 V:21727
2025-11-21 06:02:33.094 - INFO - Converted 540/540 valid records for CAPITALCOM:J225
2025-11-21 06:02:33.108 - INFO - ✅ Cấu hình thành công CAPITALCOM:SP35 (Khung thời gian: 240m)
2025-11-21 06:02:33.118 - INFO - ✅ Successfully inserted 540 records for CAPITALCOM:J225 (timeframe: 240m) in 0.02s
2025-11-21 06:02:33.118 - INFO - ✅ Saved CAPITALCOM:J225 240m | Progress: 124/208 (Remaining: 84)
2025-11-21 06:02:33.290 - INFO - Processed 541 records for CAPITALCOM:SP35 240m
2025-11-21 06:02:33.290 - INFO - [HISTORICAL] OHLCV Data - CAPITALCOM:SP35 (Timeframe: 240m) - 540 records
2025-11-21 06:02:33.290 - INFO - SP35 H4 2025-11-19 15:00:00,000 O:15975.7 H:15987.8 L:15864.5 C:15920.5 V:3496
2025-11-21 06:02:33.290 - INFO - SP35 H4 2025-11-20 07:00:00,000 O:16019.8 H:16080.3 L:15977.9 C:16077.8 V:5477
2025-11-21 06:02:33.291 - INFO - SP35 H4 2025-11-20 11:00:00,000 O:16079 H:16109.5 L:15979.4 C:16109.5 V:4507
2025-11-21 06:02:33.298 - INFO - Converted 540/540 valid records for CAPITALCOM:SP35
2025-11-21 06:02:33.312 - INFO - ✅ Cấu hình thành công CAPITALCOM:UK100 (Khung thời gian: 240m)
2025-11-21 06:02:33.319 - INFO - ✅ Successfully inserted 540 records for CAPITALCOM:SP35 (timeframe: 240m) in 0.02s
2025-11-21 06:02:33.319 - INFO - ✅ Saved CAPITALCOM:SP35 240m | Progress: 125/208 (Remaining: 83)
2025-11-21 06:02:33.503 - INFO - Processed 541 records for CAPITALCOM:UK100 240m
2025-11-21 06:02:33.504 - INFO - [HISTORICAL] OHLCV Data - CAPITALCOM:UK100 (Timeframe: 240m) - 540 records
2025-11-21 06:02:33.505 - INFO - UK100 H4 2025-11-20 18:00:00,000 O:9459.2 H:9512.5 L:9434.8 C:9438.2 V:16485
2025-11-21 06:02:33.505 - INFO - UK100 H4 2025-11-20 22:00:00,000 O:9438.7 H:9471.2 L:9432.9 C:9462 V:8017
2025-11-21 06:02:33.506 - INFO - UK100 H4 2025-11-21 02:00:00,000 O:9462.3 H:9464.6 L:9438.6 C:9447.6 V:5749
2025-11-21 06:02:33.517 - INFO - Converted 540/540 valid records for CAPITALCOM:UK100
2025-11-21 06:02:33.517 - INFO - ✅ Cấu hình thành công CAPITALCOM:US100 (Khung thời gian: 240m)
2025-11-21 06:02:33.542 - INFO - ✅ Successfully inserted 540 records for CAPITALCOM:UK100 (timeframe: 240m) in 0.02s
2025-11-21 06:02:33.542 - INFO - ✅ Saved CAPITALCOM:UK100 240m | Progress: 126/208 (Remaining: 82)
2025-11-21 06:02:33.704 - INFO - Processed 541 records for CAPITALCOM:US100 240m
2025-11-21 06:02:33.704 - INFO - [HISTORICAL] OHLCV Data - CAPITALCOM:US100 (Timeframe: 240m) - 540 records
2025-11-21 06:02:33.704 - INFO - US100 H4 2025-11-20 18:00:00,000 O:24316 H:24519.5 L:23989.8 C:23994.8 V:55665
2025-11-21 06:02:33.704 - INFO - US100 H4 2025-11-20 22:00:00,000 O:23995.1 H:24159.8 L:23944.6 C:24129.9 V:32937
2025-11-21 06:02:33.705 - INFO - US100 H4 2025-11-21 02:00:00,000 O:24132.7 H:24160.3 L:24022.8 C:24067.1 V:37604
2025-11-21 06:02:33.716 - INFO - Converted 540/540 valid records for CAPITALCOM:US100
2025-11-21 06:02:33.718 - INFO - ✅ Cấu hình thành công CAPITALCOM:US30 (Khung thời gian: 240m)
2025-11-21 06:02:33.740 - INFO - ✅ Successfully inserted 540 records for CAPITALCOM:US100 (timeframe: 240m) in 0.02s
2025-11-21 06:02:33.740 - INFO - ✅ Saved CAPITALCOM:US100 240m | Progress: 127/208 (Remaining: 81)
2025-11-21 06:02:33.908 - INFO - Processed 541 records for CAPITALCOM:US30 240m
2025-11-21 06:02:33.908 - INFO - [HISTORICAL] OHLCV Data - CAPITALCOM:US30 (Timeframe: 240m) - 540 records
2025-11-21 06:02:33.908 - INFO - US30 H4 2025-11-20 18:00:00,000 O:45849.5 H:46152.8 L:45697.6 C:45739.1 V:42021
2025-11-21 06:02:33.908 - INFO - US30 H4 2025-11-20 22:00:00,000 O:45741 H:45976.5 L:45710.2 C:45949.1 V:20094
2025-11-21 06:02:33.908 - INFO - US30 H4 2025-11-21 02:00:00,000 O:45951.1 H:46021.9 L:45875.5 C:45905.7 V:22274
2025-11-21 06:02:33.916 - INFO - Converted 540/540 valid records for CAPITALCOM:US30
2025-11-21 06:02:33.918 - INFO - ✅ Cấu hình thành công CAPITALCOM:US500 (Khung thời gian: 240m)
2025-11-21 06:02:33.938 - INFO - ✅ Successfully inserted 540 records for CAPITALCOM:US30 (timeframe: 240m) in 0.02s
2025-11-21 06:02:33.938 - INFO - ✅ Saved CAPITALCOM:US30 240m | Progress: 128/208 (Remaining: 80)
2025-11-21 06:02:34.099 - INFO - Processed 541 records for CAPITALCOM:US500 240m
2025-11-21 06:02:34.100 - INFO - [HISTORICAL] OHLCV Data - CAPITALCOM:US500 (Timeframe: 240m) - 540 records
2025-11-21 06:02:34.100 - INFO - US500 H4 2025-11-20 18:00:00,000 O:6587 H:6634.3 L:6530.1 C:6532.1 V:27133
2025-11-21 06:02:34.100 - INFO - US500 H4 2025-11-20 22:00:00,000 O:6532.5 H:6570.6 L:6522.2 C:6565.1 V:13937
2025-11-21 06:02:34.100 - INFO - US500 H4 2025-11-21 02:00:00,000 O:6565.5 H:6575.7 L:6547.8 C:6553.8 V:16339
2025-11-21 06:02:34.107 - INFO - Converted 540/540 valid records for CAPITALCOM:US500
2025-11-21 06:02:34.122 - INFO - ✅ Cấu hình thành công CAPITALCOM:GOLD (Khung thời gian: 240m)
2025-11-21 06:02:34.123 - INFO - Completed timeframe 240m, waiting 4s...
2025-11-21 06:02:34.130 - INFO - ✅ Successfully inserted 540 records for CAPITALCOM:US500 (timeframe: 240m) in 0.02s
2025-11-21 06:02:34.130 - INFO - ✅ Saved CAPITALCOM:US500 240m | Progress: 129/208 (Remaining: 79)
2025-11-21 06:02:34.348 - INFO - Processed 541 records for CAPITALCOM:GOLD 240m
2025-11-21 06:02:34.348 - INFO - [HISTORICAL] OHLCV Data - CAPITALCOM:GOLD (Timeframe: 240m) - 540 records
2025-11-21 06:02:34.348 - INFO - GOLD H4 2025-11-20 15:00:00,000 O:4093.21 H:4098.7 L:4043.8 C:4060.53 V:138435
2025-11-21 06:02:34.348 - INFO - GOLD H4 2025-11-20 19:00:00,000 O:4060.52 H:4087.16 L:4058.92 C:4076.93 V:51157
2025-11-21 06:02:34.348 - INFO - GOLD H4 2025-11-20 23:00:00,000 O:4075.99 H:4088.85 L:4056.5 C:4057.27 V:59329
2025-11-21 06:02:34.355 - INFO - Converted 540/540 valid records for CAPITALCOM:GOLD
2025-11-21 06:02:34.384 - INFO - ✅ Successfully inserted 540 records for CAPITALCOM:GOLD (timeframe: 240m) in 0.03s
2025-11-21 06:02:34.384 - INFO - ✅ Saved CAPITALCOM:GOLD 240m | Progress: 130/208 (Remaining: 78)
2025-11-21 06:02:34.992 - INFO - Processed 1 records for CAPITALCOM:UK100 1m
2025-11-21 06:02:38.137 - INFO - Processing timeframe 360m...
2025-11-21 06:02:38.202 - INFO - Heartbeat received: ~m~5~m~~h~10
2025-11-21 06:02:38.203 - INFO - Echoed heartbeat: ~m~5~m~~h~10
2025-11-21 06:02:38.343 - INFO - ✅ Cấu hình thành công CAPITALCOM:BTCUSD (Khung thời gian: 360m)
2025-11-21 06:02:38.549 - INFO - ✅ Cấu hình thành công CAPITALCOM:AU200AU (Khung thời gian: 360m)
2025-11-21 06:02:38.764 - INFO - ✅ Cấu hình thành công BINANCE:BTCUSD (Khung thời gian: 360m)
2025-11-21 06:02:38.980 - INFO - ✅ Cấu hình thành công CAPITALCOM:DE40 (Khung thời gian: 360m)
2025-11-21 06:02:39.108 - INFO - WebSocket still active
2025-11-21 06:02:39.184 - INFO - ✅ Cấu hình thành công CAPITALCOM:FR40 (Khung thời gian: 360m)
2025-11-21 06:02:39.387 - INFO - ✅ Cấu hình thành công CAPITALCOM:HK50 (Khung thời gian: 360m)
2025-11-21 06:02:39.590 - INFO - ✅ Cấu hình thành công CAPITALCOM:J225 (Khung thời gian: 360m)
2025-11-21 06:02:39.792 - INFO - ✅ Cấu hình thành công CAPITALCOM:SP35 (Khung thời gian: 360m)
2025-11-21 06:02:39.997 - INFO - ✅ Cấu hình thành công CAPITALCOM:UK100 (Khung thời gian: 360m)
2025-11-21 06:02:40.202 - INFO - ✅ Cấu hình thành công CAPITALCOM:US100 (Khung thời gian: 360m)
2025-11-21 06:02:40.407 - INFO - ✅ Cấu hình thành công CAPITALCOM:US30 (Khung thời gian: 360m)
2025-11-21 06:02:40.614 - INFO - ✅ Cấu hình thành công CAPITALCOM:US500 (Khung thời gian: 360m)
2025-11-21 06:02:40.818 - INFO - ✅ Cấu hình thành công CAPITALCOM:GOLD (Khung thời gian: 360m)
2025-11-21 06:02:40.818 - INFO - Completed timeframe 360m, waiting 4s...
2025-11-21 06:02:48.167 - INFO - Heartbeat received: ~m~5~m~~h~11
2025-11-21 06:02:48.168 - INFO - Echoed heartbeat: ~m~5~m~~h~11
2025-11-21 06:02:49.112 - INFO - WebSocket still active
2025-11-21 06:02:58.203 - INFO - Heartbeat received: ~m~5~m~~h~12
2025-11-21 06:02:58.203 - INFO - Echoed heartbeat: ~m~5~m~~h~12
2025-11-21 06:02:59.178 - INFO - WebSocket still active
2025-11-21 06:03:00.760 - INFO - Processed 1 records for CAPITALCOM:BTCUSD 3m
2025-11-21 06:03:00.760 - INFO - Processed 1 records for CAPITALCOM:BTCUSD 1m
2025-11-21 06:03:01.984 - INFO - Processed 1 records for CAPITALCOM:GOLD 3m
2025-11-21 06:03:01.984 - INFO - Processed 1 records for CAPITALCOM:GOLD 1m
2025-11-21 06:03:02.872 - INFO - Processed 1 records for CAPITALCOM:US100 1m
2025-11-21 06:03:02.872 - INFO - Processed 1 records for CAPITALCOM:US30 1m
2025-11-21 06:03:02.872 - INFO - Processed 1 records for CAPITALCOM:HK50 3m
2025-11-21 06:03:02.872 - INFO - Processed 1 records for CAPITALCOM:US100 3m
2025-11-21 06:03:02.873 - INFO - Processed 1 records for CAPITALCOM:US30 3m
2025-11-21 06:03:02.873 - INFO - Processed 1 records for CAPITALCOM:J225 1m
2025-11-21 06:03:02.873 - INFO - Processed 1 records for CAPITALCOM:HK50 1m
2025-11-21 06:03:02.873 - INFO - Processed 1 records for CAPITALCOM:J225 3m
2025-11-21 06:03:02.874 - INFO - Processed 1 records for CAPITALCOM:US500 3m
2025-11-21 06:03:02.874 - INFO - Processed 1 records for CAPITALCOM:US500 1m
2025-11-21 06:03:03.865 - INFO - Processed 1 records for CAPITALCOM:UK100 3m
2025-11-21 06:03:03.865 - INFO - Processed 1 records for CAPITALCOM:UK100 1m
2025-11-21 06:03:07.743 - INFO - Processed 1 records for BINANCE:BTCUSD 1m
2025-11-21 06:03:07.743 - INFO - Processed 1 records for BINANCE:BTCUSD 3m
2025-11-21 06:03:08.204 - INFO - Heartbeat received: ~m~5~m~~h~13
2025-11-21 06:03:08.204 - INFO - Echoed heartbeat: ~m~5~m~~h~13
2025-11-21 06:03:09.183 - INFO - WebSocket still active
2025-11-21 06:03:09.826 - INFO - Processed 1 records for CAPITALCOM:DE40 3m
2025-11-21 06:03:09.827 - INFO - Processed 1 records for CAPITALCOM:DE40 1m
2025-11-21 06:03:09.829 - INFO - Processed 1 records for CAPITALCOM:FR40 3m
2025-11-21 06:03:09.830 - INFO - Processed 1 records for CAPITALCOM:FR40 1m
2025-11-21 06:03:18.205 - INFO - Heartbeat received: ~m~5~m~~h~14
2025-11-21 06:03:18.206 - INFO - Echoed heartbeat: ~m~5~m~~h~14
2025-11-21 06:03:19.329 - INFO - WebSocket still active
2025-11-21 06:03:28.169 - INFO - Heartbeat received: ~m~5~m~~h~15
2025-11-21 06:03:28.169 - INFO - Echoed heartbeat: ~m~5~m~~h~15
2025-11-21 06:03:29.393 - INFO - WebSocket still active
2025-11-21 06:03:38.168 - INFO - Heartbeat received: ~m~5~m~~h~16
2025-11-21 06:03:38.168 - INFO - Echoed heartbeat: ~m~5~m~~h~16
2025-11-21 06:03:39.465 - INFO - WebSocket still active
2025-11-21 06:03:48.196 - INFO - Heartbeat received: ~m~5~m~~h~17
2025-11-21 06:03:48.196 - INFO - Echoed heartbeat: ~m~5~m~~h~17
2025-11-21 06:03:49.544 - INFO - WebSocket still active
2025-11-21 06:03:58.210 - INFO - Heartbeat received: ~m~5~m~~h~18
2025-11-21 06:03:58.210 - INFO - Echoed heartbeat: ~m~5~m~~h~18
2025-11-21 06:03:59.866 - INFO - WebSocket still active
2025-11-21 06:04:00.708 - INFO - Processed 1 records for CAPITALCOM:BTCUSD 1m
2025-11-21 06:04:02.740 - INFO - Processed 1 records for BINANCE:BTCUSD 1m
2025-11-21 06:04:03.958 - INFO - Processed 1 records for CAPITALCOM:GOLD 1m
2025-11-21 06:04:04.009 - INFO - Processed 1 records for CAPITALCOM:FR40 1m
2025-11-21 06:04:04.010 - INFO - Processed 1 records for CAPITALCOM:J225 1m
2025-11-21 06:04:04.010 - INFO - Processed 1 records for CAPITALCOM:US30 1m
2025-11-21 06:04:04.010 - INFO - Processed 1 records for CAPITALCOM:DE40 1m
2025-11-21 06:04:04.010 - INFO - Processed 1 records for CAPITALCOM:UK100 1m
2025-11-21 06:04:04.010 - INFO - Processed 1 records for CAPITALCOM:US500 1m
2025-11-21 06:04:04.011 - INFO - Processed 1 records for CAPITALCOM:US100 1m
2025-11-21 06:04:04.440 - INFO - Processed 1 records for CAPITALCOM:HK50 1m
2025-11-21 06:04:08.211 - INFO - Heartbeat received: ~m~5~m~~h~19
2025-11-21 06:04:08.211 - INFO - Echoed heartbeat: ~m~5~m~~h~19
2025-11-21 06:04:09.895 - INFO - WebSocket still active
2025-11-21 06:04:18.208 - INFO - Heartbeat received: ~m~5~m~~h~20
2025-11-21 06:04:18.209 - INFO - Echoed heartbeat: ~m~5~m~~h~20
2025-11-21 06:04:19.960 - INFO - WebSocket still active
2025-11-21 06:04:28.215 - INFO - Heartbeat received: ~m~5~m~~h~21
2025-11-21 06:04:28.215 - INFO - Echoed heartbeat: ~m~5~m~~h~21
2025-11-21 06:04:30.075 - INFO - WebSocket still active
2025-11-21 06:04:38.170 - INFO - Heartbeat received: ~m~5~m~~h~22
2025-11-21 06:04:38.170 - INFO - Echoed heartbeat: ~m~5~m~~h~22
2025-11-21 06:04:40.155 - INFO - WebSocket still active
2025-11-21 06:04:48.217 - INFO - Heartbeat received: ~m~5~m~~h~23
2025-11-21 06:04:48.218 - INFO - Echoed heartbeat: ~m~5~m~~h~23
2025-11-21 06:04:50.350 - INFO - WebSocket still active
2025-11-21 06:04:58.219 - INFO - Heartbeat received: ~m~5~m~~h~24
2025-11-21 06:04:58.219 - INFO - Echoed heartbeat: ~m~5~m~~h~24
2025-11-21 06:05:00.130 - INFO - Received SIGINT, shutting down gracefully...
2025-11-21 06:05:02.486 - INFO - Starting TradingView Historical Data Collector...
2025-11-21 06:05:02.488 - INFO - Calculated bars needed: 545
2025-11-21 06:05:02.496 - INFO - ✅ Successfully loaded authentication token from CSV
2025-11-21 06:05:02.496 - INFO - Lưu token xác thực: eyJhbGciOiJSUzUxMiIsImtpZCI6IkdaeFUiLCJ0eXAiOiJKV1QifQ.eyJ1c2VyX2lkIjo1MDkwMTIzMSwiZXhwIjoxNzYzNzE5NDM2LCJpYXQiOjE3NjM3MDUwMzYsInBsYW4iOiJwcm9fcHJlbWl1bSIsInByb3N0YXR1cyI6Im5vbl9wcm8iLCJleHRfaG91cnMiOjEsInBlcm0iOiJuc2VfZGx5Iiwic3R1ZHlfcGVybSI6InR2LXByb3N0dWRpZXMsdHYtY2hhcnRwYXR0ZXJucyx0di12b2x1bWVieXByaWNlLHR2LWNoYXJ0X3BhdHRlcm5zIiwibWF4X3N0dWRpZXMiOjI1LCJtYXhfZnVuZGFtZW50YWxzIjoxMCwibWF4X2NoYXJ0cyI6OCwibWF4X2FjdGl2ZV9hbGVydHMiOjQwMCwibWF4X3N0dWR5X29uX3N0dWR5IjoyNCwiZmllbGRzX3Blcm1pc3Npb25zIjpbInJlZmJvbmRzIl0sIm1heF9hbGVydF9jb25kaXRpb25zIjo1LCJtYXhfb3ZlcmFsbF9hbGVydHMiOjIwMDAsIm1heF9vdmVyYWxsX3dhdGNobGlzdF9hbGVydHMiOjUsIm1heF9hY3RpdmVfcHJpbWl0aXZlX2FsZXJ0cyI6NDAwLCJtYXhfYWN0aXZlX2NvbXBsZXhfYWxlcnRzIjo0MDAsIm1heF9hY3RpdmVfd2F0Y2hsaXN0X2FsZXJ0cyI6MiwibWF4X2Nvbm5lY3Rpb25zIjo1MH0.IrZVnjO8OhCy1NVbvp3L_tykF1ZOSBp0tyZuboe9ZWoA7BOuH4flfPR3DJNr2tYEyF7I-8ZGyNIKElJYjdDK2dNMc1iZrNIdsZWLVKwZtYlKiEB4c_zFmrEUx2b_UADcSJ3EhCzP1Gc2SI0nVf0gEyx7N_lnTPp6JoPryJ3WAzY
2025-11-21 06:05:02.538 - INFO - Fetched 19 active timeframes
2025-11-21 06:05:02.541 - INFO - Timeframes: {"1":["M1",1],"2":["M2",2],"3":["M3",3],"4":["M4",4],"5":["M5",5],"10":["M10",10],"15":["M15",15],"20":["M20",20],"30":["M30",30],"45":["M45",45],"60":["H1",60],"90":["M90",90],"120":["H2",120],"180":["H3",180],"240":["H4",240],"360":["H6",360],"D":["D",1440],"W":["W",10080],"M":["MN",43200]}
2025-11-21 06:05:02.549 - INFO - Fetched 13 active assets
2025-11-21 06:05:02.550 - INFO - Total symbols from DB: 247
2025-11-21 06:05:02.551 - INFO - Configured symbols: [["CAPITALCOM:BTCUSD","1","USD"],["CAPITALCOM:BTCUSD","2","USD"],["CAPITALCOM:BTCUSD","3","USD"],["CAPITALCOM:BTCUSD","4","USD"],["CAPITALCOM:BTCUSD","5","USD"]]...
2025-11-21 06:05:02.552 - INFO - Filter timeframes: last_time=2025-11-21 01:59:26, now=2025-11-21 06:05:02
2025-11-21 06:05:02.553 - WARN - Skipped timeframe M: cannot convert to minutes
2025-11-21 06:05:02.553 - INFO - Selected timeframes: 1, 2, 3, 4, 5, 10, 15, 20, 30, 45, 60, 90, 120, 180, 240, 360
2025-11-21 06:05:02.553 - INFO - Selected 16 timeframe(s) for this run. Symbol-timeframe pairs after filter: 208
2025-11-21 06:05:02.554 - INFO - 📊 Lưu 208 cặp biểu tượng-khung thời gian
2025-11-21 06:05:02.702 - INFO - ✅ Kết nối WebSocket thành công
2025-11-21 06:05:02.704 - INFO - Total symbol-timeframe pairs to process: 208
2025-11-21 06:05:02.704 - INFO - Processing timeframe 1m...
2025-11-21 06:05:02.918 - INFO - ✅ Cấu hình thành công CAPITALCOM:BTCUSD (Khung thời gian: 1m)
2025-11-21 06:05:03.046 - INFO - Processed 545 records for CAPITALCOM:BTCUSD 1m
2025-11-21 06:05:03.047 - INFO - [HISTORICAL] OHLCV Data - CAPITALCOM:BTCUSD (Timeframe: 1m) - 544 records
2025-11-21 06:05:03.047 - INFO - BTCUSD M1 2025-11-21 06:02:00,000 O:86006.15 H:86006.5 L:85859.25 C:85903.4 V:874
2025-11-21 06:05:03.047 - INFO - BTCUSD M1 2025-11-21 06:03:00,000 O:85905.15 H:85952.75 L:85864.8 C:85872.15 V:889
2025-11-21 06:05:03.047 - INFO - BTCUSD M1 2025-11-21 06:04:00,000 O:85874.5 H:85942.05 L:85872.75 C:85925.3 V:815
2025-11-21 06:05:03.064 - INFO - Converted 544/544 valid records for CAPITALCOM:BTCUSD
2025-11-21 06:05:03.102 - INFO - ✅ Successfully inserted 544 records for CAPITALCOM:BTCUSD (timeframe: 1m) in 0.03s
2025-11-21 06:05:03.102 - INFO - ✅ Saved CAPITALCOM:BTCUSD 1m | Progress: 1/208 (Remaining: 207)
2025-11-21 06:05:03.133 - INFO - ✅ Cấu hình thành công CAPITALCOM:AU200AU (Khung thời gian: 1m)
2025-11-21 06:05:03.299 - INFO - Processed 545 records for CAPITALCOM:AU200AU 1m
2025-11-21 06:05:03.300 - INFO - [HISTORICAL] OHLCV Data - CAPITALCOM:AU200AU (Timeframe: 1m) - 544 records
2025-11-21 06:05:03.300 - INFO - AU200AU M1 2025-11-21 05:26:00,000 O:8429.1 H:8431.1 L:8429.1 C:8430.1 V:12
2025-11-21 06:05:03.300 - INFO - AU200AU M1 2025-11-21 05:27:00,000 O:8431.1 H:8431.1 L:8428.1 C:8428.1 V:8
2025-11-21 06:05:03.301 - INFO - AU200AU M1 2025-11-21 05:28:00,000 O:8429.1 H:8429.1 L:8424.1 C:8424.1 V:8
2025-11-21 06:05:03.315 - INFO - Converted 544/544 valid records for CAPITALCOM:AU200AU
2025-11-21 06:05:03.333 - INFO - ✅ Cấu hình thành công BINANCE:BTCUSD (Khung thời gian: 1m)
2025-11-21 06:05:03.335 - INFO - ✅ Successfully inserted 544 records for CAPITALCOM:AU200AU (timeframe: 1m) in 0.02s
2025-11-21 06:05:03.335 - INFO - ✅ Saved CAPITALCOM:AU200AU 1m | Progress: 2/208 (Remaining: 206)
2025-11-21 06:05:03.424 - INFO - Processed 545 records for BINANCE:BTCUSD 1m
2025-11-21 06:05:03.424 - INFO - [HISTORICAL] OHLCV Data - BINANCE:BTCUSD (Timeframe: 1m) - 544 records
2025-11-21 06:05:03.424 - INFO - BTCUSD M1 2025-11-21 06:01:00,000 O:86118.19 H:86170.42 L:86034.05 C:86034.05 V:0.12316
2025-11-21 06:05:03.424 - INFO - BTCUSD M1 2025-11-21 06:02:00,000 O:86037.88 H:86037.88 L:85886.37 C:85960.89 V:0.44719
2025-11-21 06:05:03.425 - INFO - BTCUSD M1 2025-11-21 06:03:00,000 O:85960.14 H:86012.81 L:85913.89 C:85921.05 V:0.33245
2025-11-21 06:05:03.434 - INFO - Converted 544/544 valid records for BINANCE:BTCUSD
2025-11-21 06:05:03.461 - INFO - ✅ Successfully inserted 544 records for BINANCE:BTCUSD (timeframe: 1m) in 0.02s
2025-11-21 06:05:03.462 - INFO - ✅ Saved BINANCE:BTCUSD 1m | Progress: 3/208 (Remaining: 205)
2025-11-21 06:05:03.539 - INFO - ✅ Cấu hình thành công CAPITALCOM:DE40 (Khung thời gian: 1m)
2025-11-21 06:05:03.628 - INFO - Processed 545 records for CAPITALCOM:DE40 1m
2025-11-21 06:05:03.628 - INFO - [HISTORICAL] OHLCV Data - CAPITALCOM:DE40 (Timeframe: 1m) - 544 records
2025-11-21 06:05:03.628 - INFO - DE40 M1 2025-11-21 06:01:00,000 O:22978.5 H:22980.3 L:22977.5 C:22980.3 V:31
2025-11-21 06:05:03.629 - INFO - DE40 M1 2025-11-21 06:02:00,000 O:22979.8 H:22980.3 L:22974.3 C:22974.3 V:24
2025-11-21 06:05:03.629 - INFO - DE40 M1 2025-11-21 06:03:00,000 O:22975.8 H:22977.2 L:22974.8 C:22975.1 V:13
2025-11-21 06:05:03.638 - INFO - Converted 544/544 valid records for CAPITALCOM:DE40
2025-11-21 06:05:03.658 - INFO - ✅ Successfully inserted 544 records for CAPITALCOM:DE40 (timeframe: 1m) in 0.02s
2025-11-21 06:05:03.658 - INFO - ✅ Saved CAPITALCOM:DE40 1m | Progress: 4/208 (Remaining: 204)
2025-11-21 06:05:03.743 - INFO - ✅ Cấu hình thành công CAPITALCOM:FR40 (Khung thời gian: 1m)
2025-11-21 06:05:03.842 - INFO - Processed 545 records for CAPITALCOM:FR40 1m
2025-11-21 06:05:03.842 - INFO - [HISTORICAL] OHLCV Data - CAPITALCOM:FR40 (Timeframe: 1m) - 544 records
2025-11-21 06:05:03.843 - INFO - FR40 M1 2025-11-21 06:00:00,000 O:7905.4 H:7907.3 L:7904.8 C:7906 V:9
2025-11-21 06:05:03.843 - INFO - FR40 M1 2025-11-21 06:02:00,000 O:7904.8 H:7906 L:7904.8 C:7904.8 V:8
2025-11-21 06:05:03.843 - INFO - FR40 M1 2025-11-21 06:03:00,000 O:7905.4 H:7906 L:7904.8 C:7904.8 V:16
2025-11-21 06:05:03.852 - INFO - Converted 544/544 valid records for CAPITALCOM:FR40
2025-11-21 06:05:03.873 - INFO - ✅ Successfully inserted 544 records for CAPITALCOM:FR40 (timeframe: 1m) in 0.02s
2025-11-21 06:05:03.873 - INFO - ✅ Saved CAPITALCOM:FR40 1m | Progress: 5/208 (Remaining: 203)
2025-11-21 06:05:03.944 - INFO - ✅ Cấu hình thành công CAPITALCOM:HK50 (Khung thời gian: 1m)
2025-11-21 06:05:04.028 - INFO - Processed 1 records for CAPITALCOM:FR40 1m
2025-11-21 06:05:04.028 - INFO - Processed 1 records for CAPITALCOM:DE40 1m
2025-11-21 06:05:04.031 - INFO - Processed 545 records for CAPITALCOM:HK50 1m
2025-11-21 06:05:04.031 - INFO - [HISTORICAL] OHLCV Data - CAPITALCOM:HK50 (Timeframe: 1m) - 544 records
2025-11-21 06:05:04.031 - INFO - HK50 M1 2025-11-21 06:02:00,000 O:25391.8 H:25409.7 L:25389.3 C:25396.8 V:120
2025-11-21 06:05:04.031 - INFO - HK50 M1 2025-11-21 06:03:00,000 O:25397.8 H:25428 L:25397.8 C:25422.9 V:109
2025-11-21 06:05:04.032 - INFO - HK50 M1 2025-11-21 06:04:00,000 O:25424.9 H:25447.4 L:25422.9 C:25446.8 V:121
2025-11-21 06:05:04.041 - INFO - Converted 544/544 valid records for CAPITALCOM:HK50
2025-11-21 06:05:04.061 - INFO - ✅ Successfully inserted 544 records for CAPITALCOM:HK50 (timeframe: 1m) in 0.02s
2025-11-21 06:05:04.061 - INFO - ✅ Saved CAPITALCOM:HK50 1m | Progress: 6/208 (Remaining: 202)
2025-11-21 06:05:04.145 - INFO - ✅ Cấu hình thành công CAPITALCOM:J225 (Khung thời gian: 1m)
2025-11-21 06:05:04.238 - INFO - Processed 545 records for CAPITALCOM:J225 1m
2025-11-21 06:05:04.239 - INFO - [HISTORICAL] OHLCV Data - CAPITALCOM:J225 (Timeframe: 1m) - 544 records
2025-11-21 06:05:04.239 - INFO - J225 M1 2025-11-21 06:02:00,000 O:48694 H:48696.4 L:48679.2 C:48691.4 V:80
2025-11-21 06:05:04.239 - INFO - J225 M1 2025-11-21 06:03:00,000 O:48693.9 H:48703.4 L:48684.5 C:48688.3 V:76
2025-11-21 06:05:04.239 - INFO - J225 M1 2025-11-21 06:04:00,000 O:48690.8 H:48720.9 L:48690.8 C:48715.8 V:81
2025-11-21 06:05:04.247 - INFO - Converted 544/544 valid records for CAPITALCOM:J225
2025-11-21 06:05:04.269 - INFO - ✅ Successfully inserted 544 records for CAPITALCOM:J225 (timeframe: 1m) in 0.02s
2025-11-21 06:05:04.269 - INFO - ✅ Saved CAPITALCOM:J225 1m | Progress: 7/208 (Remaining: 201)
2025-11-21 06:05:04.350 - INFO - ✅ Cấu hình thành công CAPITALCOM:SP35 (Khung thời gian: 1m)
2025-11-21 06:05:04.495 - INFO - Processed 545 records for CAPITALCOM:SP35 1m
2025-11-21 06:05:04.496 - INFO - [HISTORICAL] OHLCV Data - CAPITALCOM:SP35 (Timeframe: 1m) - 544 records
2025-11-21 06:05:04.496 - INFO - SP35 M1 2025-11-20 18:56:00,000 O:15795.9 H:15795.9 L:15785.9 C:15788.4 V:7
2025-11-21 06:05:04.496 - INFO - SP35 M1 2025-11-20 18:57:00,000 O:15788.9 H:15791.9 L:15788.9 C:15791.9 V:6
2025-11-21 06:05:04.496 - INFO - SP35 M1 2025-11-20 18:58:00,000 O:15792.4 H:15796.9 L:15792.4 C:15796.9 V:3
2025-11-21 06:05:04.510 - INFO - Converted 544/544 valid records for CAPITALCOM:SP35
2025-11-21 06:05:04.532 - INFO - ✅ Successfully inserted 544 records for CAPITALCOM:SP35 (timeframe: 1m) in 0.02s
2025-11-21 06:05:04.532 - INFO - ✅ Saved CAPITALCOM:SP35 1m | Progress: 8/208 (Remaining: 200)
2025-11-21 06:05:04.552 - INFO - ✅ Cấu hình thành công CAPITALCOM:UK100 (Khung thời gian: 1m)
2025-11-21 06:05:04.614 - INFO - Processed 1 records for BINANCE:BTCUSD 1m
2025-11-21 06:05:04.616 - INFO - Processed 545 records for CAPITALCOM:UK100 1m
2025-11-21 06:05:04.617 - INFO - [HISTORICAL] OHLCV Data - CAPITALCOM:UK100 (Timeframe: 1m) - 544 records
2025-11-21 06:05:04.617 - INFO - UK100 M1 2025-11-21 06:02:00,000 O:9447.1 H:9447.1 L:9446.6 C:9446.6 V:6
2025-11-21 06:05:04.617 - INFO - UK100 M1 2025-11-21 06:03:00,000 O:9446.9 H:9447.6 L:9446.5 C:9446.7 V:16
2025-11-21 06:05:04.617 - INFO - UK100 M1 2025-11-21 06:04:00,000 O:9447.2 H:9450 L:9447.2 C:9449.8 V:56
2025-11-21 06:05:04.625 - INFO - Converted 544/544 valid records for CAPITALCOM:UK100
2025-11-21 06:05:04.644 - INFO - ✅ Successfully inserted 544 records for CAPITALCOM:UK100 (timeframe: 1m) in 0.02s
2025-11-21 06:05:04.644 - INFO - ✅ Saved CAPITALCOM:UK100 1m | Progress: 9/208 (Remaining: 199)
2025-11-21 06:05:04.755 - INFO - ✅ Cấu hình thành công CAPITALCOM:US100 (Khung thời gian: 1m)
2025-11-21 06:05:04.849 - INFO - Processed 545 records for CAPITALCOM:US100 1m
2025-11-21 06:05:04.849 - INFO - [HISTORICAL] OHLCV Data - CAPITALCOM:US100 (Timeframe: 1m) - 544 records
2025-11-21 06:05:04.849 - INFO - US100 M1 2025-11-21 06:02:00,000 O:24067.6 H:24067.8 L:24060 C:24062 V:150
2025-11-21 06:05:04.849 - INFO - US100 M1 2025-11-21 06:03:00,000 O:24062.6 H:24067.3 L:24060.9 C:24061 V:140
2025-11-21 06:05:04.850 - INFO - US100 M1 2025-11-21 06:04:00,000 O:24061.4 H:24079.7 L:24061.4 C:24073.8 V:177
2025-11-21 06:05:04.864 - INFO - Converted 544/544 valid records for CAPITALCOM:US100
2025-11-21 06:05:04.884 - INFO - ✅ Successfully inserted 544 records for CAPITALCOM:US100 (timeframe: 1m) in 0.02s
2025-11-21 06:05:04.884 - INFO - ✅ Saved CAPITALCOM:US100 1m | Progress: 10/208 (Remaining: 198)
2025-11-21 06:05:04.959 - INFO - ✅ Cấu hình thành công CAPITALCOM:US30 (Khung thời gian: 1m)
2025-11-21 06:05:05.048 - INFO - Processed 545 records for CAPITALCOM:US30 1m
2025-11-21 06:05:05.048 - INFO - [HISTORICAL] OHLCV Data - CAPITALCOM:US30 (Timeframe: 1m) - 544 records
2025-11-21 06:05:05.048 - INFO - US30 M1 2025-11-21 06:02:00,000 O:45912.6 H:45912.7 L:45907.1 C:45907.3 V:88
2025-11-21 06:05:05.048 - INFO - US30 M1 2025-11-21 06:03:00,000 O:45907.8 H:45911.3 L:45905.7 C:45906.6 V:73
2025-11-21 06:05:05.049 - INFO - US30 M1 2025-11-21 06:04:00,000 O:45906.1 H:45925.8 L:45906.1 C:45917.5 V:115
2025-11-21 06:05:05.058 - INFO - Converted 544/544 valid records for CAPITALCOM:US30
2025-11-21 06:05:05.078 - INFO - ✅ Successfully inserted 544 records for CAPITALCOM:US30 (timeframe: 1m) in 0.02s
2025-11-21 06:05:05.078 - INFO - ✅ Saved CAPITALCOM:US30 1m | Progress: 11/208 (Remaining: 197)
2025-11-21 06:05:05.164 - INFO - ✅ Cấu hình thành công CAPITALCOM:US500 (Khung thời gian: 1m)
2025-11-21 06:05:05.259 - INFO - Processed 545 records for CAPITALCOM:US500 1m
2025-11-21 06:05:05.260 - INFO - [HISTORICAL] OHLCV Data - CAPITALCOM:US500 (Timeframe: 1m) - 544 records
2025-11-21 06:05:05.260 - INFO - US500 M1 2025-11-21 06:02:00,000 O:6555 H:6555.1 L:6553.7 C:6553.8 V:72
2025-11-21 06:05:05.261 - INFO - US500 M1 2025-11-21 06:03:00,000 O:6553.7 H:6554.9 L:6553.6 C:6554 V:51
2025-11-21 06:05:05.261 - INFO - US500 M1 2025-11-21 06:04:00,000 O:6554.3 H:6557.8 L:6554.3 C:6556.9 V:75
2025-11-21 06:05:05.269 - INFO - Converted 544/544 valid records for CAPITALCOM:US500
2025-11-21 06:05:05.289 - INFO - ✅ Successfully inserted 544 records for CAPITALCOM:US500 (timeframe: 1m) in 0.02s
2025-11-21 06:05:05.289 - INFO - ✅ Saved CAPITALCOM:US500 1m | Progress: 12/208 (Remaining: 196)
2025-11-21 06:05:05.366 - INFO - ✅ Cấu hình thành công CAPITALCOM:GOLD (Khung thời gian: 1m)
2025-11-21 06:05:05.366 - INFO - Completed timeframe 1m, waiting 4s...
2025-11-21 06:05:05.455 - INFO - Processed 545 records for CAPITALCOM:GOLD 1m
2025-11-21 06:05:05.455 - INFO - [HISTORICAL] OHLCV Data - CAPITALCOM:GOLD (Timeframe: 1m) - 544 records
2025-11-21 06:05:05.455 - INFO - GOLD M1 2025-11-21 06:02:00,000 O:4057.99 H:4059.4 L:4057.44 C:4059.4 V:425
2025-11-21 06:05:05.456 - INFO - GOLD M1 2025-11-21 06:03:00,000 O:4059.33 H:4059.67 L:4058.06 C:4059.23 V:333
2025-11-21 06:05:05.456 - INFO - GOLD M1 2025-11-21 06:04:00,000 O:4059.24 H:4060 L:4058.51 C:4058.74 V:359
2025-11-21 06:05:05.463 - INFO - Converted 544/544 valid records for CAPITALCOM:GOLD
2025-11-21 06:05:05.482 - INFO - ✅ Successfully inserted 544 records for CAPITALCOM:GOLD (timeframe: 1m) in 0.02s
2025-11-21 06:05:05.482 - INFO - ✅ Saved CAPITALCOM:GOLD 1m | Progress: 13/208 (Remaining: 195)
2025-11-21 06:05:09.381 - INFO - Processing timeframe 2m...
2025-11-21 06:05:09.586 - INFO - ✅ Cấu hình thành công CAPITALCOM:BTCUSD (Khung thời gian: 2m)
2025-11-21 06:05:09.714 - INFO - Processed 545 records for CAPITALCOM:BTCUSD 2m
2025-11-21 06:05:09.714 - INFO - [HISTORICAL] OHLCV Data - CAPITALCOM:BTCUSD (Timeframe: 2m) - 544 records
2025-11-21 06:05:09.714 - INFO - BTCUSD M2 2025-11-21 05:58:00,000 O:86077.6 H:86087.3 L:85996.35 C:86051.55 V:1541
2025-11-21 06:05:09.715 - INFO - BTCUSD M2 2025-11-21 06:00:00,000 O:86053.8 H:86122.9 L:85994.9 C:86006.75 V:1576
2025-11-21 06:05:09.715 - INFO - BTCUSD M2 2025-11-21 06:02:00,000 O:86006.15 H:86006.5 L:85859.25 C:85872.15 V:1763
2025-11-21 06:05:09.722 - INFO - Converted 544/544 valid records for CAPITALCOM:BTCUSD
2025-11-21 06:05:09.790 - INFO - ✅ Cấu hình thành công CAPITALCOM:AU200AU (Khung thời gian: 2m)
2025-11-21 06:05:09.818 - INFO - ✅ Successfully inserted 544 records for CAPITALCOM:BTCUSD (timeframe: 2m) in 0.09s
2025-11-21 06:05:09.818 - INFO - ✅ Saved CAPITALCOM:BTCUSD 2m | Progress: 14/208 (Remaining: 194)
2025-11-21 06:05:09.994 - INFO - ✅ Cấu hình thành công BINANCE:BTCUSD (Khung thời gian: 2m)
2025-11-21 06:05:10.006 - INFO - Processed 545 records for CAPITALCOM:AU200AU 2m
2025-11-21 06:05:10.007 - INFO - [HISTORICAL] OHLCV Data - CAPITALCOM:AU200AU (Timeframe: 2m) - 544 records
2025-11-21 06:05:10.007 - INFO - AU200AU M2 2025-11-21 05:22:00,000 O:8425.1 H:8427.1 L:8424.1 C:8425.1 V:39
2025-11-21 06:05:10.008 - INFO - AU200AU M2 2025-11-21 05:24:00,000 O:8426.1 H:8429.1 L:8425.1 C:8428.1 V:39
2025-11-21 06:05:10.009 - INFO - AU200AU M2 2025-11-21 05:26:00,000 O:8429.1 H:8431.1 L:8428.1 C:8428.1 V:20
2025-11-21 06:05:10.019 - INFO - Converted 544/544 valid records for CAPITALCOM:AU200AU
2025-11-21 06:05:10.085 - INFO - Processed 545 records for BINANCE:BTCUSD 2m
2025-11-21 06:05:10.085 - INFO - [HISTORICAL] OHLCV Data - BINANCE:BTCUSD (Timeframe: 2m) - 544 records
2025-11-21 06:05:10.085 - INFO - BTCUSD M2 2025-11-21 05:58:00,000 O:86107.73 H:86127.3 L:86044.96 C:86107.44 V:0.32642
2025-11-21 06:05:10.086 - INFO - BTCUSD M2 2025-11-21 06:00:00,000 O:86102.44 H:86170.42 L:86034.05 C:86034.05 V:0.33881
2025-11-21 06:05:10.086 - INFO - BTCUSD M2 2025-11-21 06:02:00,000 O:86037.88 H:86037.88 L:85886.37 C:85921.05 V:0.77964
2025-11-21 06:05:10.094 - INFO - Converted 544/544 valid records for BINANCE:BTCUSD
2025-11-21 06:05:10.095 - INFO - ✅ Successfully inserted 544 records for CAPITALCOM:AU200AU (timeframe: 2m) in 0.07s
2025-11-21 06:05:10.095 - INFO - ✅ Saved CAPITALCOM:AU200AU 2m | Progress: 15/208 (Remaining: 193)
2025-11-21 06:05:10.195 - INFO - ✅ Cấu hình thành công CAPITALCOM:DE40 (Khung thời gian: 2m)
2025-11-21 06:05:10.198 - INFO - ✅ Successfully inserted 544 records for BINANCE:BTCUSD (timeframe: 2m) in 0.10s
2025-11-21 06:05:10.198 - INFO - ✅ Saved BINANCE:BTCUSD 2m | Progress: 16/208 (Remaining: 192)
2025-11-21 06:05:10.290 - INFO - Processed 545 records for CAPITALCOM:DE40 2m
2025-11-21 06:05:10.291 - INFO - [HISTORICAL] OHLCV Data - CAPITALCOM:DE40 (Timeframe: 2m) - 544 records
2025-11-21 06:05:10.292 - INFO - DE40 M2 2025-11-21 05:58:00,000 O:22977.3 H:22978.1 L:22972.7 C:22976.7 V:41
2025-11-21 06:05:10.292 - INFO - DE40 M2 2025-11-21 06:00:00,000 O:22977.7 H:22980.5 L:22974 C:22980.3 V:58
2025-11-21 06:05:10.293 - INFO - DE40 M2 2025-11-21 06:02:00,000 O:22979.8 H:22980.3 L:22974.3 C:22975.1 V:37
2025-11-21 06:05:10.310 - INFO - Converted 544/544 valid records for CAPITALCOM:DE40
2025-11-21 06:05:10.376 - INFO - ✅ Successfully inserted 544 records for CAPITALCOM:DE40 (timeframe: 2m) in 0.06s
2025-11-21 06:05:10.376 - INFO - ✅ Saved CAPITALCOM:DE40 2m | Progress: 17/208 (Remaining: 191)
2025-11-21 06:05:10.403 - INFO - ✅ Cấu hình thành công CAPITALCOM:FR40 (Khung thời gian: 2m)
2025-11-21 06:05:10.606 - INFO - ✅ Cấu hình thành công CAPITALCOM:HK50 (Khung thời gian: 2m)
2025-11-21 06:05:10.615 - INFO - Processed 545 records for CAPITALCOM:FR40 2m
2025-11-21 06:05:10.616 - INFO - [HISTORICAL] OHLCV Data - CAPITALCOM:FR40 (Timeframe: 2m) - 544 records
2025-11-21 06:05:10.616 - INFO - FR40 M2 2025-11-21 05:58:00,000 O:7905.4 H:7906 L:7903.5 C:7904.8 V:21
2025-11-21 06:05:10.616 - INFO - FR40 M2 2025-11-21 06:00:00,000 O:7905.4 H:7907.3 L:7904.8 C:7906 V:9
2025-11-21 06:05:10.616 - INFO - FR40 M2 2025-11-21 06:02:00,000 O:7904.8 H:7906 L:7904.8 C:7904.8 V:24
2025-11-21 06:05:10.627 - INFO - Converted 544/544 valid records for CAPITALCOM:FR40
2025-11-21 06:05:10.669 - INFO - ✅ Successfully inserted 544 records for CAPITALCOM:FR40 (timeframe: 2m) in 0.04s
2025-11-21 06:05:10.669 - INFO - ✅ Saved CAPITALCOM:FR40 2m | Progress: 18/208 (Remaining: 190)
2025-11-21 06:05:10.809 - INFO - ✅ Cấu hình thành công CAPITALCOM:J225 (Khung thời gian: 2m)
2025-11-21 06:05:10.913 - INFO - Processed 545 records for CAPITALCOM:J225 2m
2025-11-21 06:05:10.914 - INFO - [HISTORICAL] OHLCV Data - CAPITALCOM:J225 (Timeframe: 2m) - 544 records
2025-11-21 06:05:10.915 - INFO - J225 M2 2025-11-21 05:58:00,000 O:48679.6 H:48679.6 L:48643.5 C:48665.1 V:110
2025-11-21 06:05:10.916 - INFO - J225 M2 2025-11-21 06:00:00,000 O:48670.1 H:48696.7 L:48649.5 C:48691.5 V:140
2025-11-21 06:05:10.917 - INFO - J225 M2 2025-11-21 06:02:00,000 O:48694 H:48703.4 L:48679.2 C:48688.3 V:156
2025-11-21 06:05:10.942 - INFO - Converted 544/544 valid records for CAPITALCOM:J225
2025-11-21 06:05:10.991 - INFO - ✅ Successfully inserted 544 records for CAPITALCOM:J225 (timeframe: 2m) in 0.04s
2025-11-21 06:05:10.991 - INFO - ✅ Saved CAPITALCOM:J225 2m | Progress: 19/208 (Remaining: 189)
2025-11-21 06:05:11.012 - INFO - ✅ Cấu hình thành công CAPITALCOM:SP35 (Khung thời gian: 2m)
2025-11-21 06:05:11.101 - INFO - Processed 545 records for CAPITALCOM:SP35 2m
2025-11-21 06:05:11.101 - INFO - [HISTORICAL] OHLCV Data - CAPITALCOM:SP35 (Timeframe: 2m) - 544 records
2025-11-21 06:05:11.101 - INFO - SP35 M2 2025-11-20 18:52:00,000 O:15797.4 H:15797.4 L:15793.9 C:15794.9 V:9
2025-11-21 06:05:11.101 - INFO - SP35 M2 2025-11-20 18:54:00,000 O:15793.9 H:15793.9 L:15791.9 C:15791.9 V:5
2025-11-21 06:05:11.102 - INFO - SP35 M2 2025-11-20 18:56:00,000 O:15795.9 H:15795.9 L:15785.9 C:15791.9 V:13
2025-11-21 06:05:11.110 - INFO - Converted 544/544 valid records for CAPITALCOM:SP35
2025-11-21 06:05:11.146 - INFO - ✅ Successfully inserted 544 records for CAPITALCOM:SP35 (timeframe: 2m) in 0.03s
2025-11-21 06:05:11.146 - INFO - ✅ Saved CAPITALCOM:SP35 2m | Progress: 20/208 (Remaining: 188)
2025-11-21 06:05:11.215 - INFO - ✅ Cấu hình thành công CAPITALCOM:UK100 (Khung thời gian: 2m)
2025-11-21 06:05:11.277 - INFO - Processed 545 records for CAPITALCOM:HK50 2m
2025-11-21 06:05:11.278 - INFO - [HISTORICAL] OHLCV Data - CAPITALCOM:HK50 (Timeframe: 2m) - 544 records
2025-11-21 06:05:11.278 - INFO - HK50 M2 2025-11-21 05:58:00,000 O:25406.2 H:25408.7 L:25389.7 C:25395.8 V:225
2025-11-21 06:05:11.279 - INFO - HK50 M2 2025-11-21 06:00:00,000 O:25397.8 H:25400.8 L:25381.3 C:25391.3 V:230
2025-11-21 06:05:11.279 - INFO - HK50 M2 2025-11-21 06:02:00,000 O:25391.8 H:25428 L:25389.3 C:25422.9 V:229
2025-11-21 06:05:11.303 - INFO - Converted 544/544 valid records for CAPITALCOM:HK50
2025-11-21 06:05:11.325 - INFO - Processed 545 records for CAPITALCOM:UK100 2m
2025-11-21 06:05:11.325 - INFO - [HISTORICAL] OHLCV Data - CAPITALCOM:UK100 (Timeframe: 2m) - 544 records
2025-11-21 06:05:11.325 - INFO - UK100 M2 2025-11-21 05:58:00,000 O:9448.3 H:9448.6 L:9447.3 C:9447.6 V:25
2025-11-21 06:05:11.325 - INFO - UK100 M2 2025-11-21 06:00:00,000 O:9447.9 H:9448.6 L:9447.1 C:9447.6 V:38
2025-11-21 06:05:11.326 - INFO - UK100 M2 2025-11-21 06:02:00,000 O:9447.1 H:9447.6 L:9446.5 C:9446.7 V:22
2025-11-21 06:05:11.334 - INFO - Converted 544/544 valid records for CAPITALCOM:UK100
2025-11-21 06:05:11.348 - INFO - ✅ Successfully inserted 544 records for CAPITALCOM:HK50 (timeframe: 2m) in 0.04s
2025-11-21 06:05:11.349 - INFO - ✅ Saved CAPITALCOM:HK50 2m | Progress: 21/208 (Remaining: 187)
2025-11-21 06:05:11.378 - INFO - ✅ Successfully inserted 544 records for CAPITALCOM:UK100 (timeframe: 2m) in 0.04s
2025-11-21 06:05:11.378 - INFO - ✅ Saved CAPITALCOM:UK100 2m | Progress: 22/208 (Remaining: 186)
2025-11-21 06:05:11.431 - INFO - ✅ Cấu hình thành công CAPITALCOM:US100 (Khung thời gian: 2m)
2025-11-21 06:05:11.523 - INFO - Processed 545 records for CAPITALCOM:US100 2m
2025-11-21 06:05:11.523 - INFO - [HISTORICAL] OHLCV Data - CAPITALCOM:US100 (Timeframe: 2m) - 544 records
2025-11-21 06:05:11.523 - INFO - US100 M2 2025-11-21 05:58:00,000 O:24077.9 H:24077.9 L:24062.7 C:24067.1 V:302
2025-11-21 06:05:11.524 - INFO - US100 M2 2025-11-21 06:00:00,000 O:24067 H:24071.8 L:24058.9 C:24068.6 V:307
2025-11-21 06:05:11.524 - INFO - US100 M2 2025-11-21 06:02:00,000 O:24067.6 H:24067.8 L:24060 C:24061 V:290
2025-11-21 06:05:11.541 - INFO - Converted 544/544 valid records for CAPITALCOM:US100
2025-11-21 06:05:11.603 - INFO - ✅ Successfully inserted 544 records for CAPITALCOM:US100 (timeframe: 2m) in 0.06s
2025-11-21 06:05:11.603 - INFO - ✅ Saved CAPITALCOM:US100 2m | Progress: 23/208 (Remaining: 185)
2025-11-21 06:05:11.635 - INFO - ✅ Cấu hình thành công CAPITALCOM:US30 (Khung thời gian: 2m)
2025-11-21 06:05:11.727 - INFO - Processed 545 records for CAPITALCOM:US30 2m
2025-11-21 06:05:11.727 - INFO - [HISTORICAL] OHLCV Data - CAPITALCOM:US30 (Timeframe: 2m) - 544 records
2025-11-21 06:05:11.727 - INFO - US30 M2 2025-11-21 05:58:00,000 O:45916.5 H:45916.5 L:45904.4 C:45905.7 V:164
2025-11-21 06:05:11.727 - INFO - US30 M2 2025-11-21 06:00:00,000 O:45906.2 H:45917.7 L:45904.7 C:45913.1 V:184
2025-11-21 06:05:11.728 - INFO - US30 M2 2025-11-21 06:02:00,000 O:45912.6 H:45912.7 L:45905.7 C:45906.6 V:161
2025-11-21 06:05:11.740 - INFO - Converted 544/544 valid records for CAPITALCOM:US30
2025-11-21 06:05:11.793 - INFO - ✅ Successfully inserted 544 records for CAPITALCOM:US30 (timeframe: 2m) in 0.05s
2025-11-21 06:05:11.793 - INFO - ✅ Saved CAPITALCOM:US30 2m | Progress: 24/208 (Remaining: 184)
2025-11-21 06:05:11.839 - INFO - ✅ Cấu hình thành công CAPITALCOM:US500 (Khung thời gian: 2m)
2025-11-21 06:05:11.931 - INFO - Processed 545 records for CAPITALCOM:US500 2m
2025-11-21 06:05:11.932 - INFO - [HISTORICAL] OHLCV Data - CAPITALCOM:US500 (Timeframe: 2m) - 544 records
2025-11-21 06:05:11.932 - INFO - US500 M2 2025-11-21 05:58:00,000 O:6555.2 H:6555.4 L:6553.3 C:6553.8 V:106
2025-11-21 06:05:11.932 - INFO - US500 M2 2025-11-21 06:00:00,000 O:6554 H:6555.4 L:6553.3 C:6555.1 V:136
2025-11-21 06:05:11.933 - INFO - US500 M2 2025-11-21 06:02:00,000 O:6555 H:6555.1 L:6553.6 C:6554 V:123
2025-11-21 06:05:11.947 - INFO - Converted 544/544 valid records for CAPITALCOM:US500
2025-11-21 06:05:11.994 - INFO - ✅ Successfully inserted 544 records for CAPITALCOM:US500 (timeframe: 2m) in 0.04s
2025-11-21 06:05:11.994 - INFO - ✅ Saved CAPITALCOM:US500 2m | Progress: 25/208 (Remaining: 183)
2025-11-21 06:05:12.042 - INFO - ✅ Cấu hình thành công CAPITALCOM:GOLD (Khung thời gian: 2m)
2025-11-21 06:05:12.043 - INFO - Completed timeframe 2m, waiting 4s...
2025-11-21 06:05:12.132 - INFO - Processed 545 records for CAPITALCOM:GOLD 2m
2025-11-21 06:05:12.132 - INFO - [HISTORICAL] OHLCV Data - CAPITALCOM:GOLD (Timeframe: 2m) - 544 records
2025-11-21 06:05:12.132 - INFO - GOLD M2 2025-11-21 05:58:00,000 O:4047.06 H:4059.66 L:4046.59 C:4058.56 V:1243
2025-11-21 06:05:12.133 - INFO - GOLD M2 2025-11-21 06:00:00,000 O:4058.55 H:4064.81 L:4057.83 C:4058.02 V:1316
2025-11-21 06:05:12.133 - INFO - GOLD M2 2025-11-21 06:02:00,000 O:4057.99 H:4059.67 L:4057.44 C:4059.23 V:758
2025-11-21 06:05:12.140 - INFO - Converted 544/544 valid records for CAPITALCOM:GOLD
2025-11-21 06:05:12.187 - INFO - ✅ Successfully inserted 544 records for CAPITALCOM:GOLD (timeframe: 2m) in 0.04s
2025-11-21 06:05:12.187 - INFO - ✅ Saved CAPITALCOM:GOLD 2m | Progress: 26/208 (Remaining: 182)
2025-11-21 06:05:12.735 - INFO - Received SIGINT, shutting down gracefully...
2025-11-21 06:05:31.464 - INFO - Starting TradingView Historical Data Collector...
2025-11-21 06:05:31.467 - INFO - Calculated bars needed: 546
2025-11-21 06:05:31.474 - INFO - ✅ Successfully loaded authentication token from CSV
2025-11-21 06:05:31.475 - INFO - Lưu token xác thực: eyJhbGciOiJSUzUxMiIsImtpZCI6IkdaeFUiLCJ0eXAiOiJKV1QifQ.eyJ1c2VyX2lkIjo1MDkwMTIzMSwiZXhwIjoxNzYzNzE5NDM2LCJpYXQiOjE3NjM3MDUwMzYsInBsYW4iOiJwcm9fcHJlbWl1bSIsInByb3N0YXR1cyI6Im5vbl9wcm8iLCJleHRfaG91cnMiOjEsInBlcm0iOiJuc2VfZGx5Iiwic3R1ZHlfcGVybSI6InR2LXByb3N0dWRpZXMsdHYtY2hhcnRwYXR0ZXJucyx0di12b2x1bWVieXByaWNlLHR2LWNoYXJ0X3BhdHRlcm5zIiwibWF4X3N0dWRpZXMiOjI1LCJtYXhfZnVuZGFtZW50YWxzIjoxMCwibWF4X2NoYXJ0cyI6OCwibWF4X2FjdGl2ZV9hbGVydHMiOjQwMCwibWF4X3N0dWR5X29uX3N0dWR5IjoyNCwiZmllbGRzX3Blcm1pc3Npb25zIjpbInJlZmJvbmRzIl0sIm1heF9hbGVydF9jb25kaXRpb25zIjo1LCJtYXhfb3ZlcmFsbF9hbGVydHMiOjIwMDAsIm1heF9vdmVyYWxsX3dhdGNobGlzdF9hbGVydHMiOjUsIm1heF9hY3RpdmVfcHJpbWl0aXZlX2FsZXJ0cyI6NDAwLCJtYXhfYWN0aXZlX2NvbXBsZXhfYWxlcnRzIjo0MDAsIm1heF9hY3RpdmVfd2F0Y2hsaXN0X2FsZXJ0cyI6MiwibWF4X2Nvbm5lY3Rpb25zIjo1MH0.IrZVnjO8OhCy1NVbvp3L_tykF1ZOSBp0tyZuboe9ZWoA7BOuH4flfPR3DJNr2tYEyF7I-8ZGyNIKElJYjdDK2dNMc1iZrNIdsZWLVKwZtYlKiEB4c_zFmrEUx2b_UADcSJ3EhCzP1Gc2SI0nVf0gEyx7N_lnTPp6JoPryJ3WAzY
2025-11-21 06:05:31.510 - INFO - Fetched 19 active timeframes
2025-11-21 06:05:31.511 - INFO - Timeframes: {"1":["M1",1],"2":["M2",2],"3":["M3",3],"4":["M4",4],"5":["M5",5],"10":["M10",10],"15":["M15",15],"20":["M20",20],"30":["M30",30],"45":["M45",45],"60":["H1",60],"90":["M90",90],"120":["H2",120],"180":["H3",180],"240":["H4",240],"360":["H6",360],"D":["D",1440],"W":["W",10080],"M":["MN",43200]}
2025-11-21 06:05:31.514 - INFO - Fetched 13 active assets
2025-11-21 06:05:31.514 - INFO - Total symbols from DB: 247
2025-11-21 06:05:31.514 - INFO - Configured symbols: [["CAPITALCOM:BTCUSD","1","USD"],["CAPITALCOM:BTCUSD","2","USD"],["CAPITALCOM:BTCUSD","3","USD"],["CAPITALCOM:BTCUSD","4","USD"],["CAPITALCOM:BTCUSD","5","USD"]]...
2025-11-21 06:05:31.515 - INFO - Filter timeframes: last_time=2025-11-21 01:59:26, now=2025-11-21 06:05:31
2025-11-21 06:05:31.516 - WARN - Skipped timeframe M: cannot convert to minutes
2025-11-21 06:05:31.516 - INFO - Selected timeframes: 1, 2, 3, 4, 5, 10, 15, 20, 30, 45, 60, 90, 120, 180, 240, 360
2025-11-21 06:05:31.516 - INFO - Selected 16 timeframe(s) for this run. Symbol-timeframe pairs after filter: 208
2025-11-21 06:05:31.517 - INFO - 📊 Lưu 208 cặp biểu tượng-khung thời gian
2025-11-21 06:05:31.656 - INFO - ✅ Kết nối WebSocket thành công
2025-11-21 06:05:31.658 - INFO - Total symbol-timeframe pairs to process: 208
2025-11-21 06:05:31.658 - INFO - Processing timeframe 1m...
2025-11-21 06:05:31.868 - INFO - ✅ Cấu hình thành công CAPITALCOM:BTCUSD (Khung thời gian: 1m)
2025-11-21 06:05:31.997 - INFO - Processed 546 records for CAPITALCOM:BTCUSD 1m
2025-11-21 06:05:31.997 - INFO - [HISTORICAL] OHLCV Data - CAPITALCOM:BTCUSD (Timeframe: 1m) - 545 records
2025-11-21 06:05:31.997 - INFO - BTCUSD M1 2025-11-21 06:02:00,000 O:86006.15 H:86006.5 L:85859.25 C:85903.4 V:874
2025-11-21 06:05:31.997 - INFO - BTCUSD M1 2025-11-21 06:03:00,000 O:85905.15 H:85952.75 L:85864.8 C:85872.15 V:889
2025-11-21 06:05:31.998 - INFO - BTCUSD M1 2025-11-21 06:04:00,000 O:85874.5 H:85942.05 L:85872.75 C:85925.3 V:815
2025-11-21 06:05:32.017 - INFO - Converted 545/545 valid records for CAPITALCOM:BTCUSD
2025-11-21 06:05:32.046 - INFO - ✅ Successfully inserted 545 records for CAPITALCOM:BTCUSD (timeframe: 1m) in 0.03s
2025-11-21 06:05:32.047 - INFO - ✅ Saved CAPITALCOM:BTCUSD 1m | Progress: 1/208 (Remaining: 207)
2025-11-21 06:05:32.069 - INFO - ✅ Cấu hình thành công CAPITALCOM:AU200AU (Khung thời gian: 1m)
2025-11-21 06:05:32.161 - INFO - Processed 546 records for CAPITALCOM:AU200AU 1m
2025-11-21 06:05:32.161 - INFO - [HISTORICAL] OHLCV Data - CAPITALCOM:AU200AU (Timeframe: 1m) - 545 records
2025-11-21 06:05:32.161 - INFO - AU200AU M1 2025-11-21 05:26:00,000 O:8429.1 H:8431.1 L:8429.1 C:8430.1 V:12
2025-11-21 06:05:32.161 - INFO - AU200AU M1 2025-11-21 05:27:00,000 O:8431.1 H:8431.1 L:8428.1 C:8428.1 V:8
2025-11-21 06:05:32.162 - INFO - AU200AU M1 2025-11-21 05:28:00,000 O:8429.1 H:8429.1 L:8424.1 C:8424.1 V:8
2025-11-21 06:05:32.175 - INFO - Converted 545/545 valid records for CAPITALCOM:AU200AU
2025-11-21 06:05:32.193 - INFO - ✅ Successfully inserted 545 records for CAPITALCOM:AU200AU (timeframe: 1m) in 0.01s
2025-11-21 06:05:32.193 - INFO - ✅ Saved CAPITALCOM:AU200AU 1m | Progress: 2/208 (Remaining: 206)
2025-11-21 06:05:32.274 - INFO - ✅ Cấu hình thành công BINANCE:BTCUSD (Khung thời gian: 1m)
2025-11-21 06:05:32.363 - INFO - Processed 546 records for BINANCE:BTCUSD 1m
2025-11-21 06:05:32.363 - INFO - [HISTORICAL] OHLCV Data - BINANCE:BTCUSD (Timeframe: 1m) - 545 records
2025-11-21 06:05:32.364 - INFO - BTCUSD M1 2025-11-21 06:02:00,000 O:86037.88 H:86037.88 L:85886.37 C:85960.89 V:0.44719
2025-11-21 06:05:32.364 - INFO - BTCUSD M1 2025-11-21 06:03:00,000 O:85960.14 H:86012.81 L:85913.89 C:85921.05 V:0.33245
2025-11-21 06:05:32.364 - INFO - BTCUSD M1 2025-11-21 06:04:00,000 O:85918.79 H:85995.95 L:85918.79 C:85971 V:0.19241
2025-11-21 06:05:32.374 - INFO - Converted 545/545 valid records for BINANCE:BTCUSD
2025-11-21 06:05:32.396 - INFO - ✅ Successfully inserted 545 records for BINANCE:BTCUSD (timeframe: 1m) in 0.02s
2025-11-21 06:05:32.396 - INFO - ✅ Saved BINANCE:BTCUSD 1m | Progress: 3/208 (Remaining: 205)
2025-11-21 06:05:32.481 - INFO - ✅ Cấu hình thành công CAPITALCOM:DE40 (Khung thời gian: 1m)
2025-11-21 06:05:32.573 - INFO - Processed 546 records for CAPITALCOM:DE40 1m
2025-11-21 06:05:32.573 - INFO - [HISTORICAL] OHLCV Data - CAPITALCOM:DE40 (Timeframe: 1m) - 545 records
2025-11-21 06:05:32.574 - INFO - DE40 M1 2025-11-21 06:02:00,000 O:22979.8 H:22980.3 L:22974.3 C:22974.3 V:24
2025-11-21 06:05:32.574 - INFO - DE40 M1 2025-11-21 06:03:00,000 O:22975.8 H:22977.2 L:22974.8 C:22975.1 V:13
2025-11-21 06:05:32.574 - INFO - DE40 M1 2025-11-21 06:04:00,000 O:22974.6 H:22992.7 L:22974.6 C:22986.4 V:60
2025-11-21 06:05:32.583 - INFO - Converted 545/545 valid records for CAPITALCOM:DE40
2025-11-21 06:05:32.602 - INFO - ✅ Successfully inserted 545 records for CAPITALCOM:DE40 (timeframe: 1m) in 0.02s
2025-11-21 06:05:32.602 - INFO - ✅ Saved CAPITALCOM:DE40 1m | Progress: 4/208 (Remaining: 204)
2025-11-21 06:05:32.697 - INFO - ✅ Cấu hình thành công CAPITALCOM:FR40 (Khung thời gian: 1m)
2025-11-21 06:05:32.786 - INFO - Processed 546 records for CAPITALCOM:FR40 1m
2025-11-21 06:05:32.786 - INFO - [HISTORICAL] OHLCV Data - CAPITALCOM:FR40 (Timeframe: 1m) - 545 records
2025-11-21 06:05:32.786 - INFO - FR40 M1 2025-11-21 06:02:00,000 O:7904.8 H:7906 L:7904.8 C:7904.8 V:8
2025-11-21 06:05:32.787 - INFO - FR40 M1 2025-11-21 06:03:00,000 O:7905.4 H:7906 L:7904.8 C:7904.8 V:16
2025-11-21 06:05:32.787 - INFO - FR40 M1 2025-11-21 06:04:00,000 O:7905.4 H:7909.9 L:7905.4 C:7908 V:25
2025-11-21 06:05:32.796 - INFO - Converted 545/545 valid records for CAPITALCOM:FR40
2025-11-21 06:05:32.816 - INFO - ✅ Successfully inserted 545 records for CAPITALCOM:FR40 (timeframe: 1m) in 0.02s
2025-11-21 06:05:32.816 - INFO - ✅ Saved CAPITALCOM:FR40 1m | Progress: 5/208 (Remaining: 203)
2025-11-21 06:05:32.898 - INFO - ✅ Cấu hình thành công CAPITALCOM:HK50 (Khung thời gian: 1m)
2025-11-21 06:05:32.986 - INFO - Processed 546 records for CAPITALCOM:HK50 1m
2025-11-21 06:05:32.986 - INFO - [HISTORICAL] OHLCV Data - CAPITALCOM:HK50 (Timeframe: 1m) - 545 records
2025-11-21 06:05:32.986 - INFO - HK50 M1 2025-11-21 06:02:00,000 O:25391.8 H:25409.7 L:25389.3 C:25396.8 V:120
2025-11-21 06:05:32.986 - INFO - HK50 M1 2025-11-21 06:03:00,000 O:25397.8 H:25428 L:25397.8 C:25422.9 V:109
2025-11-21 06:05:32.987 - INFO - HK50 M1 2025-11-21 06:04:00,000 O:25424.9 H:25447.4 L:25422.9 C:25446.8 V:121
2025-11-21 06:05:32.996 - INFO - Converted 545/545 valid records for CAPITALCOM:HK50
2025-11-21 06:05:33.012 - INFO - ✅ Successfully inserted 545 records for CAPITALCOM:HK50 (timeframe: 1m) in 0.01s
2025-11-21 06:05:33.013 - INFO - ✅ Saved CAPITALCOM:HK50 1m | Progress: 6/208 (Remaining: 202)
2025-11-21 06:05:33.102 - INFO - ✅ Cấu hình thành công CAPITALCOM:J225 (Khung thời gian: 1m)
2025-11-21 06:05:33.189 - INFO - Processed 546 records for CAPITALCOM:J225 1m
2025-11-21 06:05:33.190 - INFO - [HISTORICAL] OHLCV Data - CAPITALCOM:J225 (Timeframe: 1m) - 545 records
2025-11-21 06:05:33.190 - INFO - J225 M1 2025-11-21 06:02:00,000 O:48694 H:48696.4 L:48679.2 C:48691.4 V:80
2025-11-21 06:05:33.190 - INFO - J225 M1 2025-11-21 06:03:00,000 O:48693.9 H:48703.4 L:48684.5 C:48688.3 V:76
2025-11-21 06:05:33.190 - INFO - J225 M1 2025-11-21 06:04:00,000 O:48690.8 H:48720.9 L:48690.8 C:48715.8 V:81
2025-11-21 06:05:33.199 - INFO - Converted 545/545 valid records for CAPITALCOM:J225
2025-11-21 06:05:33.215 - INFO - ✅ Successfully inserted 545 records for CAPITALCOM:J225 (timeframe: 1m) in 0.01s
2025-11-21 06:05:33.215 - INFO - ✅ Saved CAPITALCOM:J225 1m | Progress: 7/208 (Remaining: 201)
2025-11-21 06:05:33.307 - INFO - ✅ Cấu hình thành công CAPITALCOM:SP35 (Khung thời gian: 1m)
2025-11-21 06:05:33.397 - INFO - Processed 546 records for CAPITALCOM:SP35 1m
2025-11-21 06:05:33.397 - INFO - [HISTORICAL] OHLCV Data - CAPITALCOM:SP35 (Timeframe: 1m) - 545 records
2025-11-21 06:05:33.397 - INFO - SP35 M1 2025-11-20 18:56:00,000 O:15795.9 H:15795.9 L:15785.9 C:15788.4 V:7
2025-11-21 06:05:33.398 - INFO - SP35 M1 2025-11-20 18:57:00,000 O:15788.9 H:15791.9 L:15788.9 C:15791.9 V:6
2025-11-21 06:05:33.398 - INFO - SP35 M1 2025-11-20 18:58:00,000 O:15792.4 H:15796.9 L:15792.4 C:15796.9 V:3
2025-11-21 06:05:33.406 - INFO - Converted 545/545 valid records for CAPITALCOM:SP35
2025-11-21 06:05:33.424 - INFO - ✅ Successfully inserted 545 records for CAPITALCOM:SP35 (timeframe: 1m) in 0.01s
2025-11-21 06:05:33.424 - INFO - ✅ Saved CAPITALCOM:SP35 1m | Progress: 8/208 (Remaining: 200)
2025-11-21 06:05:33.511 - INFO - ✅ Cấu hình thành công CAPITALCOM:UK100 (Khung thời gian: 1m)
2025-11-21 06:05:33.598 - INFO - Processed 546 records for CAPITALCOM:UK100 1m
2025-11-21 06:05:33.598 - INFO - [HISTORICAL] OHLCV Data - CAPITALCOM:UK100 (Timeframe: 1m) - 545 records
2025-11-21 06:05:33.598 - INFO - UK100 M1 2025-11-21 06:02:00,000 O:9447.1 H:9447.1 L:9446.6 C:9446.6 V:6
2025-11-21 06:05:33.599 - INFO - UK100 M1 2025-11-21 06:03:00,000 O:9446.9 H:9447.6 L:9446.5 C:9446.7 V:16
2025-11-21 06:05:33.599 - INFO - UK100 M1 2025-11-21 06:04:00,000 O:9447.2 H:9450 L:9447.2 C:9449.8 V:56
2025-11-21 06:05:33.607 - INFO - Converted 545/545 valid records for CAPITALCOM:UK100
2025-11-21 06:05:33.622 - INFO - ✅ Successfully inserted 545 records for CAPITALCOM:UK100 (timeframe: 1m) in 0.01s
2025-11-21 06:05:33.622 - INFO - ✅ Saved CAPITALCOM:UK100 1m | Progress: 9/208 (Remaining: 199)
2025-11-21 06:05:33.715 - INFO - ✅ Cấu hình thành công CAPITALCOM:US100 (Khung thời gian: 1m)
2025-11-21 06:05:33.802 - INFO - Processed 546 records for CAPITALCOM:US100 1m
2025-11-21 06:05:33.803 - INFO - [HISTORICAL] OHLCV Data - CAPITALCOM:US100 (Timeframe: 1m) - 545 records
2025-11-21 06:05:33.803 - INFO - US100 M1 2025-11-21 06:02:00,000 O:24067.6 H:24067.8 L:24060 C:24062 V:150
2025-11-21 06:05:33.803 - INFO - US100 M1 2025-11-21 06:03:00,000 O:24062.6 H:24067.3 L:24060.9 C:24061 V:140
2025-11-21 06:05:33.803 - INFO - US100 M1 2025-11-21 06:04:00,000 O:24061.4 H:24079.7 L:24061.4 C:24073.8 V:177
2025-11-21 06:05:33.814 - INFO - Converted 545/545 valid records for CAPITALCOM:US100
2025-11-21 06:05:33.834 - INFO - ✅ Successfully inserted 545 records for CAPITALCOM:US100 (timeframe: 1m) in 0.02s
2025-11-21 06:05:33.834 - INFO - ✅ Saved CAPITALCOM:US100 1m | Progress: 10/208 (Remaining: 198)
2025-11-21 06:05:33.920 - INFO - ✅ Cấu hình thành công CAPITALCOM:US30 (Khung thời gian: 1m)
2025-11-21 06:05:34.007 - INFO - Processed 546 records for CAPITALCOM:US30 1m
2025-11-21 06:05:34.007 - INFO - [HISTORICAL] OHLCV Data - CAPITALCOM:US30 (Timeframe: 1m) - 545 records
2025-11-21 06:05:34.008 - INFO - US30 M1 2025-11-21 06:02:00,000 O:45912.6 H:45912.7 L:45907.1 C:45907.3 V:88
2025-11-21 06:05:34.008 - INFO - US30 M1 2025-11-21 06:03:00,000 O:45907.8 H:45911.3 L:45905.7 C:45906.6 V:73
2025-11-21 06:05:34.008 - INFO - US30 M1 2025-11-21 06:04:00,000 O:45906.1 H:45925.8 L:45906.1 C:45917.5 V:115
2025-11-21 06:05:34.017 - INFO - Converted 545/545 valid records for CAPITALCOM:US30
2025-11-21 06:05:34.033 - INFO - ✅ Successfully inserted 545 records for CAPITALCOM:US30 (timeframe: 1m) in 0.01s
2025-11-21 06:05:34.033 - INFO - ✅ Saved CAPITALCOM:US30 1m | Progress: 11/208 (Remaining: 197)
2025-11-21 06:05:34.123 - INFO - ✅ Cấu hình thành công CAPITALCOM:US500 (Khung thời gian: 1m)
2025-11-21 06:05:34.210 - INFO - Processed 546 records for CAPITALCOM:US500 1m
2025-11-21 06:05:34.211 - INFO - [HISTORICAL] OHLCV Data - CAPITALCOM:US500 (Timeframe: 1m) - 545 records
2025-11-21 06:05:34.211 - INFO - US500 M1 2025-11-21 06:02:00,000 O:6555 H:6555.1 L:6553.7 C:6553.8 V:72
2025-11-21 06:05:34.211 - INFO - US500 M1 2025-11-21 06:03:00,000 O:6553.7 H:6554.9 L:6553.6 C:6554 V:51
2025-11-21 06:05:34.211 - INFO - US500 M1 2025-11-21 06:04:00,000 O:6554.3 H:6557.8 L:6554.3 C:6556.9 V:75
2025-11-21 06:05:34.220 - INFO - Converted 545/545 valid records for CAPITALCOM:US500
2025-11-21 06:05:34.236 - INFO - ✅ Successfully inserted 545 records for CAPITALCOM:US500 (timeframe: 1m) in 0.01s
2025-11-21 06:05:34.236 - INFO - ✅ Saved CAPITALCOM:US500 1m | Progress: 12/208 (Remaining: 196)
2025-11-21 06:05:34.329 - INFO - ✅ Cấu hình thành công CAPITALCOM:GOLD (Khung thời gian: 1m)
2025-11-21 06:05:34.329 - INFO - Completed timeframe 1m, waiting 4s...
2025-11-21 06:05:34.432 - INFO - Processed 546 records for CAPITALCOM:GOLD 1m
2025-11-21 06:05:34.432 - INFO - [HISTORICAL] OHLCV Data - CAPITALCOM:GOLD (Timeframe: 1m) - 545 records
2025-11-21 06:05:34.433 - INFO - GOLD M1 2025-11-21 06:02:00,000 O:4057.99 H:4059.4 L:4057.44 C:4059.4 V:425
2025-11-21 06:05:34.433 - INFO - GOLD M1 2025-11-21 06:03:00,000 O:4059.33 H:4059.67 L:4058.06 C:4059.23 V:333
2025-11-21 06:05:34.433 - INFO - GOLD M1 2025-11-21 06:04:00,000 O:4059.24 H:4060 L:4058.51 C:4058.74 V:359
2025-11-21 06:05:34.441 - INFO - Converted 545/545 valid records for CAPITALCOM:GOLD
2025-11-21 06:05:34.458 - INFO - ✅ Successfully inserted 545 records for CAPITALCOM:GOLD (timeframe: 1m) in 0.01s
2025-11-21 06:05:34.458 - INFO - ✅ Saved CAPITALCOM:GOLD 1m | Progress: 13/208 (Remaining: 195)
2025-11-21 06:05:38.332 - INFO - Processing timeframe 2m...
2025-11-21 06:05:38.537 - INFO - ✅ Cấu hình thành công CAPITALCOM:BTCUSD (Khung thời gian: 2m)
2025-11-21 06:05:38.660 - INFO - Processed 546 records for CAPITALCOM:BTCUSD 2m
2025-11-21 06:05:38.661 - INFO - [HISTORICAL] OHLCV Data - CAPITALCOM:BTCUSD (Timeframe: 2m) - 545 records
2025-11-21 06:05:38.661 - INFO - BTCUSD M2 2025-11-21 05:58:00,000 O:86077.6 H:86087.3 L:85996.35 C:86051.55 V:1541
2025-11-21 06:05:38.661 - INFO - BTCUSD M2 2025-11-21 06:00:00,000 O:86053.8 H:86122.9 L:85994.9 C:86006.75 V:1576
2025-11-21 06:05:38.662 - INFO - BTCUSD M2 2025-11-21 06:02:00,000 O:86006.15 H:86006.5 L:85859.25 C:85872.15 V:1763
2025-11-21 06:05:38.674 - INFO - Converted 545/545 valid records for CAPITALCOM:BTCUSD
2025-11-21 06:05:38.698 - INFO - ✅ Successfully inserted 545 records for CAPITALCOM:BTCUSD (timeframe: 2m) in 0.02s
2025-11-21 06:05:38.698 - INFO - ✅ Saved CAPITALCOM:BTCUSD 2m | Progress: 14/208 (Remaining: 194)
2025-11-21 06:05:38.754 - INFO - ✅ Cấu hình thành công CAPITALCOM:AU200AU (Khung thời gian: 2m)
2025-11-21 06:05:38.843 - INFO - Processed 546 records for CAPITALCOM:AU200AU 2m
2025-11-21 06:05:38.844 - INFO - [HISTORICAL] OHLCV Data - CAPITALCOM:AU200AU (Timeframe: 2m) - 545 records
2025-11-21 06:05:38.844 - INFO - AU200AU M2 2025-11-21 05:22:00,000 O:8425.1 H:8427.1 L:8424.1 C:8425.1 V:39
2025-11-21 06:05:38.844 - INFO - AU200AU M2 2025-11-21 05:24:00,000 O:8426.1 H:8429.1 L:8425.1 C:8428.1 V:39
2025-11-21 06:05:38.844 - INFO - AU200AU M2 2025-11-21 05:26:00,000 O:8429.1 H:8431.1 L:8428.1 C:8428.1 V:20
2025-11-21 06:05:38.852 - INFO - Converted 545/545 valid records for CAPITALCOM:AU200AU
2025-11-21 06:05:38.869 - INFO - ✅ Successfully inserted 545 records for CAPITALCOM:AU200AU (timeframe: 2m) in 0.01s
2025-11-21 06:05:38.869 - INFO - ✅ Saved CAPITALCOM:AU200AU 2m | Progress: 15/208 (Remaining: 193)
2025-11-21 06:05:38.957 - INFO - ✅ Cấu hình thành công BINANCE:BTCUSD (Khung thời gian: 2m)
2025-11-21 06:05:39.046 - INFO - Processed 546 records for BINANCE:BTCUSD 2m
2025-11-21 06:05:39.047 - INFO - [HISTORICAL] OHLCV Data - BINANCE:BTCUSD (Timeframe: 2m) - 545 records
2025-11-21 06:05:39.047 - INFO - BTCUSD M2 2025-11-21 05:58:00,000 O:86107.73 H:86127.3 L:86044.96 C:86107.44 V:0.32642
2025-11-21 06:05:39.047 - INFO - BTCUSD M2 2025-11-21 06:00:00,000 O:86102.44 H:86170.42 L:86034.05 C:86034.05 V:0.33881
2025-11-21 06:05:39.047 - INFO - BTCUSD M2 2025-11-21 06:02:00,000 O:86037.88 H:86037.88 L:85886.37 C:85921.05 V:0.77964
2025-11-21 06:05:39.056 - INFO - Converted 545/545 valid records for BINANCE:BTCUSD
2025-11-21 06:05:39.079 - INFO - ✅ Successfully inserted 545 records for BINANCE:BTCUSD (timeframe: 2m) in 0.02s
2025-11-21 06:05:39.079 - INFO - ✅ Saved BINANCE:BTCUSD 2m | Progress: 16/208 (Remaining: 192)
2025-11-21 06:05:39.163 - INFO - ✅ Cấu hình thành công CAPITALCOM:DE40 (Khung thời gian: 2m)
2025-11-21 06:05:39.251 - INFO - Processed 546 records for CAPITALCOM:DE40 2m
2025-11-21 06:05:39.252 - INFO - [HISTORICAL] OHLCV Data - CAPITALCOM:DE40 (Timeframe: 2m) - 545 records
2025-11-21 06:05:39.252 - INFO - DE40 M2 2025-11-21 05:58:00,000 O:22977.3 H:22978.1 L:22972.7 C:22976.7 V:41
2025-11-21 06:05:39.253 - INFO - DE40 M2 2025-11-21 06:00:00,000 O:22977.7 H:22980.5 L:22974 C:22980.3 V:58
2025-11-21 06:05:39.254 - INFO - DE40 M2 2025-11-21 06:02:00,000 O:22979.8 H:22980.3 L:22974.3 C:22975.1 V:37
2025-11-21 06:05:39.284 - INFO - Converted 545/545 valid records for CAPITALCOM:DE40
2025-11-21 06:05:39.304 - INFO - ✅ Successfully inserted 545 records for CAPITALCOM:DE40 (timeframe: 2m) in 0.02s
2025-11-21 06:05:39.304 - INFO - ✅ Saved CAPITALCOM:DE40 2m | Progress: 17/208 (Remaining: 191)
2025-11-21 06:05:39.368 - INFO - ✅ Cấu hình thành công CAPITALCOM:FR40 (Khung thời gian: 2m)
2025-11-21 06:05:39.460 - INFO - Processed 546 records for CAPITALCOM:FR40 2m
2025-11-21 06:05:39.461 - INFO - [HISTORICAL] OHLCV Data - CAPITALCOM:FR40 (Timeframe: 2m) - 545 records
2025-11-21 06:05:39.461 - INFO - FR40 M2 2025-11-21 05:58:00,000 O:7905.4 H:7906 L:7903.5 C:7904.8 V:21
2025-11-21 06:05:39.461 - INFO - FR40 M2 2025-11-21 06:00:00,000 O:7905.4 H:7907.3 L:7904.8 C:7906 V:9
2025-11-21 06:05:39.462 - INFO - FR40 M2 2025-11-21 06:02:00,000 O:7904.8 H:7906 L:7904.8 C:7904.8 V:24
2025-11-21 06:05:39.470 - INFO - Converted 545/545 valid records for CAPITALCOM:FR40
2025-11-21 06:05:39.489 - INFO - ✅ Successfully inserted 545 records for CAPITALCOM:FR40 (timeframe: 2m) in 0.01s
2025-11-21 06:05:39.489 - INFO - ✅ Saved CAPITALCOM:FR40 2m | Progress: 18/208 (Remaining: 190)
2025-11-21 06:05:39.570 - INFO - ✅ Cấu hình thành công CAPITALCOM:HK50 (Khung thời gian: 2m)
2025-11-21 06:05:39.665 - INFO - Processed 546 records for CAPITALCOM:HK50 2m
2025-11-21 06:05:39.665 - INFO - [HISTORICAL] OHLCV Data - CAPITALCOM:HK50 (Timeframe: 2m) - 545 records
2025-11-21 06:05:39.665 - INFO - HK50 M2 2025-11-21 05:58:00,000 O:25406.2 H:25408.7 L:25389.7 C:25395.8 V:225
2025-11-21 06:05:39.665 - INFO - HK50 M2 2025-11-21 06:00:00,000 O:25397.8 H:25400.8 L:25381.3 C:25391.3 V:230
2025-11-21 06:05:39.665 - INFO - HK50 M2 2025-11-21 06:02:00,000 O:25391.8 H:25428 L:25389.3 C:25422.9 V:229
2025-11-21 06:05:39.682 - INFO - Converted 545/545 valid records for CAPITALCOM:HK50
2025-11-21 06:05:39.701 - INFO - ✅ Successfully inserted 545 records for CAPITALCOM:HK50 (timeframe: 2m) in 0.01s
2025-11-21 06:05:39.701 - INFO - ✅ Saved CAPITALCOM:HK50 2m | Progress: 19/208 (Remaining: 189)
2025-11-21 06:05:39.774 - INFO - ✅ Cấu hình thành công CAPITALCOM:J225 (Khung thời gian: 2m)
2025-11-21 06:05:39.834 - INFO - Processed 546 records for CAPITALCOM:J225 2m
2025-11-21 06:05:39.834 - INFO - [HISTORICAL] OHLCV Data - CAPITALCOM:J225 (Timeframe: 2m) - 545 records
2025-11-21 06:05:39.835 - INFO - J225 M2 2025-11-21 05:58:00,000 O:48679.6 H:48679.6 L:48643.5 C:48665.1 V:110
2025-11-21 06:05:39.835 - INFO - J225 M2 2025-11-21 06:00:00,000 O:48670.1 H:48696.7 L:48649.5 C:48691.5 V:140
2025-11-21 06:05:39.835 - INFO - J225 M2 2025-11-21 06:02:00,000 O:48694 H:48703.4 L:48679.2 C:48688.3 V:156
2025-11-21 06:05:39.846 - INFO - Converted 545/545 valid records for CAPITALCOM:J225
2025-11-21 06:05:39.863 - INFO - ✅ Successfully inserted 545 records for CAPITALCOM:J225 (timeframe: 2m) in 0.01s
2025-11-21 06:05:39.863 - INFO - ✅ Saved CAPITALCOM:J225 2m | Progress: 20/208 (Remaining: 188)
2025-11-21 06:05:39.980 - INFO - ✅ Cấu hình thành công CAPITALCOM:SP35 (Khung thời gian: 2m)
2025-11-21 06:05:40.082 - INFO - Processed 546 records for CAPITALCOM:SP35 2m
2025-11-21 06:05:40.083 - INFO - [HISTORICAL] OHLCV Data - CAPITALCOM:SP35 (Timeframe: 2m) - 545 records
2025-11-21 06:05:40.083 - INFO - SP35 M2 2025-11-20 18:52:00,000 O:15797.4 H:15797.4 L:15793.9 C:15794.9 V:9
2025-11-21 06:05:40.083 - INFO - SP35 M2 2025-11-20 18:54:00,000 O:15793.9 H:15793.9 L:15791.9 C:15791.9 V:5
2025-11-21 06:05:40.083 - INFO - SP35 M2 2025-11-20 18:56:00,000 O:15795.9 H:15795.9 L:15785.9 C:15791.9 V:13
2025-11-21 06:05:40.092 - INFO - Converted 545/545 valid records for CAPITALCOM:SP35
2025-11-21 06:05:40.110 - INFO - ✅ Successfully inserted 545 records for CAPITALCOM:SP35 (timeframe: 2m) in 0.01s
2025-11-21 06:05:40.111 - INFO - ✅ Saved CAPITALCOM:SP35 2m | Progress: 21/208 (Remaining: 187)
2025-11-21 06:05:40.184 - INFO - ✅ Cấu hình thành công CAPITALCOM:UK100 (Khung thời gian: 2m)
2025-11-21 06:05:40.278 - INFO - Processed 546 records for CAPITALCOM:UK100 2m
2025-11-21 06:05:40.279 - INFO - [HISTORICAL] OHLCV Data - CAPITALCOM:UK100 (Timeframe: 2m) - 545 records
2025-11-21 06:05:40.279 - INFO - UK100 M2 2025-11-21 05:58:00,000 O:9448.3 H:9448.6 L:9447.3 C:9447.6 V:25
2025-11-21 06:05:40.279 - INFO - UK100 M2 2025-11-21 06:00:00,000 O:9447.9 H:9448.6 L:9447.1 C:9447.6 V:38
2025-11-21 06:05:40.279 - INFO - UK100 M2 2025-11-21 06:02:00,000 O:9447.1 H:9447.6 L:9446.5 C:9446.7 V:22
2025-11-21 06:05:40.288 - INFO - Converted 545/545 valid records for CAPITALCOM:UK100
2025-11-21 06:05:40.305 - INFO - ✅ Successfully inserted 545 records for CAPITALCOM:UK100 (timeframe: 2m) in 0.01s
2025-11-21 06:05:40.306 - INFO - ✅ Saved CAPITALCOM:UK100 2m | Progress: 22/208 (Remaining: 186)
2025-11-21 06:05:40.400 - INFO - ✅ Cấu hình thành công CAPITALCOM:US100 (Khung thời gian: 2m)
2025-11-21 06:05:40.495 - INFO - Processed 546 records for CAPITALCOM:US100 2m
2025-11-21 06:05:40.495 - INFO - [HISTORICAL] OHLCV Data - CAPITALCOM:US100 (Timeframe: 2m) - 545 records
2025-11-21 06:05:40.496 - INFO - US100 M2 2025-11-21 05:58:00,000 O:24077.9 H:24077.9 L:24062.7 C:24067.1 V:302
2025-11-21 06:05:40.496 - INFO - US100 M2 2025-11-21 06:00:00,000 O:24067 H:24071.8 L:24058.9 C:24068.6 V:307
2025-11-21 06:05:40.496 - INFO - US100 M2 2025-11-21 06:02:00,000 O:24067.6 H:24067.8 L:24060 C:24061 V:290
2025-11-21 06:05:40.506 - INFO - Converted 545/545 valid records for CAPITALCOM:US100
2025-11-21 06:05:40.523 - INFO - ✅ Successfully inserted 545 records for CAPITALCOM:US100 (timeframe: 2m) in 0.01s
2025-11-21 06:05:40.523 - INFO - ✅ Saved CAPITALCOM:US100 2m | Progress: 23/208 (Remaining: 185)
2025-11-21 06:05:40.602 - INFO - ✅ Cấu hình thành công CAPITALCOM:US30 (Khung thời gian: 2m)
2025-11-21 06:05:40.722 - INFO - Processed 546 records for CAPITALCOM:US30 2m
2025-11-21 06:05:40.722 - INFO - [HISTORICAL] OHLCV Data - CAPITALCOM:US30 (Timeframe: 2m) - 545 records
2025-11-21 06:05:40.723 - INFO - US30 M2 2025-11-21 05:58:00,000 O:45916.5 H:45916.5 L:45904.4 C:45905.7 V:164
2025-11-21 06:05:40.723 - INFO - US30 M2 2025-11-21 06:00:00,000 O:45906.2 H:45917.7 L:45904.7 C:45913.1 V:184
2025-11-21 06:05:40.723 - INFO - US30 M2 2025-11-21 06:02:00,000 O:45912.6 H:45912.7 L:45905.7 C:45906.6 V:161
2025-11-21 06:05:40.732 - INFO - Converted 545/545 valid records for CAPITALCOM:US30
2025-11-21 06:05:40.752 - INFO - ✅ Successfully inserted 545 records for CAPITALCOM:US30 (timeframe: 2m) in 0.02s
2025-11-21 06:05:40.752 - INFO - ✅ Saved CAPITALCOM:US30 2m | Progress: 24/208 (Remaining: 184)
2025-11-21 06:05:40.805 - INFO - ✅ Cấu hình thành công CAPITALCOM:US500 (Khung thời gian: 2m)
2025-11-21 06:05:40.889 - INFO - Processed 546 records for CAPITALCOM:US500 2m
2025-11-21 06:05:40.889 - INFO - [HISTORICAL] OHLCV Data - CAPITALCOM:US500 (Timeframe: 2m) - 545 records
2025-11-21 06:05:40.889 - INFO - US500 M2 2025-11-21 05:58:00,000 O:6555.2 H:6555.4 L:6553.3 C:6553.8 V:106
2025-11-21 06:05:40.890 - INFO - US500 M2 2025-11-21 06:00:00,000 O:6554 H:6555.4 L:6553.3 C:6555.1 V:136
2025-11-21 06:05:40.890 - INFO - US500 M2 2025-11-21 06:02:00,000 O:6555 H:6555.1 L:6553.6 C:6554 V:123
2025-11-21 06:05:40.899 - INFO - Converted 545/545 valid records for CAPITALCOM:US500
2025-11-21 06:05:40.916 - INFO - ✅ Successfully inserted 545 records for CAPITALCOM:US500 (timeframe: 2m) in 0.02s
2025-11-21 06:05:40.916 - INFO - ✅ Saved CAPITALCOM:US500 2m | Progress: 25/208 (Remaining: 183)
2025-11-21 06:05:41.021 - INFO - ✅ Cấu hình thành công CAPITALCOM:GOLD (Khung thời gian: 2m)
2025-11-21 06:05:41.022 - INFO - Completed timeframe 2m, waiting 4s...
2025-11-21 06:05:41.109 - INFO - Processed 546 records for CAPITALCOM:GOLD 2m
2025-11-21 06:05:41.109 - INFO - [HISTORICAL] OHLCV Data - CAPITALCOM:GOLD (Timeframe: 2m) - 545 records
2025-11-21 06:05:41.109 - INFO - GOLD M2 2025-11-21 05:58:00,000 O:4047.06 H:4059.66 L:4046.59 C:4058.56 V:1243
2025-11-21 06:05:41.109 - INFO - GOLD M2 2025-11-21 06:00:00,000 O:4058.55 H:4064.81 L:4057.83 C:4058.02 V:1316
2025-11-21 06:05:41.109 - INFO - GOLD M2 2025-11-21 06:02:00,000 O:4057.99 H:4059.67 L:4057.44 C:4059.23 V:758
2025-11-21 06:05:41.117 - INFO - Converted 545/545 valid records for CAPITALCOM:GOLD
2025-11-21 06:05:41.141 - INFO - ✅ Successfully inserted 545 records for CAPITALCOM:GOLD (timeframe: 2m) in 0.02s
2025-11-21 06:05:41.141 - INFO - ✅ Saved CAPITALCOM:GOLD 2m | Progress: 26/208 (Remaining: 182)
2025-11-21 06:05:41.702 - INFO - Heartbeat received: ~m~4~m~~h~1
2025-11-21 06:05:41.703 - INFO - Echoed heartbeat: ~m~4~m~~h~1
2025-11-21 06:05:41.703 - INFO - WebSocket still active
2025-11-21 06:05:45.035 - INFO - Processing timeframe 3m...
2025-11-21 06:05:45.239 - INFO - ✅ Cấu hình thành công CAPITALCOM:BTCUSD (Khung thời gian: 3m)
2025-11-21 06:05:45.358 - INFO - Processed 546 records for CAPITALCOM:BTCUSD 3m
2025-11-21 06:05:45.358 - INFO - [HISTORICAL] OHLCV Data - CAPITALCOM:BTCUSD (Timeframe: 3m) - 545 records
2025-11-21 06:05:45.358 - INFO - BTCUSD M3 2025-11-21 05:54:00,000 O:85972.4 H:86074.8 L:85924.5 C:85987.15 V:2204
2025-11-21 06:05:45.358 - INFO - BTCUSD M3 2025-11-21 05:57:00,000 O:85987.65 H:86087.3 L:85985.6 C:86051.55 V:2377
2025-11-21 06:05:45.358 - INFO - BTCUSD M3 2025-11-21 06:00:00,000 O:86053.8 H:86122.9 L:85859.25 C:85903.4 V:2450
2025-11-21 06:05:45.367 - INFO - Converted 545/545 valid records for CAPITALCOM:BTCUSD
2025-11-21 06:05:45.440 - INFO - ✅ Cấu hình thành công CAPITALCOM:AU200AU (Khung thời gian: 3m)
2025-11-21 06:05:45.511 - INFO - ✅ Successfully inserted 545 records for CAPITALCOM:BTCUSD (timeframe: 3m) in 0.14s
2025-11-21 06:05:45.511 - INFO - ✅ Saved CAPITALCOM:BTCUSD 3m | Progress: 27/208 (Remaining: 181)
2025-11-21 06:05:45.641 - INFO - ✅ Cấu hình thành công BINANCE:BTCUSD (Khung thời gian: 3m)
2025-11-21 06:05:45.696 - INFO - Processed 546 records for CAPITALCOM:AU200AU 3m
2025-11-21 06:05:45.696 - INFO - [HISTORICAL] OHLCV Data - CAPITALCOM:AU200AU (Timeframe: 3m) - 545 records
2025-11-21 06:05:45.696 - INFO - AU200AU M3 2025-11-21 05:18:00,000 O:8426.1 H:8427.1 L:8423.1 C:8423.1 V:30
2025-11-21 06:05:45.696 - INFO - AU200AU M3 2025-11-21 05:21:00,000 O:8424.1 H:8427.1 L:8424.1 C:8425.1 V:46
2025-11-21 06:05:45.696 - INFO - AU200AU M3 2025-11-21 05:24:00,000 O:8426.1 H:8431.1 L:8425.1 C:8430.1 V:51
2025-11-21 06:05:45.704 - INFO - Converted 545/545 valid records for CAPITALCOM:AU200AU
2025-11-21 06:05:45.722 - INFO - ✅ Successfully inserted 545 records for CAPITALCOM:AU200AU (timeframe: 3m) in 0.02s
2025-11-21 06:05:45.722 - INFO - ✅ Saved CAPITALCOM:AU200AU 3m | Progress: 28/208 (Remaining: 180)
2025-11-21 06:05:45.763 - INFO - Processed 546 records for BINANCE:BTCUSD 3m
2025-11-21 06:05:45.764 - INFO - [HISTORICAL] OHLCV Data - BINANCE:BTCUSD (Timeframe: 3m) - 545 records
2025-11-21 06:05:45.764 - INFO - BTCUSD M3 2025-11-21 05:54:00,000 O:86005.77 H:86111.46 L:85959.25 C:86030.32 V:0.33863
2025-11-21 06:05:45.765 - INFO - BTCUSD M3 2025-11-21 05:57:00,000 O:86039.51 H:86127.3 L:86033.77 C:86107.44 V:0.35142
2025-11-21 06:05:45.765 - INFO - BTCUSD M3 2025-11-21 06:00:00,000 O:86102.44 H:86170.42 L:85886.37 C:85960.89 V:0.786
2025-11-21 06:05:45.782 - INFO - Converted 545/545 valid records for BINANCE:BTCUSD
2025-11-21 06:05:45.807 - INFO - ✅ Successfully inserted 545 records for BINANCE:BTCUSD (timeframe: 3m) in 0.02s
2025-11-21 06:05:45.807 - INFO - ✅ Saved BINANCE:BTCUSD 3m | Progress: 29/208 (Remaining: 179)
2025-11-21 06:05:45.844 - INFO - ✅ Cấu hình thành công CAPITALCOM:DE40 (Khung thời gian: 3m)
2025-11-21 06:05:45.921 - INFO - Processed 546 records for CAPITALCOM:DE40 3m
2025-11-21 06:05:45.921 - INFO - [HISTORICAL] OHLCV Data - CAPITALCOM:DE40 (Timeframe: 3m) - 545 records
2025-11-21 06:05:45.921 - INFO - DE40 M3 2025-11-21 05:54:00,000 O:22968.4 H:22975.2 L:22964.4 C:22973.2 V:56
2025-11-21 06:05:45.922 - INFO - DE40 M3 2025-11-21 05:57:00,000 O:22974.2 H:22978.3 L:22972.1 C:22976.7 V:67
2025-11-21 06:05:45.922 - INFO - DE40 M3 2025-11-21 06:00:00,000 O:22977.7 H:22980.5 L:22974 C:22974.3 V:82
2025-11-21 06:05:45.941 - INFO - Converted 545/545 valid records for CAPITALCOM:DE40
2025-11-21 06:05:45.961 - INFO - ✅ Successfully inserted 545 records for CAPITALCOM:DE40 (timeframe: 3m) in 0.02s
2025-11-21 06:05:45.961 - INFO - ✅ Saved CAPITALCOM:DE40 3m | Progress: 30/208 (Remaining: 178)
2025-11-21 06:05:46.046 - INFO - ✅ Cấu hình thành công CAPITALCOM:FR40 (Khung thời gian: 3m)
2025-11-21 06:05:46.134 - INFO - Processed 546 records for CAPITALCOM:FR40 3m
2025-11-21 06:05:46.134 - INFO - [HISTORICAL] OHLCV Data - CAPITALCOM:FR40 (Timeframe: 3m) - 545 records
2025-11-21 06:05:46.134 - INFO - FR40 M3 2025-11-21 05:54:00,000 O:7902.2 H:7904.8 L:7902.2 C:7904.8 V:23
2025-11-21 06:05:46.134 - INFO - FR40 M3 2025-11-21 05:57:00,000 O:7904.1 H:7906.7 L:7903.5 C:7904.8 V:31
2025-11-21 06:05:46.135 - INFO - FR40 M3 2025-11-21 06:00:00,000 O:7905.4 H:7907.3 L:7904.8 C:7904.8 V:17
2025-11-21 06:05:46.143 - INFO - Converted 545/545 valid records for CAPITALCOM:FR40
2025-11-21 06:05:46.159 - INFO - ✅ Successfully inserted 545 records for CAPITALCOM:FR40 (timeframe: 3m) in 0.01s
2025-11-21 06:05:46.159 - INFO - ✅ Saved CAPITALCOM:FR40 3m | Progress: 31/208 (Remaining: 177)
2025-11-21 06:05:46.248 - INFO - ✅ Cấu hình thành công CAPITALCOM:HK50 (Khung thời gian: 3m)
2025-11-21 06:05:46.312 - INFO - Processed 546 records for CAPITALCOM:HK50 3m
2025-11-21 06:05:46.313 - INFO - [HISTORICAL] OHLCV Data - CAPITALCOM:HK50 (Timeframe: 3m) - 545 records
2025-11-21 06:05:46.313 - INFO - HK50 M3 2025-11-21 05:54:00,000 O:25404.2 H:25414.1 L:25380.5 C:25382 V:339
2025-11-21 06:05:46.313 - INFO - HK50 M3 2025-11-21 05:57:00,000 O:25384 H:25408.7 L:25384 C:25395.8 V:330
2025-11-21 06:05:46.313 - INFO - HK50 M3 2025-11-21 06:00:00,000 O:25397.8 H:25409.7 L:25381.3 C:25396.8 V:350
2025-11-21 06:05:46.321 - INFO - Converted 545/545 valid records for CAPITALCOM:HK50
2025-11-21 06:05:46.338 - INFO - ✅ Successfully inserted 545 records for CAPITALCOM:HK50 (timeframe: 3m) in 0.02s
2025-11-21 06:05:46.338 - INFO - ✅ Saved CAPITALCOM:HK50 3m | Progress: 32/208 (Remaining: 176)
2025-11-21 06:05:46.451 - INFO - ✅ Cấu hình thành công CAPITALCOM:J225 (Khung thời gian: 3m)
2025-11-21 06:05:46.539 - INFO - Processed 546 records for CAPITALCOM:J225 3m
2025-11-21 06:05:46.539 - INFO - [HISTORICAL] OHLCV Data - CAPITALCOM:J225 (Timeframe: 3m) - 545 records
2025-11-21 06:05:46.539 - INFO - J225 M3 2025-11-21 05:54:00,000 O:48650.4 H:48651.9 L:48620.1 C:48651.9 V:228
2025-11-21 06:05:46.539 - INFO - J225 M3 2025-11-21 05:57:00,000 O:48654.4 H:48684.8 L:48626.8 C:48665.1 V:191
2025-11-21 06:05:46.539 - INFO - J225 M3 2025-11-21 06:00:00,000 O:48670.1 H:48696.7 L:48649.5 C:48691.4 V:220
2025-11-21 06:05:46.547 - INFO - Converted 545/545 valid records for CAPITALCOM:J225
2025-11-21 06:05:46.564 - INFO - ✅ Successfully inserted 545 records for CAPITALCOM:J225 (timeframe: 3m) in 0.01s
2025-11-21 06:05:46.564 - INFO - ✅ Saved CAPITALCOM:J225 3m | Progress: 33/208 (Remaining: 175)
2025-11-21 06:05:46.653 - INFO - ✅ Cấu hình thành công CAPITALCOM:SP35 (Khung thời gian: 3m)
2025-11-21 06:05:46.740 - INFO - Processed 546 records for CAPITALCOM:SP35 3m
2025-11-21 06:05:46.740 - INFO - [HISTORICAL] OHLCV Data - CAPITALCOM:SP35 (Timeframe: 3m) - 545 records
2025-11-21 06:05:46.740 - INFO - SP35 M3 2025-11-20 18:48:00,000 O:15814.9 H:15814.9 L:15792.9 C:15801.9 V:31
2025-11-21 06:05:46.740 - INFO - SP35 M3 2025-11-20 18:51:00,000 O:15797.9 H:15799.4 L:15793.9 C:15794.9 V:16
2025-11-21 06:05:46.741 - INFO - SP35 M3 2025-11-20 18:54:00,000 O:15793.9 H:15795.9 L:15785.9 C:15788.4 V:12
2025-11-21 06:05:46.748 - INFO - Converted 545/545 valid records for CAPITALCOM:SP35
2025-11-21 06:05:46.765 - INFO - ✅ Successfully inserted 545 records for CAPITALCOM:SP35 (timeframe: 3m) in 0.01s
2025-11-21 06:05:46.766 - INFO - ✅ Saved CAPITALCOM:SP35 3m | Progress: 34/208 (Remaining: 174)
2025-11-21 06:05:46.857 - INFO - ✅ Cấu hình thành công CAPITALCOM:UK100 (Khung thời gian: 3m)
2025-11-21 06:05:47.008 - INFO - Processed 546 records for CAPITALCOM:UK100 3m
2025-11-21 06:05:47.008 - INFO - [HISTORICAL] OHLCV Data - CAPITALCOM:UK100 (Timeframe: 3m) - 545 records
2025-11-21 06:05:47.009 - INFO - UK100 M3 2025-11-21 05:54:00,000 O:9445.9 H:9447.5 L:9445.4 C:9447.3 V:57
2025-11-21 06:05:47.009 - INFO - UK100 M3 2025-11-21 05:57:00,000 O:9447.5 H:9448.8 L:9447.1 C:9447.6 V:44
2025-11-21 06:05:47.009 - INFO - UK100 M3 2025-11-21 06:00:00,000 O:9447.9 H:9448.6 L:9446.6 C:9446.6 V:44
2025-11-21 06:05:47.018 - INFO - Converted 545/545 valid records for CAPITALCOM:UK100
2025-11-21 06:05:47.034 - INFO - ✅ Successfully inserted 545 records for CAPITALCOM:UK100 (timeframe: 3m) in 0.01s
2025-11-21 06:05:47.034 - INFO - ✅ Saved CAPITALCOM:UK100 3m | Progress: 35/208 (Remaining: 173)
2025-11-21 06:05:47.059 - INFO - ✅ Cấu hình thành công CAPITALCOM:US100 (Khung thời gian: 3m)
2025-11-21 06:05:47.148 - INFO - Processed 546 records for CAPITALCOM:US100 3m
2025-11-21 06:05:47.148 - INFO - [HISTORICAL] OHLCV Data - CAPITALCOM:US100 (Timeframe: 3m) - 545 records
2025-11-21 06:05:47.149 - INFO - US100 M3 2025-11-21 05:54:00,000 O:24058.1 H:24072.9 L:24053.6 C:24070.2 V:456
2025-11-21 06:05:47.149 - INFO - US100 M3 2025-11-21 05:57:00,000 O:24070.4 H:24080.6 L:24062.7 C:24067.1 V:453
2025-11-21 06:05:47.149 - INFO - US100 M3 2025-11-21 06:00:00,000 O:24067 H:24071.8 L:24058.9 C:24062 V:457
2025-11-21 06:05:47.158 - INFO - Converted 545/545 valid records for CAPITALCOM:US100
2025-11-21 06:05:47.176 - INFO - ✅ Successfully inserted 545 records for CAPITALCOM:US100 (timeframe: 3m) in 0.01s
2025-11-21 06:05:47.177 - INFO - ✅ Saved CAPITALCOM:US100 3m | Progress: 36/208 (Remaining: 172)
2025-11-21 06:05:47.265 - INFO - ✅ Cấu hình thành công CAPITALCOM:US30 (Khung thời gian: 3m)
2025-11-21 06:05:47.355 - INFO - Processed 546 records for CAPITALCOM:US30 3m
2025-11-21 06:05:47.355 - INFO - [HISTORICAL] OHLCV Data - CAPITALCOM:US30 (Timeframe: 3m) - 545 records
2025-11-21 06:05:47.355 - INFO - US30 M3 2025-11-21 05:54:00,000 O:45899.4 H:45914.4 L:45894.5 C:45911.4 V:216
2025-11-21 06:05:47.355 - INFO - US30 M3 2025-11-21 05:57:00,000 O:45911.9 H:45919.5 L:45904.4 C:45905.7 V:239
2025-11-21 06:05:47.355 - INFO - US30 M3 2025-11-21 06:00:00,000 O:45906.2 H:45917.7 L:45904.7 C:45907.3 V:272
2025-11-21 06:05:47.363 - INFO - Converted 545/545 valid records for CAPITALCOM:US30
2025-11-21 06:05:47.383 - INFO - ✅ Successfully inserted 545 records for CAPITALCOM:US30 (timeframe: 3m) in 0.02s
2025-11-21 06:05:47.383 - INFO - ✅ Saved CAPITALCOM:US30 3m | Progress: 37/208 (Remaining: 171)
2025-11-21 06:05:47.468 - INFO - ✅ Cấu hình thành công CAPITALCOM:US500 (Khung thời gian: 3m)
2025-11-21 06:05:47.568 - INFO - Processed 546 records for CAPITALCOM:US500 3m
2025-11-21 06:05:47.568 - INFO - [HISTORICAL] OHLCV Data - CAPITALCOM:US500 (Timeframe: 3m) - 545 records
2025-11-21 06:05:47.568 - INFO - US500 M3 2025-11-21 05:54:00,000 O:6552.7 H:6555.3 L:6551.7 C:6554.6 V:185
2025-11-21 06:05:47.569 - INFO - US500 M3 2025-11-21 05:57:00,000 O:6554.7 H:6556.1 L:6553.3 C:6553.8 V:171
2025-11-21 06:05:47.569 - INFO - US500 M3 2025-11-21 06:00:00,000 O:6554 H:6555.4 L:6553.3 C:6553.8 V:208
2025-11-21 06:05:47.585 - INFO - Converted 545/545 valid records for CAPITALCOM:US500
2025-11-21 06:05:47.603 - INFO - ✅ Successfully inserted 545 records for CAPITALCOM:US500 (timeframe: 3m) in 0.02s
2025-11-21 06:05:47.603 - INFO - ✅ Saved CAPITALCOM:US500 3m | Progress: 38/208 (Remaining: 170)
2025-11-21 06:05:47.671 - INFO - ✅ Cấu hình thành công CAPITALCOM:GOLD (Khung thời gian: 3m)
2025-11-21 06:05:47.672 - INFO - Completed timeframe 3m, waiting 4s...
2025-11-21 06:05:47.776 - INFO - Processed 546 records for CAPITALCOM:GOLD 3m
2025-11-21 06:05:47.776 - INFO - [HISTORICAL] OHLCV Data - CAPITALCOM:GOLD (Timeframe: 3m) - 545 records
2025-11-21 06:05:47.776 - INFO - GOLD M3 2025-11-21 05:54:00,000 O:4040.97 H:4058.09 L:4039.74 C:4057.2 V:2085
2025-11-21 06:05:47.776 - INFO - GOLD M3 2025-11-21 05:57:00,000 O:4057.27 H:4059.66 L:4046 C:4058.56 V:2089
2025-11-21 06:05:47.777 - INFO - GOLD M3 2025-11-21 06:00:00,000 O:4058.55 H:4064.81 L:4057.44 C:4059.4 V:1741
2025-11-21 06:05:47.785 - INFO - Converted 545/545 valid records for CAPITALCOM:GOLD
2025-11-21 06:05:47.802 - INFO - ✅ Successfully inserted 545 records for CAPITALCOM:GOLD (timeframe: 3m) in 0.01s
2025-11-21 06:05:47.802 - INFO - ✅ Saved CAPITALCOM:GOLD 3m | Progress: 39/208 (Remaining: 169)
2025-11-21 06:05:51.669 - INFO - Heartbeat received: ~m~4~m~~h~2
2025-11-21 06:05:51.670 - INFO - Echoed heartbeat: ~m~4~m~~h~2
2025-11-21 06:05:51.688 - INFO - Processing timeframe 4m...
2025-11-21 06:05:51.731 - INFO - WebSocket still active
2025-11-21 06:05:51.904 - INFO - ✅ Cấu hình thành công CAPITALCOM:BTCUSD (Khung thời gian: 4m)
2025-11-21 06:05:52.109 - INFO - ✅ Cấu hình thành công CAPITALCOM:AU200AU (Khung thời gian: 4m)
2025-11-21 06:05:52.291 - INFO - Processed 546 records for CAPITALCOM:BTCUSD 4m
2025-11-21 06:05:52.292 - INFO - [HISTORICAL] OHLCV Data - CAPITALCOM:BTCUSD (Timeframe: 4m) - 545 records
2025-11-21 06:05:52.292 - INFO - BTCUSD M4 2025-11-21 05:52:00,000 O:86014.1 H:86019.3 L:85924.5 C:85999.2 V:2642
2025-11-21 06:05:52.292 - INFO - BTCUSD M4 2025-11-21 05:56:00,000 O:85998.3 H:86087.3 L:85977.35 C:86051.55 V:3299
2025-11-21 06:05:52.292 - INFO - BTCUSD M4 2025-11-21 06:00:00,000 O:86053.8 H:86122.9 L:85859.25 C:85872.15 V:3339
2025-11-21 06:05:52.300 - INFO - Converted 545/545 valid records for CAPITALCOM:BTCUSD
2025-11-21 06:05:52.311 - INFO - ✅ Cấu hình thành công BINANCE:BTCUSD (Khung thời gian: 4m)
2025-11-21 06:05:52.321 - INFO - Processed 546 records for CAPITALCOM:AU200AU 4m
2025-11-21 06:05:52.321 - INFO - [HISTORICAL] OHLCV Data - CAPITALCOM:AU200AU (Timeframe: 4m) - 545 records
2025-11-21 06:05:52.321 - INFO - AU200AU M4 2025-11-21 05:14:00,000 O:8425.1 H:8425.1 L:8421.1 C:8425.1 V:35
2025-11-21 06:05:52.321 - INFO - AU200AU M4 2025-11-21 05:18:00,000 O:8426.1 H:8427.1 L:8423.1 C:8426.1 V:37
2025-11-21 06:05:52.321 - INFO - AU200AU M4 2025-11-21 05:22:00,000 O:8425.1 H:8429.1 L:8424.1 C:8428.1 V:78
2025-11-21 06:05:52.329 - INFO - Converted 545/545 valid records for CAPITALCOM:AU200AU
2025-11-21 06:05:52.407 - INFO - ✅ Successfully inserted 545 records for CAPITALCOM:AU200AU (timeframe: 4m) in 0.07s
2025-11-21 06:05:52.407 - INFO - ✅ Saved CAPITALCOM:AU200AU 4m | Progress: 40/208 (Remaining: 168)
2025-11-21 06:05:52.429 - INFO - ✅ Successfully inserted 545 records for CAPITALCOM:BTCUSD (timeframe: 4m) in 0.13s
2025-11-21 06:05:52.429 - INFO - ✅ Saved CAPITALCOM:BTCUSD 4m | Progress: 41/208 (Remaining: 167)
2025-11-21 06:05:52.450 - INFO - Processed 546 records for BINANCE:BTCUSD 4m
2025-11-21 06:05:52.450 - INFO - [HISTORICAL] OHLCV Data - BINANCE:BTCUSD (Timeframe: 4m) - 545 records
2025-11-21 06:05:52.451 - INFO - BTCUSD M4 2025-11-21 05:52:00,000 O:86041.36 H:86068.76 L:85959.25 C:86054.94 V:0.59984
2025-11-21 06:05:52.451 - INFO - BTCUSD M4 2025-11-21 05:56:00,000 O:86051.44 H:86127.3 L:86030.32 C:86107.44 V:0.40182
2025-11-21 06:05:52.451 - INFO - BTCUSD M4 2025-11-21 06:00:00,000 O:86102.44 H:86170.42 L:85886.37 C:85921.05 V:1.11845
2025-11-21 06:05:52.459 - INFO - Converted 545/545 valid records for BINANCE:BTCUSD
2025-11-21 06:05:52.513 - INFO - ✅ Cấu hình thành công CAPITALCOM:DE40 (Khung thời gian: 4m)
2025-11-21 06:05:52.552 - INFO - ✅ Successfully inserted 545 records for BINANCE:BTCUSD (timeframe: 4m) in 0.09s
2025-11-21 06:05:52.552 - INFO - ✅ Saved BINANCE:BTCUSD 4m | Progress: 42/208 (Remaining: 166)
2025-11-21 06:05:52.618 - INFO - Processed 546 records for CAPITALCOM:DE40 4m
2025-11-21 06:05:52.618 - INFO - [HISTORICAL] OHLCV Data - CAPITALCOM:DE40 (Timeframe: 4m) - 545 records
2025-11-21 06:05:52.618 - INFO - DE40 M4 2025-11-21 05:52:00,000 O:22974.2 H:22974.2 L:22964.4 C:22972.9 V:93
2025-11-21 06:05:52.618 - INFO - DE40 M4 2025-11-21 05:56:00,000 O:22972.2 H:22978.3 L:22972.1 C:22976.7 V:79
2025-11-21 06:05:52.618 - INFO - DE40 M4 2025-11-21 06:00:00,000 O:22977.7 H:22980.5 L:22974 C:22975.1 V:95
2025-11-21 06:05:52.627 - INFO - Converted 545/545 valid records for CAPITALCOM:DE40
2025-11-21 06:05:52.687 - INFO - ✅ Successfully inserted 545 records for CAPITALCOM:DE40 (timeframe: 4m) in 0.06s
2025-11-21 06:05:52.687 - INFO - ✅ Saved CAPITALCOM:DE40 4m | Progress: 43/208 (Remaining: 165)
2025-11-21 06:05:52.719 - INFO - ✅ Cấu hình thành công CAPITALCOM:FR40 (Khung thời gian: 4m)
2025-11-21 06:05:52.849 - INFO - Processed 546 records for CAPITALCOM:FR40 4m
2025-11-21 06:05:52.849 - INFO - [HISTORICAL] OHLCV Data - CAPITALCOM:FR40 (Timeframe: 4m) - 545 records
2025-11-21 06:05:52.850 - INFO - FR40 M4 2025-11-21 05:52:00,000 O:7903.5 H:7904.8 L:7902.2 C:7904.8 V:52
2025-11-21 06:05:52.850 - INFO - FR40 M4 2025-11-21 05:56:00,000 O:7904.1 H:7906.7 L:7903.5 C:7904.8 V:31
2025-11-21 06:05:52.850 - INFO - FR40 M4 2025-11-21 06:00:00,000 O:7905.4 H:7907.3 L:7904.8 C:7904.8 V:33
2025-11-21 06:05:52.857 - INFO - Converted 545/545 valid records for CAPITALCOM:FR40
2025-11-21 06:05:52.895 - INFO - ✅ Successfully inserted 545 records for CAPITALCOM:FR40 (timeframe: 4m) in 0.04s
2025-11-21 06:05:52.895 - INFO - ✅ Saved CAPITALCOM:FR40 4m | Progress: 44/208 (Remaining: 164)
2025-11-21 06:05:52.920 - INFO - ✅ Cấu hình thành công CAPITALCOM:HK50 (Khung thời gian: 4m)
2025-11-21 06:05:53.071 - INFO - Processed 546 records for CAPITALCOM:HK50 4m
2025-11-21 06:05:53.071 - INFO - [HISTORICAL] OHLCV Data - CAPITALCOM:HK50 (Timeframe: 4m) - 545 records
2025-11-21 06:05:53.071 - INFO - HK50 M4 2025-11-21 05:52:00,000 O:25392.3 H:25414.1 L:25381.2 C:25386.1 V:455
2025-11-21 06:05:53.071 - INFO - HK50 M4 2025-11-21 05:56:00,000 O:25385.1 H:25408.7 L:25380.5 C:25395.8 V:442
2025-11-21 06:05:53.071 - INFO - HK50 M4 2025-11-21 06:00:00,000 O:25397.8 H:25428 L:25381.3 C:25422.9 V:459
2025-11-21 06:05:53.080 - INFO - Converted 545/545 valid records for CAPITALCOM:HK50
2025-11-21 06:05:53.120 - INFO - ✅ Cấu hình thành công CAPITALCOM:J225 (Khung thời gian: 4m)
2025-11-21 06:05:53.122 - INFO - ✅ Successfully inserted 545 records for CAPITALCOM:HK50 (timeframe: 4m) in 0.04s
2025-11-21 06:05:53.123 - INFO - ✅ Saved CAPITALCOM:HK50 4m | Progress: 45/208 (Remaining: 163)
2025-11-21 06:05:53.249 - INFO - Processed 546 records for CAPITALCOM:J225 4m
2025-11-21 06:05:53.249 - INFO - [HISTORICAL] OHLCV Data - CAPITALCOM:J225 (Timeframe: 4m) - 545 records
2025-11-21 06:05:53.250 - INFO - J225 M4 2025-11-21 05:52:00,000 O:48651.9 H:48655.4 L:48620.1 C:48636.6 V:275
2025-11-21 06:05:53.251 - INFO - J225 M4 2025-11-21 05:56:00,000 O:48634.1 H:48684.8 L:48626.8 C:48665.1 V:266
2025-11-21 06:05:53.251 - INFO - J225 M4 2025-11-21 06:00:00,000 O:48670.1 H:48703.4 L:48649.5 C:48688.3 V:296
2025-11-21 06:05:53.273 - INFO - Converted 545/545 valid records for CAPITALCOM:J225
2025-11-21 06:05:53.308 - INFO - ✅ Successfully inserted 545 records for CAPITALCOM:J225 (timeframe: 4m) in 0.03s
2025-11-21 06:05:53.308 - INFO - ✅ Saved CAPITALCOM:J225 4m | Progress: 46/208 (Remaining: 162)
2025-11-21 06:05:53.327 - INFO - ✅ Cấu hình thành công CAPITALCOM:SP35 (Khung thời gian: 4m)
2025-11-21 06:05:53.345 - INFO - Processed 546 records for CAPITALCOM:HK50 4m
2025-11-21 06:05:53.346 - INFO - [HISTORICAL] OHLCV Data - CAPITALCOM:HK50 (Timeframe: 4m) - 545 records
2025-11-21 06:05:53.347 - INFO - HK50 M4 2025-11-21 05:52:00,000 O:25392.3 H:25414.1 L:25381.2 C:25386.1 V:455
2025-11-21 06:05:53.348 - INFO - HK50 M4 2025-11-21 05:56:00,000 O:25385.1 H:25408.7 L:25380.5 C:25395.8 V:442
2025-11-21 06:05:53.348 - INFO - HK50 M4 2025-11-21 06:00:00,000 O:25397.8 H:25428 L:25381.3 C:25422.9 V:459
2025-11-21 06:05:53.366 - INFO - Converted 545/545 valid records for CAPITALCOM:HK50
2025-11-21 06:05:53.384 - INFO - ✅ Successfully inserted 545 records for CAPITALCOM:HK50 (timeframe: 4m) in 0.02s
2025-11-21 06:05:53.384 - INFO - ✅ Saved CAPITALCOM:HK50 4m | Progress: 46/208 (Remaining: 162)
2025-11-21 06:05:53.502 - INFO - Processed 546 records for CAPITALCOM:SP35 4m
2025-11-21 06:05:53.502 - INFO - [HISTORICAL] OHLCV Data - CAPITALCOM:SP35 (Timeframe: 4m) - 545 records
2025-11-21 06:05:53.502 - INFO - SP35 M4 2025-11-20 18:44:00,000 O:15828.4 H:15828.4 L:15811.4 C:15819.9 V:22
2025-11-21 06:05:53.502 - INFO - SP35 M4 2025-11-20 18:48:00,000 O:15814.9 H:15814.9 L:15792.9 C:15798.4 V:38
2025-11-21 06:05:53.503 - INFO - SP35 M4 2025-11-20 18:52:00,000 O:15797.4 H:15797.4 L:15791.9 C:15791.9 V:14
2025-11-21 06:05:53.511 - INFO - Converted 545/545 valid records for CAPITALCOM:SP35
2025-11-21 06:05:53.532 - INFO - ✅ Cấu hình thành công CAPITALCOM:UK100 (Khung thời gian: 4m)
2025-11-21 06:05:53.549 - INFO - ✅ Successfully inserted 545 records for CAPITALCOM:SP35 (timeframe: 4m) in 0.04s
2025-11-21 06:05:53.550 - INFO - ✅ Saved CAPITALCOM:SP35 4m | Progress: 47/208 (Remaining: 161)
2025-11-21 06:05:53.656 - INFO - Processed 546 records for CAPITALCOM:UK100 4m
2025-11-21 06:05:53.656 - INFO - [HISTORICAL] OHLCV Data - CAPITALCOM:UK100 (Timeframe: 4m) - 545 records
2025-11-21 06:05:53.656 - INFO - UK100 M4 2025-11-21 05:52:00,000 O:9447 H:9447 L:9445 C:9446.9 V:74
2025-11-21 06:05:53.657 - INFO - UK100 M4 2025-11-21 05:56:00,000 O:9447.2 H:9448.8 L:9446.9 C:9447.6 V:64
2025-11-21 06:05:53.657 - INFO - UK100 M4 2025-11-21 06:00:00,000 O:9447.9 H:9448.6 L:9446.5 C:9446.7 V:60
2025-11-21 06:05:53.670 - INFO - Converted 545/545 valid records for CAPITALCOM:UK100
2025-11-21 06:05:53.710 - INFO - ✅ Successfully inserted 545 records for CAPITALCOM:UK100 (timeframe: 4m) in 0.04s
2025-11-21 06:05:53.710 - INFO - ✅ Saved CAPITALCOM:UK100 4m | Progress: 48/208 (Remaining: 160)
2025-11-21 06:05:53.747 - INFO - ✅ Cấu hình thành công CAPITALCOM:US100 (Khung thời gian: 4m)
2025-11-21 06:05:53.852 - INFO - Processed 546 records for CAPITALCOM:US100 4m
2025-11-21 06:05:53.853 - INFO - [HISTORICAL] OHLCV Data - CAPITALCOM:US100 (Timeframe: 4m) - 545 records
2025-11-21 06:05:53.853 - INFO - US100 M4 2025-11-21 05:52:00,000 O:24061.8 H:24068.3 L:24053.6 C:24066.4 V:590
2025-11-21 06:05:53.853 - INFO - US100 M4 2025-11-21 05:56:00,000 O:24065.3 H:24080.6 L:24062.7 C:24067.1 V:599
2025-11-21 06:05:53.853 - INFO - US100 M4 2025-11-21 06:00:00,000 O:24067 H:24071.8 L:24058.9 C:24061 V:597
2025-11-21 06:05:53.860 - INFO - Converted 545/545 valid records for CAPITALCOM:US100
2025-11-21 06:05:53.907 - INFO - ✅ Successfully inserted 545 records for CAPITALCOM:US100 (timeframe: 4m) in 0.04s
2025-11-21 06:05:53.907 - INFO - ✅ Saved CAPITALCOM:US100 4m | Progress: 49/208 (Remaining: 159)
2025-11-21 06:05:53.952 - INFO - ✅ Cấu hình thành công CAPITALCOM:US30 (Khung thời gian: 4m)
2025-11-21 06:05:54.069 - INFO - Processed 546 records for CAPITALCOM:US30 4m
2025-11-21 06:05:54.069 - INFO - [HISTORICAL] OHLCV Data - CAPITALCOM:US30 (Timeframe: 4m) - 545 records
2025-11-21 06:05:54.069 - INFO - US30 M4 2025-11-21 05:52:00,000 O:45907.6 H:45908.2 L:45894.5 C:45905.7 V:312
2025-11-21 06:05:54.069 - INFO - US30 M4 2025-11-21 05:56:00,000 O:45906.2 H:45919.5 L:45904.4 C:45905.7 V:296
2025-11-21 06:05:54.070 - INFO - US30 M4 2025-11-21 06:00:00,000 O:45906.2 H:45917.7 L:45904.7 C:45906.6 V:345
2025-11-21 06:05:54.077 - INFO - Converted 545/545 valid records for CAPITALCOM:US30
2025-11-21 06:05:54.119 - INFO - ✅ Successfully inserted 545 records for CAPITALCOM:US30 (timeframe: 4m) in 0.04s
2025-11-21 06:05:54.119 - INFO - ✅ Saved CAPITALCOM:US30 4m | Progress: 50/208 (Remaining: 158)
2025-11-21 06:05:54.154 - INFO - ✅ Cấu hình thành công CAPITALCOM:US500 (Khung thời gian: 4m)
2025-11-21 06:05:54.272 - INFO - Processed 546 records for CAPITALCOM:US500 4m
2025-11-21 06:05:54.273 - INFO - [HISTORICAL] OHLCV Data - CAPITALCOM:US500 (Timeframe: 4m) - 545 records
2025-11-21 06:05:54.273 - INFO - US500 M4 2025-11-21 05:52:00,000 O:6553.7 H:6554.5 L:6551.7 C:6553.5 V:248
2025-11-21 06:05:54.274 - INFO - US500 M4 2025-11-21 05:56:00,000 O:6553.6 H:6556.1 L:6553.3 C:6553.8 V:236
2025-11-21 06:05:54.275 - INFO - US500 M4 2025-11-21 06:00:00,000 O:6554 H:6555.4 L:6553.3 C:6554 V:259
2025-11-21 06:05:54.297 - INFO - Converted 545/545 valid records for CAPITALCOM:US500
2025-11-21 06:05:54.342 - INFO - ✅ Successfully inserted 545 records for CAPITALCOM:US500 (timeframe: 4m) in 0.04s
2025-11-21 06:05:54.342 - INFO - ✅ Saved CAPITALCOM:US500 4m | Progress: 51/208 (Remaining: 157)
2025-11-21 06:05:54.370 - INFO - ✅ Cấu hình thành công CAPITALCOM:GOLD (Khung thời gian: 4m)
2025-11-21 06:05:54.371 - INFO - Completed timeframe 4m, waiting 4s...
2025-11-21 06:05:54.504 - INFO - Processed 546 records for CAPITALCOM:GOLD 4m
2025-11-21 06:05:54.504 - INFO - [HISTORICAL] OHLCV Data - CAPITALCOM:GOLD (Timeframe: 4m) - 545 records
2025-11-21 06:05:54.505 - INFO - GOLD M4 2025-11-21 05:52:00,000 O:4043.47 H:4044.5 L:4039.74 C:4044.45 V:1358
2025-11-21 06:05:54.505 - INFO - GOLD M4 2025-11-21 05:56:00,000 O:4044.59 H:4059.66 L:4044.31 C:4058.56 V:3370
2025-11-21 06:05:54.505 - INFO - GOLD M4 2025-11-21 06:00:00,000 O:4058.55 H:4064.81 L:4057.44 C:4059.23 V:2074
2025-11-21 06:05:54.513 - INFO - Converted 545/545 valid records for CAPITALCOM:GOLD
2025-11-21 06:05:54.552 - INFO - ✅ Successfully inserted 545 records for CAPITALCOM:GOLD (timeframe: 4m) in 0.04s
2025-11-21 06:05:54.552 - INFO - ✅ Saved CAPITALCOM:GOLD 4m | Progress: 52/208 (Remaining: 156)
2025-11-21 06:05:58.385 - INFO - Processing timeframe 5m...
2025-11-21 06:05:58.591 - INFO - ✅ Cấu hình thành công CAPITALCOM:BTCUSD (Khung thời gian: 5m)
2025-11-21 06:05:58.724 - INFO - Processed 546 records for CAPITALCOM:BTCUSD 5m
2025-11-21 06:05:58.724 - INFO - [HISTORICAL] OHLCV Data - CAPITALCOM:BTCUSD (Timeframe: 5m) - 545 records
2025-11-21 06:05:58.724 - INFO - BTCUSD M5 2025-11-21 05:50:00,000 O:85937.95 H:86036.95 L:85924.5 C:85945.95 V:3299
2025-11-21 06:05:58.724 - INFO - BTCUSD M5 2025-11-21 05:55:00,000 O:85946.1 H:86087.3 L:85946.1 C:86051.55 V:3987
2025-11-21 06:05:58.724 - INFO - BTCUSD M5 2025-11-21 06:00:00,000 O:86053.8 H:86122.9 L:85859.25 C:85925.3 V:4154
2025-11-21 06:05:58.733 - INFO - Converted 545/545 valid records for CAPITALCOM:BTCUSD
2025-11-21 06:05:58.757 - INFO - ✅ Successfully inserted 545 records for CAPITALCOM:BTCUSD (timeframe: 5m) in 0.02s
2025-11-21 06:05:58.757 - INFO - ✅ Saved CAPITALCOM:BTCUSD 5m | Progress: 53/208 (Remaining: 155)
2025-11-21 06:05:58.794 - INFO - ✅ Cấu hình thành công CAPITALCOM:AU200AU (Khung thời gian: 5m)
2025-11-21 06:05:58.997 - INFO - ✅ Cấu hình thành công BINANCE:BTCUSD (Khung thời gian: 5m)
2025-11-21 06:05:59.000 - INFO - Processed 546 records for CAPITALCOM:AU200AU 5m
2025-11-21 06:05:59.000 - INFO - [HISTORICAL] OHLCV Data - CAPITALCOM:AU200AU (Timeframe: 5m) - 545 records
2025-11-21 06:05:59.001 - INFO - AU200AU M5 2025-11-21 05:10:00,000 O:8424.1 H:8426.1 L:8421.1 C:8423.1 V:92
2025-11-21 06:05:59.001 - INFO - AU200AU M5 2025-11-21 05:15:00,000 O:8422.1 H:8426.1 L:8421.1 C:8424.1 V:31
2025-11-21 06:05:59.001 - INFO - AU200AU M5 2025-11-21 05:20:00,000 O:8425.1 H:8427.1 L:8423.1 C:8426.1 V:80
2025-11-21 06:05:59.014 - INFO - Converted 545/545 valid records for CAPITALCOM:AU200AU
2025-11-21 06:05:59.033 - INFO - ✅ Successfully inserted 545 records for CAPITALCOM:AU200AU (timeframe: 5m) in 0.02s
2025-11-21 06:05:59.033 - INFO - ✅ Saved CAPITALCOM:AU200AU 5m | Progress: 54/208 (Remaining: 154)
2025-11-21 06:05:59.130 - INFO - Processed 546 records for BINANCE:BTCUSD 5m
2025-11-21 06:05:59.130 - INFO - [HISTORICAL] OHLCV Data - BINANCE:BTCUSD (Timeframe: 5m) - 545 records
2025-11-21 06:05:59.130 - INFO - BTCUSD M5 2025-11-21 05:50:00,000 O:85970.17 H:86080.6 L:85959.25 C:85988.15 V:0.81798
2025-11-21 06:05:59.130 - INFO - BTCUSD M5 2025-11-21 05:55:00,000 O:85986.65 H:86127.3 L:85986.65 C:86107.44 V:0.46311
2025-11-21 06:05:59.131 - INFO - BTCUSD M5 2025-11-21 06:00:00,000 O:86102.44 H:86170.42 L:85886.37 C:85971 V:1.31086
2025-11-21 06:05:59.140 - INFO - Converted 545/545 valid records for BINANCE:BTCUSD
2025-11-21 06:05:59.162 - INFO - ✅ Successfully inserted 545 records for BINANCE:BTCUSD (timeframe: 5m) in 0.02s
2025-11-21 06:05:59.162 - INFO - ✅ Saved BINANCE:BTCUSD 5m | Progress: 55/208 (Remaining: 153)
2025-11-21 06:05:59.201 - INFO - ✅ Cấu hình thành công CAPITALCOM:DE40 (Khung thời gian: 5m)
2025-11-21 06:05:59.405 - INFO - ✅ Cấu hình thành công CAPITALCOM:FR40 (Khung thời gian: 5m)
2025-11-21 06:05:59.443 - INFO - Processed 546 records for CAPITALCOM:DE40 5m
2025-11-21 06:05:59.443 - INFO - [HISTORICAL] OHLCV Data - CAPITALCOM:DE40 (Timeframe: 5m) - 545 records
2025-11-21 06:05:59.443 - INFO - DE40 M5 2025-11-21 05:50:00,000 O:22975.8 H:22977.8 L:22964.4 C:22969.9 V:101
2025-11-21 06:05:59.443 - INFO - DE40 M5 2025-11-21 05:55:00,000 O:22971.4 H:22978.3 L:22968.4 C:22976.7 V:106
2025-11-21 06:05:59.444 - INFO - DE40 M5 2025-11-21 06:00:00,000 O:22977.7 H:22992.7 L:22974 C:22986.4 V:155
2025-11-21 06:05:59.452 - INFO - Converted 545/545 valid records for CAPITALCOM:DE40
2025-11-21 06:05:59.470 - INFO - ✅ Successfully inserted 545 records for CAPITALCOM:DE40 (timeframe: 5m) in 0.01s
2025-11-21 06:05:59.470 - INFO - ✅ Saved CAPITALCOM:DE40 5m | Progress: 56/208 (Remaining: 152)
2025-11-21 06:05:59.607 - INFO - ✅ Cấu hình thành công CAPITALCOM:HK50 (Khung thời gian: 5m)
2025-11-21 06:05:59.633 - INFO - Processed 546 records for CAPITALCOM:FR40 5m
2025-11-21 06:05:59.633 - INFO - [HISTORICAL] OHLCV Data - CAPITALCOM:FR40 (Timeframe: 5m) - 545 records
2025-11-21 06:05:59.634 - INFO - FR40 M5 2025-11-21 05:50:00,000 O:7905.4 H:7905.4 L:7902.2 C:7903.5 V:62
2025-11-21 06:05:59.634 - INFO - FR40 M5 2025-11-21 05:55:00,000 O:7902.2 H:7906.7 L:7902.2 C:7904.8 V:39
2025-11-21 06:05:59.634 - INFO - FR40 M5 2025-11-21 06:00:00,000 O:7905.4 H:7909.9 L:7904.8 C:7908 V:58
2025-11-21 06:05:59.642 - INFO - Converted 545/545 valid records for CAPITALCOM:FR40
2025-11-21 06:05:59.660 - INFO - ✅ Successfully inserted 545 records for CAPITALCOM:FR40 (timeframe: 5m) in 0.01s
2025-11-21 06:05:59.660 - INFO - ✅ Saved CAPITALCOM:FR40 5m | Progress: 57/208 (Remaining: 151)
2025-11-21 06:05:59.737 - INFO - Processed 546 records for CAPITALCOM:HK50 5m
2025-11-21 06:05:59.738 - INFO - [HISTORICAL] OHLCV Data - CAPITALCOM:HK50 (Timeframe: 5m) - 545 records
2025-11-21 06:05:59.738 - INFO - HK50 M5 2025-11-21 05:50:00,000 O:25396.3 H:25414.1 L:25379.7 C:25401.3 V:558
2025-11-21 06:05:59.738 - INFO - HK50 M5 2025-11-21 05:55:00,000 O:25400.8 H:25408.7 L:25380.5 C:25395.8 V:562
2025-11-21 06:05:59.738 - INFO - HK50 M5 2025-11-21 06:00:00,000 O:25397.8 H:25447.4 L:25381.3 C:25446.8 V:580
2025-11-21 06:05:59.746 - INFO - Converted 545/545 valid records for CAPITALCOM:HK50
2025-11-21 06:05:59.763 - INFO - ✅ Successfully inserted 545 records for CAPITALCOM:HK50 (timeframe: 5m) in 0.01s
2025-11-21 06:05:59.763 - INFO - ✅ Saved CAPITALCOM:HK50 5m | Progress: 58/208 (Remaining: 150)
2025-11-21 06:05:59.808 - INFO - ✅ Cấu hình thành công CAPITALCOM:J225 (Khung thời gian: 5m)
2025-11-21 06:05:59.950 - INFO - Processed 546 records for CAPITALCOM:J225 5m
2025-11-21 06:05:59.950 - INFO - [HISTORICAL] OHLCV Data - CAPITALCOM:J225 (Timeframe: 5m) - 545 records
2025-11-21 06:05:59.950 - INFO - J225 M5 2025-11-21 05:50:00,000 O:48659.9 H:48670.7 L:48623.9 C:48626.9 V:316
2025-11-21 06:05:59.951 - INFO - J225 M5 2025-11-21 05:55:00,000 O:48629.4 H:48684.8 L:48620.1 C:48665.1 V:353
2025-11-21 06:05:59.951 - INFO - J225 M5 2025-11-21 06:00:00,000 O:48670.1 H:48720.9 L:48649.5 C:48715.8 V:377
2025-11-21 06:05:59.959 - INFO - Converted 545/545 valid records for CAPITALCOM:J225
2025-11-21 06:05:59.976 - INFO - ✅ Successfully inserted 545 records for CAPITALCOM:J225 (timeframe: 5m) in 0.01s
2025-11-21 06:05:59.976 - INFO - ✅ Saved CAPITALCOM:J225 5m | Progress: 59/208 (Remaining: 149)
2025-11-21 06:06:00.011 - INFO - ✅ Cấu hình thành công CAPITALCOM:SP35 (Khung thời gian: 5m)
2025-11-21 06:06:00.130 - INFO - Processed 546 records for CAPITALCOM:SP35 5m
2025-11-21 06:06:00.131 - INFO - [HISTORICAL] OHLCV Data - CAPITALCOM:SP35 (Timeframe: 5m) - 545 records
2025-11-21 06:06:00.131 - INFO - SP35 M5 2025-11-20 18:40:00,000 O:15827.4 H:15829.4 L:15827.4 C:15828.4 V:4
2025-11-21 06:06:00.131 - INFO - SP35 M5 2025-11-20 18:45:00,000 O:15827.9 H:15827.9 L:15811.4 C:15813.4 V:29
2025-11-21 06:06:00.131 - INFO - SP35 M5 2025-11-20 18:50:00,000 O:15808.4 H:15808.4 L:15792.9 C:15792.9 V:42
2025-11-21 06:06:00.144 - INFO - Converted 545/545 valid records for CAPITALCOM:SP35
2025-11-21 06:06:00.163 - INFO - ✅ Successfully inserted 545 records for CAPITALCOM:SP35 (timeframe: 5m) in 0.02s
2025-11-21 06:06:00.163 - INFO - ✅ Saved CAPITALCOM:SP35 5m | Progress: 60/208 (Remaining: 148)
2025-11-21 06:06:00.213 - INFO - ✅ Cấu hình thành công CAPITALCOM:UK100 (Khung thời gian: 5m)
2025-11-21 06:06:00.331 - INFO - Processed 546 records for CAPITALCOM:UK100 5m
2025-11-21 06:06:00.331 - INFO - [HISTORICAL] OHLCV Data - CAPITALCOM:UK100 (Timeframe: 5m) - 545 records
2025-11-21 06:06:00.331 - INFO - UK100 M5 2025-11-21 05:50:00,000 O:9449.1 H:9449.1 L:9445 C:9446.2 V:73
2025-11-21 06:06:00.331 - INFO - UK100 M5 2025-11-21 05:55:00,000 O:9446.7 H:9448.8 L:9446.2 C:9447.6 V:86
2025-11-21 06:06:00.331 - INFO - UK100 M5 2025-11-21 06:00:00,000 O:9447.9 H:9450 L:9446.5 C:9449.8 V:116
2025-11-21 06:06:00.341 - INFO - Converted 545/545 valid records for CAPITALCOM:UK100
2025-11-21 06:06:00.357 - INFO - ✅ Successfully inserted 545 records for CAPITALCOM:UK100 (timeframe: 5m) in 0.01s
2025-11-21 06:06:00.358 - INFO - ✅ Saved CAPITALCOM:UK100 5m | Progress: 61/208 (Remaining: 147)
2025-11-21 06:06:00.417 - INFO - ✅ Cấu hình thành công CAPITALCOM:US100 (Khung thời gian: 5m)
2025-11-21 06:06:00.546 - INFO - Processed 546 records for CAPITALCOM:US100 5m
2025-11-21 06:06:00.546 - INFO - [HISTORICAL] OHLCV Data - CAPITALCOM:US100 (Timeframe: 5m) - 545 records
2025-11-21 06:06:00.547 - INFO - US100 M5 2025-11-21 05:50:00,000 O:24064.4 H:24070.9 L:24053.6 C:24055.1 V:731
2025-11-21 06:06:00.547 - INFO - US100 M5 2025-11-21 05:55:00,000 O:24055.2 H:24080.6 L:24053.7 C:24067.1 V:747
2025-11-21 06:06:00.547 - INFO - US100 M5 2025-11-21 06:00:00,000 O:24067 H:24079.7 L:24058.9 C:24073.8 V:774
2025-11-21 06:06:00.564 - INFO - Converted 545/545 valid records for CAPITALCOM:US100
2025-11-21 06:06:00.582 - INFO - ✅ Successfully inserted 545 records for CAPITALCOM:US100 (timeframe: 5m) in 0.02s
2025-11-21 06:06:00.582 - INFO - ✅ Saved CAPITALCOM:US100 5m | Progress: 62/208 (Remaining: 146)
2025-11-21 06:06:00.619 - INFO - ✅ Cấu hình thành công CAPITALCOM:US30 (Khung thời gian: 5m)
2025-11-21 06:06:00.714 - INFO - Processed 546 records for CAPITALCOM:US30 5m
2025-11-21 06:06:00.714 - INFO - [HISTORICAL] OHLCV Data - CAPITALCOM:US30 (Timeframe: 5m) - 545 records
2025-11-21 06:06:00.714 - INFO - US30 M5 2025-11-21 05:50:00,000 O:45906 H:45911.7 L:45894.9 C:45896 V:407
2025-11-21 06:06:00.714 - INFO - US30 M5 2025-11-21 05:55:00,000 O:45896.5 H:45919.5 L:45894.5 C:45905.7 V:369
2025-11-21 06:06:00.714 - INFO - US30 M5 2025-11-21 06:00:00,000 O:45906.2 H:45925.8 L:45904.7 C:45917.5 V:460
2025-11-21 06:06:00.726 - INFO - Converted 545/545 valid records for CAPITALCOM:US30
2025-11-21 06:06:00.744 - INFO - ✅ Successfully inserted 545 records for CAPITALCOM:US30 (timeframe: 5m) in 0.02s
2025-11-21 06:06:00.744 - INFO - ✅ Saved CAPITALCOM:US30 5m | Progress: 63/208 (Remaining: 145)
2025-11-21 06:06:00.820 - INFO - ✅ Cấu hình thành công CAPITALCOM:US500 (Khung thời gian: 5m)
2025-11-21 06:06:00.915 - INFO - Processed 1 records for CAPITALCOM:BTCUSD 3m
2025-11-21 06:06:00.915 - INFO - Processed 1 records for CAPITALCOM:BTCUSD 2m
2025-11-21 06:06:00.915 - INFO - Processed 1 records for CAPITALCOM:BTCUSD 1m
2025-11-21 06:06:00.918 - INFO - Processed 546 records for CAPITALCOM:US500 5m
2025-11-21 06:06:00.918 - INFO - [HISTORICAL] OHLCV Data - CAPITALCOM:US500 (Timeframe: 5m) - 545 records
2025-11-21 06:06:00.918 - INFO - US500 M5 2025-11-21 05:50:00,000 O:6554 H:6555.1 L:6551.9 C:6552.1 V:323
2025-11-21 06:06:00.918 - INFO - US500 M5 2025-11-21 05:55:00,000 O:6552.2 H:6556.1 L:6551.7 C:6553.8 V:301
2025-11-21 06:06:00.918 - INFO - US500 M5 2025-11-21 06:00:00,000 O:6554 H:6557.8 L:6553.3 C:6556.9 V:334
2025-11-21 06:06:00.926 - INFO - Converted 545/545 valid records for CAPITALCOM:US500
2025-11-21 06:06:00.943 - INFO - ✅ Successfully inserted 545 records for CAPITALCOM:US500 (timeframe: 5m) in 0.01s
2025-11-21 06:06:00.943 - INFO - ✅ Saved CAPITALCOM:US500 5m | Progress: 64/208 (Remaining: 144)
2025-11-21 06:06:00.955 - INFO - Processed 1 records for CAPITALCOM:GOLD 2m
2025-11-21 06:06:00.956 - INFO - Processed 1 records for CAPITALCOM:GOLD 1m
2025-11-21 06:06:00.956 - INFO - Processed 1 records for CAPITALCOM:GOLD 3m
2025-11-21 06:06:01.023 - INFO - ✅ Cấu hình thành công CAPITALCOM:GOLD (Khung thời gian: 5m)
2025-11-21 06:06:01.023 - INFO - Completed timeframe 5m, waiting 4s...
2025-11-21 06:06:01.169 - INFO - Processed 546 records for CAPITALCOM:GOLD 5m
2025-11-21 06:06:01.170 - INFO - [HISTORICAL] OHLCV Data - CAPITALCOM:GOLD (Timeframe: 5m) - 545 records
2025-11-21 06:06:01.170 - INFO - GOLD M5 2025-11-21 05:50:00,000 O:4047.31 H:4047.31 L:4039.74 C:4041.6 V:1558
2025-11-21 06:06:01.170 - INFO - GOLD M5 2025-11-21 05:55:00,000 O:4041.64 H:4059.66 L:4041.38 C:4058.56 V:3743
2025-11-21 06:06:01.170 - INFO - GOLD M5 2025-11-21 06:00:00,000 O:4058.55 H:4064.81 L:4057.44 C:4058.74 V:2433
2025-11-21 06:06:01.181 - INFO - Converted 545/545 valid records for CAPITALCOM:GOLD
2025-11-21 06:06:01.198 - INFO - ✅ Successfully inserted 545 records for CAPITALCOM:GOLD (timeframe: 5m) in 0.01s
2025-11-21 06:06:01.198 - INFO - ✅ Saved CAPITALCOM:GOLD 5m | Progress: 65/208 (Remaining: 143)
2025-11-21 06:06:01.707 - INFO - Heartbeat received: ~m~4~m~~h~3
2025-11-21 06:06:01.708 - INFO - Echoed heartbeat: ~m~4~m~~h~3
2025-11-21 06:06:01.708 - INFO - Processed 1 records for CAPITALCOM:DE40 1m
2025-11-21 06:06:01.708 - INFO - Processed 1 records for CAPITALCOM:US30 2m
2025-11-21 06:06:01.709 - INFO - Processed 1 records for CAPITALCOM:US30 3m
2025-11-21 06:06:01.709 - INFO - Processed 1 records for CAPITALCOM:UK100 1m
2025-11-21 06:06:01.709 - INFO - Processed 1 records for CAPITALCOM:HK50 3m
2025-11-21 06:06:01.709 - INFO - Processed 1 records for CAPITALCOM:J225 1m
2025-11-21 06:06:01.710 - INFO - Processed 1 records for CAPITALCOM:US100 2m
2025-11-21 06:06:01.710 - INFO - Processed 1 records for CAPITALCOM:DE40 2m
2025-11-21 06:06:01.710 - INFO - Processed 1 records for CAPITALCOM:J225 2m
2025-11-21 06:06:01.710 - INFO - Processed 1 records for CAPITALCOM:FR40 3m
2025-11-21 06:06:01.710 - INFO - Processed 1 records for CAPITALCOM:FR40 2m
2025-11-21 06:06:01.710 - INFO - Processed 1 records for CAPITALCOM:HK50 1m
2025-11-21 06:06:01.711 - INFO - Processed 1 records for CAPITALCOM:HK50 2m
2025-11-21 06:06:01.711 - INFO - Processed 1 records for CAPITALCOM:US500 3m
2025-11-21 06:06:01.711 - INFO - Processed 1 records for CAPITALCOM:US100 3m
2025-11-21 06:06:01.711 - INFO - Processed 1 records for CAPITALCOM:UK100 3m
2025-11-21 06:06:01.711 - INFO - Processed 1 records for CAPITALCOM:J225 3m
2025-11-21 06:06:01.712 - INFO - Processed 1 records for CAPITALCOM:US30 1m
2025-11-21 06:06:01.712 - INFO - Processed 1 records for CAPITALCOM:DE40 3m
2025-11-21 06:06:01.712 - INFO - Processed 1 records for CAPITALCOM:US500 1m
2025-11-21 06:06:01.712 - INFO - Processed 1 records for CAPITALCOM:US100 1m
2025-11-21 06:06:01.713 - INFO - Processed 1 records for CAPITALCOM:US500 2m
2025-11-21 06:06:01.713 - INFO - Processed 1 records for CAPITALCOM:FR40 1m
2025-11-21 06:06:01.713 - INFO - Processed 1 records for CAPITALCOM:UK100 2m
2025-11-21 06:06:01.761 - INFO - WebSocket still active
2025-11-21 06:06:05.037 - INFO - Processing timeframe 10m...
2025-11-21 06:06:05.238 - INFO - ✅ Cấu hình thành công CAPITALCOM:BTCUSD (Khung thời gian: 10m)
2025-11-21 06:06:05.384 - INFO - Processed 546 records for CAPITALCOM:BTCUSD 10m
2025-11-21 06:06:05.385 - INFO - [HISTORICAL] OHLCV Data - CAPITALCOM:BTCUSD (Timeframe: 10m) - 545 records
2025-11-21 06:06:05.385 - INFO - BTCUSD M10 2025-11-21 05:30:00,000 O:86085.9 H:86170.3 L:85728.15 C:85739.85 V:6950
2025-11-21 06:06:05.385 - INFO - BTCUSD M10 2025-11-21 05:40:00,000 O:85738.85 H:86052.4 L:85707.65 C:85937.3 V:6285
2025-11-21 06:06:05.385 - INFO - BTCUSD M10 2025-11-21 05:50:00,000 O:85937.95 H:86087.3 L:85924.5 C:86051.55 V:7286
2025-11-21 06:06:05.394 - INFO - Converted 545/545 valid records for CAPITALCOM:BTCUSD
2025-11-21 06:06:05.444 - INFO - ✅ Cấu hình thành công CAPITALCOM:AU200AU (Khung thời gian: 10m)
2025-11-21 06:06:05.472 - INFO - ✅ Successfully inserted 545 records for CAPITALCOM:BTCUSD (timeframe: 10m) in 0.07s
2025-11-21 06:06:05.472 - INFO - ✅ Saved CAPITALCOM:BTCUSD 10m | Progress: 66/208 (Remaining: 142)
2025-11-21 06:06:05.556 - INFO - Processed 546 records for CAPITALCOM:AU200AU 10m
2025-11-21 06:06:05.556 - INFO - [HISTORICAL] OHLCV Data - CAPITALCOM:AU200AU (Timeframe: 10m) - 545 records
2025-11-21 06:06:05.556 - INFO - AU200AU M10 2025-11-21 04:50:00,000 O:8414.1 H:8425.1 L:8412.1 C:8425.1 V:152
2025-11-21 06:06:05.556 - INFO - AU200AU M10 2025-11-21 05:00:00,000 O:8424.1 H:8428.1 L:8419.1 C:8423.1 V:232
2025-11-21 06:06:05.556 - INFO - AU200AU M10 2025-11-21 05:10:00,000 O:8424.1 H:8426.1 L:8421.1 C:8424.1 V:123
2025-11-21 06:06:05.565 - INFO - Converted 545/545 valid records for CAPITALCOM:AU200AU
2025-11-21 06:06:05.598 - INFO - Processed 1 records for BINANCE:BTCUSD 2m
2025-11-21 06:06:05.598 - INFO - Processed 1 records for BINANCE:BTCUSD 1m
2025-11-21 06:06:05.598 - INFO - Processed 1 records for BINANCE:BTCUSD 3m
2025-11-21 06:06:05.642 - INFO - ✅ Successfully inserted 545 records for CAPITALCOM:AU200AU (timeframe: 10m) in 0.07s
2025-11-21 06:06:05.642 - INFO - ✅ Saved CAPITALCOM:AU200AU 10m | Progress: 67/208 (Remaining: 141)
2025-11-21 06:06:05.648 - INFO - ✅ Cấu hình thành công BINANCE:BTCUSD (Khung thời gian: 10m)
2025-11-21 06:06:05.766 - INFO - Processed 546 records for BINANCE:BTCUSD 10m
2025-11-21 06:06:05.766 - INFO - [HISTORICAL] OHLCV Data - BINANCE:BTCUSD (Timeframe: 10m) - 545 records
2025-11-21 06:06:05.766 - INFO - BTCUSD M10 2025-11-21 05:30:00,000 O:86135.62 H:86213.44 L:85768.72 C:85772.19 V:2.58623
2025-11-21 06:06:05.766 - INFO - BTCUSD M10 2025-11-21 05:40:00,000 O:85771.33 H:86162.07 L:85736.73 C:85968.31 V:4.63167
2025-11-21 06:06:05.766 - INFO - BTCUSD M10 2025-11-21 05:50:00,000 O:85970.17 H:86127.3 L:85959.25 C:86107.44 V:1.28109
2025-11-21 06:06:05.775 - INFO - Converted 545/545 valid records for BINANCE:BTCUSD
2025-11-21 06:06:05.851 - INFO - ✅ Cấu hình thành công CAPITALCOM:DE40 (Khung thời gian: 10m)
2025-11-21 06:06:05.854 - INFO - ✅ Successfully inserted 545 records for BINANCE:BTCUSD (timeframe: 10m) in 0.08s
2025-11-21 06:06:05.854 - INFO - ✅ Saved BINANCE:BTCUSD 10m | Progress: 68/208 (Remaining: 140)
2025-11-21 06:06:05.997 - INFO - Processed 546 records for CAPITALCOM:DE40 10m
2025-11-21 06:06:05.997 - INFO - [HISTORICAL] OHLCV Data - CAPITALCOM:DE40 (Timeframe: 10m) - 545 records
2025-11-21 06:06:05.997 - INFO - DE40 M10 2025-11-21 05:30:00,000 O:22979.9 H:22987.1 L:22960.2 C:22971.4 V:274
2025-11-21 06:06:05.997 - INFO - DE40 M10 2025-11-21 05:40:00,000 O:22970.9 H:22978.6 L:22964.9 C:22975.3 V:230
2025-11-21 06:06:05.998 - INFO - DE40 M10 2025-11-21 05:50:00,000 O:22975.8 H:22978.3 L:22964.4 C:22976.7 V:207
2025-11-21 06:06:06.009 - INFO - Converted 545/545 valid records for CAPITALCOM:DE40
2025-11-21 06:06:06.054 - INFO - ✅ Cấu hình thành công CAPITALCOM:FR40 (Khung thời gian: 10m)
2025-11-21 06:06:06.056 - INFO - ✅ Successfully inserted 545 records for CAPITALCOM:DE40 (timeframe: 10m) in 0.05s
2025-11-21 06:06:06.056 - INFO - ✅ Saved CAPITALCOM:DE40 10m | Progress: 69/208 (Remaining: 139)
2025-11-21 06:06:06.259 - INFO - ✅ Cấu hình thành công CAPITALCOM:HK50 (Khung thời gian: 10m)
2025-11-21 06:06:06.461 - INFO - ✅ Cấu hình thành công CAPITALCOM:J225 (Khung thời gian: 10m)
2025-11-21 06:06:06.663 - INFO - ✅ Cấu hình thành công CAPITALCOM:SP35 (Khung thời gian: 10m)
2025-11-21 06:06:06.749 - INFO - Processed 546 records for CAPITALCOM:SP35 10m
2025-11-21 06:06:06.750 - INFO - [HISTORICAL] OHLCV Data - CAPITALCOM:SP35 (Timeframe: 10m) - 545 records
2025-11-21 06:06:06.750 - INFO - SP35 M10 2025-11-20 18:20:00,000 O:15887.4 H:15891.4 L:15871.9 C:15873.4 V:38
2025-11-21 06:06:06.750 - INFO - SP35 M10 2025-11-20 18:30:00,000 O:15872.9 H:15873.4 L:15822.9 C:15825.4 V:57
2025-11-21 06:06:06.750 - INFO - SP35 M10 2025-11-20 18:40:00,000 O:15827.4 H:15829.4 L:15811.4 C:15813.4 V:33
2025-11-21 06:06:06.758 - INFO - Converted 545/545 valid records for CAPITALCOM:SP35
2025-11-21 06:06:06.799 - INFO - ✅ Successfully inserted 545 records for CAPITALCOM:SP35 (timeframe: 10m) in 0.04s
2025-11-21 06:06:06.799 - INFO - ✅ Saved CAPITALCOM:SP35 10m | Progress: 70/208 (Remaining: 138)
2025-11-21 06:06:06.866 - INFO - ✅ Cấu hình thành công CAPITALCOM:UK100 (Khung thời gian: 10m)
2025-11-21 06:06:06.985 - INFO - Processed 546 records for CAPITALCOM:FR40 10m
2025-11-21 06:06:06.986 - INFO - [HISTORICAL] OHLCV Data - CAPITALCOM:FR40 (Timeframe: 10m) - 545 records
2025-11-21 06:06:06.986 - INFO - FR40 M10 2025-11-21 05:30:00,000 O:7908 H:7909.9 L:7900.9 C:7904.8 V:109
2025-11-21 06:06:06.986 - INFO - FR40 M10 2025-11-21 05:40:00,000 O:7903.5 H:7906 L:7902.2 C:7904.8 V:98
2025-11-21 06:06:06.986 - INFO - FR40 M10 2025-11-21 05:50:00,000 O:7905.4 H:7906.7 L:7902.2 C:7904.8 V:101
2025-11-21 06:06:06.997 - INFO - Converted 545/545 valid records for CAPITALCOM:FR40
2025-11-21 06:06:07.001 - INFO - Processed 546 records for CAPITALCOM:UK100 10m
2025-11-21 06:06:07.001 - INFO - [HISTORICAL] OHLCV Data - CAPITALCOM:UK100 (Timeframe: 10m) - 545 records
2025-11-21 06:06:07.001 - INFO - UK100 M10 2025-11-21 05:30:00,000 O:9450.5 H:9452.6 L:9445.2 C:9446.1 V:274
2025-11-21 06:06:07.001 - INFO - UK100 M10 2025-11-21 05:40:00,000 O:9446.3 H:9449.5 L:9444.8 C:9448.9 V:242
2025-11-21 06:06:07.001 - INFO - UK100 M10 2025-11-21 05:50:00,000 O:9449.1 H:9449.1 L:9445 C:9447.6 V:159
2025-11-21 06:06:07.012 - INFO - Converted 545/545 valid records for CAPITALCOM:UK100
2025-11-21 06:06:07.016 - INFO - Processed 546 records for CAPITALCOM:HK50 10m
2025-11-21 06:06:07.016 - INFO - [HISTORICAL] OHLCV Data - CAPITALCOM:HK50 (Timeframe: 10m) - 545 records
2025-11-21 06:06:07.016 - INFO - HK50 M10 2025-11-21 05:30:00,000 O:25399.8 H:25457.6 L:25393.7 C:25430.1 V:1094
2025-11-21 06:06:07.016 - INFO - HK50 M10 2025-11-21 05:40:00,000 O:25431.6 H:25452.3 L:25392.7 C:25397.8 V:1141
2025-11-21 06:06:07.016 - INFO - HK50 M10 2025-11-21 05:50:00,000 O:25396.3 H:25414.1 L:25379.7 C:25395.8 V:1120
2025-11-21 06:06:07.030 - INFO - Converted 545/545 valid records for CAPITALCOM:HK50
2025-11-21 06:06:07.071 - INFO - ✅ Cấu hình thành công CAPITALCOM:US100 (Khung thời gian: 10m)
2025-11-21 06:06:07.074 - INFO - ✅ Successfully inserted 545 records for CAPITALCOM:UK100 (timeframe: 10m) in 0.04s
2025-11-21 06:06:07.074 - INFO - ✅ Saved CAPITALCOM:UK100 10m | Progress: 71/208 (Remaining: 137)
2025-11-21 06:06:07.092 - INFO - ✅ Successfully inserted 545 records for CAPITALCOM:FR40 (timeframe: 10m) in 0.06s
2025-11-21 06:06:07.092 - INFO - ✅ Saved CAPITALCOM:FR40 10m | Progress: 72/208 (Remaining: 136)
2025-11-21 06:06:07.096 - INFO - ✅ Successfully inserted 545 records for CAPITALCOM:HK50 (timeframe: 10m) in 0.06s
2025-11-21 06:06:07.097 - INFO - ✅ Saved CAPITALCOM:HK50 10m | Progress: 73/208 (Remaining: 135)
2025-11-21 06:06:07.111 - INFO - Processed 546 records for CAPITALCOM:J225 10m
2025-11-21 06:06:07.112 - INFO - [HISTORICAL] OHLCV Data - CAPITALCOM:J225 (Timeframe: 10m) - 545 records
2025-11-21 06:06:07.112 - INFO - J225 M10 2025-11-21 05:30:00,000 O:48704 H:48738.9 L:48613.7 C:48667.7 V:910
2025-11-21 06:06:07.112 - INFO - J225 M10 2025-11-21 05:40:00,000 O:48670.2 H:48710.6 L:48627.4 C:48662.4 V:705
2025-11-21 06:06:07.112 - INFO - J225 M10 2025-11-21 05:50:00,000 O:48659.9 H:48684.8 L:48620.1 C:48665.1 V:669
2025-11-21 06:06:07.122 - INFO - Converted 545/545 valid records for CAPITALCOM:J225
2025-11-21 06:06:07.158 - INFO - ✅ Successfully inserted 545 records for CAPITALCOM:J225 (timeframe: 10m) in 0.03s
2025-11-21 06:06:07.158 - INFO - ✅ Saved CAPITALCOM:J225 10m | Progress: 74/208 (Remaining: 134)
2025-11-21 06:06:07.163 - INFO - Processed 546 records for CAPITALCOM:US100 10m
2025-11-21 06:06:07.163 - INFO - [HISTORICAL] OHLCV Data - CAPITALCOM:US100 (Timeframe: 10m) - 545 records
2025-11-21 06:06:07.164 - INFO - US100 M10 2025-11-21 05:30:00,000 O:24093.8 H:24106 L:24057.2 C:24067.6 V:1623
2025-11-21 06:06:07.164 - INFO - US100 M10 2025-11-21 05:40:00,000 O:24067.2 H:24080.8 L:24055.4 C:24064.3 V:1490
2025-11-21 06:06:07.164 - INFO - US100 M10 2025-11-21 05:50:00,000 O:24064.4 H:24080.6 L:24053.6 C:24067.1 V:1478
2025-11-21 06:06:07.174 - INFO - Converted 545/545 valid records for CAPITALCOM:US100
2025-11-21 06:06:07.208 - INFO - ✅ Successfully inserted 545 records for CAPITALCOM:US100 (timeframe: 10m) in 0.03s
2025-11-21 06:06:07.208 - INFO - ✅ Saved CAPITALCOM:US100 10m | Progress: 75/208 (Remaining: 133)
2025-11-21 06:06:07.245 - INFO - Processed 546 records for CAPITALCOM:HK50 10m
2025-11-21 06:06:07.246 - INFO - [HISTORICAL] OHLCV Data - CAPITALCOM:HK50 (Timeframe: 10m) - 545 records
2025-11-21 06:06:07.246 - INFO - HK50 M10 2025-11-21 05:30:00,000 O:25399.8 H:25457.6 L:25393.7 C:25430.1 V:1094
2025-11-21 06:06:07.246 - INFO - HK50 M10 2025-11-21 05:40:00,000 O:25431.6 H:25452.3 L:25392.7 C:25397.8 V:1141
2025-11-21 06:06:07.246 - INFO - HK50 M10 2025-11-21 05:50:00,000 O:25396.3 H:25414.1 L:25379.7 C:25395.8 V:1120
2025-11-21 06:06:07.254 - INFO - Converted 545/545 valid records for CAPITALCOM:HK50
2025-11-21 06:06:07.271 - INFO - ✅ Cấu hình thành công CAPITALCOM:US30 (Khung thời gian: 10m)
2025-11-21 06:06:07.271 - INFO - ✅ Successfully inserted 545 records for CAPITALCOM:HK50 (timeframe: 10m) in 0.02s
2025-11-21 06:06:07.272 - INFO - ✅ Saved CAPITALCOM:HK50 10m | Progress: 75/208 (Remaining: 133)
2025-11-21 06:06:07.368 - INFO - Processed 546 records for CAPITALCOM:US30 10m
2025-11-21 06:06:07.368 - INFO - [HISTORICAL] OHLCV Data - CAPITALCOM:US30 (Timeframe: 10m) - 545 records
2025-11-21 06:06:07.368 - INFO - US30 M10 2025-11-21 05:30:00,000 O:45952.6 H:45962.7 L:45906.1 C:45917.3 V:1080
2025-11-21 06:06:07.368 - INFO - US30 M10 2025-11-21 05:40:00,000 O:45917.8 H:45928.1 L:45903.7 C:45905.5 V:894
2025-11-21 06:06:07.369 - INFO - US30 M10 2025-11-21 05:50:00,000 O:45906 H:45919.5 L:45894.5 C:45905.7 V:776
2025-11-21 06:06:07.377 - INFO - Converted 545/545 valid records for CAPITALCOM:US30
2025-11-21 06:06:07.412 - INFO - ✅ Successfully inserted 545 records for CAPITALCOM:US30 (timeframe: 10m) in 0.03s
2025-11-21 06:06:07.412 - INFO - ✅ Saved CAPITALCOM:US30 10m | Progress: 76/208 (Remaining: 132)
2025-11-21 06:06:07.479 - INFO - ✅ Cấu hình thành công CAPITALCOM:US500 (Khung thời gian: 10m)
2025-11-21 06:06:07.599 - INFO - Processed 546 records for CAPITALCOM:US500 10m
2025-11-21 06:06:07.599 - INFO - [HISTORICAL] OHLCV Data - CAPITALCOM:US500 (Timeframe: 10m) - 545 records
2025-11-21 06:06:07.599 - INFO - US500 M10 2025-11-21 05:30:00,000 O:6560.8 H:6562.7 L:6553 C:6554.8 V:751
2025-11-21 06:06:07.599 - INFO - US500 M10 2025-11-21 05:40:00,000 O:6555 H:6557.6 L:6552.6 C:6553.8 V:660
2025-11-21 06:06:07.599 - INFO - US500 M10 2025-11-21 05:50:00,000 O:6554 H:6556.1 L:6551.7 C:6553.8 V:624
2025-11-21 06:06:07.609 - INFO - Converted 545/545 valid records for CAPITALCOM:US500
2025-11-21 06:06:07.642 - INFO - ✅ Successfully inserted 545 records for CAPITALCOM:US500 (timeframe: 10m) in 0.03s
2025-11-21 06:06:07.642 - INFO - ✅ Saved CAPITALCOM:US500 10m | Progress: 77/208 (Remaining: 131)
2025-11-21 06:06:07.682 - INFO - ✅ Cấu hình thành công CAPITALCOM:GOLD (Khung thời gian: 10m)
2025-11-21 06:06:07.682 - INFO - Completed timeframe 10m, waiting 4s...
2025-11-21 06:06:07.775 - INFO - Processed 546 records for CAPITALCOM:GOLD 10m
2025-11-21 06:06:07.775 - INFO - [HISTORICAL] OHLCV Data - CAPITALCOM:GOLD (Timeframe: 10m) - 545 records
2025-11-21 06:06:07.775 - INFO - GOLD M10 2025-11-21 05:30:00,000 O:4052.71 H:4057.4 L:4049.51 C:4049.78 V:3356
2025-11-21 06:06:07.775 - INFO - GOLD M10 2025-11-21 05:40:00,000 O:4049.76 H:4051.99 L:4045.77 C:4047.3 V:3095
2025-11-21 06:06:07.775 - INFO - GOLD M10 2025-11-21 05:50:00,000 O:4047.31 H:4059.66 L:4039.74 C:4058.56 V:5301
2025-11-21 06:06:07.782 - INFO - Converted 545/545 valid records for CAPITALCOM:GOLD
2025-11-21 06:06:07.815 - INFO - ✅ Successfully inserted 545 records for CAPITALCOM:GOLD (timeframe: 10m) in 0.03s
2025-11-21 06:06:07.815 - INFO - ✅ Saved CAPITALCOM:GOLD 10m | Progress: 78/208 (Remaining: 130)
2025-11-21 06:06:11.694 - INFO - Processing timeframe 15m...
2025-11-21 06:06:11.713 - INFO - Heartbeat received: ~m~4~m~~h~4
2025-11-21 06:06:11.713 - INFO - Echoed heartbeat: ~m~4~m~~h~4
2025-11-21 06:06:11.777 - INFO - WebSocket still active
2025-11-21 06:06:11.896 - INFO - ✅ Cấu hình thành công CAPITALCOM:BTCUSD (Khung thời gian: 15m)
2025-11-21 06:06:12.015 - INFO - Processed 546 records for CAPITALCOM:BTCUSD 15m
2025-11-21 06:06:12.015 - INFO - [HISTORICAL] OHLCV Data - CAPITALCOM:BTCUSD (Timeframe: 15m) - 545 records
2025-11-21 06:06:12.015 - INFO - BTCUSD M15 2025-11-21 05:15:00,000 O:86078.15 H:86217.45 L:86028.05 C:86086.4 V:12281
2025-11-21 06:06:12.015 - INFO - BTCUSD M15 2025-11-21 05:30:00,000 O:86085.9 H:86170.3 L:85707.65 C:85922.8 V:9973
2025-11-21 06:06:12.015 - INFO - BTCUSD M15 2025-11-21 05:45:00,000 O:85923.95 H:86087.3 L:85836.85 C:86051.55 V:10548
2025-11-21 06:06:12.027 - INFO - Converted 545/545 valid records for CAPITALCOM:BTCUSD
2025-11-21 06:06:12.048 - INFO - ✅ Successfully inserted 545 records for CAPITALCOM:BTCUSD (timeframe: 15m) in 0.02s
2025-11-21 06:06:12.049 - INFO - ✅ Saved CAPITALCOM:BTCUSD 15m | Progress: 79/208 (Remaining: 129)
2025-11-21 06:06:12.099 - INFO - ✅ Cấu hình thành công CAPITALCOM:AU200AU (Khung thời gian: 15m)
2025-11-21 06:06:12.301 - INFO - ✅ Cấu hình thành công BINANCE:BTCUSD (Khung thời gian: 15m)
2025-11-21 06:06:12.465 - INFO - Processed 546 records for CAPITALCOM:AU200AU 15m
2025-11-21 06:06:12.465 - INFO - [HISTORICAL] OHLCV Data - CAPITALCOM:AU200AU (Timeframe: 15m) - 545 records
2025-11-21 06:06:12.466 - INFO - AU200AU M15 2025-11-21 04:30:00,000 O:8422.1 H:8423.1 L:8414.1 C:8419.1 V:232
2025-11-21 06:06:12.466 - INFO - AU200AU M15 2025-11-21 04:45:00,000 O:8420.1 H:8425.1 L:8412.1 C:8425.1 V:224
2025-11-21 06:06:12.466 - INFO - AU200AU M15 2025-11-21 05:00:00,000 O:8424.1 H:8428.1 L:8419.1 C:8423.1 V:324
2025-11-21 06:06:12.473 - INFO - Converted 545/545 valid records for CAPITALCOM:AU200AU
2025-11-21 06:06:12.476 - INFO - Processed 546 records for BINANCE:BTCUSD 15m
2025-11-21 06:06:12.476 - INFO - [HISTORICAL] OHLCV Data - BINANCE:BTCUSD (Timeframe: 15m) - 545 records
2025-11-21 06:06:12.476 - INFO - BTCUSD M15 2025-11-21 05:15:00,000 O:86099.14 H:86299.09 L:86044.19 C:86130.21 V:5.30663
2025-11-21 06:06:12.476 - INFO - BTCUSD M15 2025-11-21 05:30:00,000 O:86135.62 H:86213.44 L:85736.73 C:85973.9 V:6.53017
2025-11-21 06:06:12.476 - INFO - BTCUSD M15 2025-11-21 05:45:00,000 O:85949.33 H:86127.3 L:85883.44 C:86107.44 V:1.96882
2025-11-21 06:06:12.485 - INFO - Converted 545/545 valid records for BINANCE:BTCUSD
2025-11-21 06:06:12.504 - INFO - ✅ Cấu hình thành công CAPITALCOM:DE40 (Khung thời gian: 15m)
2025-11-21 06:06:12.506 - INFO - ✅ Successfully inserted 545 records for CAPITALCOM:AU200AU (timeframe: 15m) in 0.02s
2025-11-21 06:06:12.506 - INFO - ✅ Saved CAPITALCOM:AU200AU 15m | Progress: 80/208 (Remaining: 128)
2025-11-21 06:06:12.510 - INFO - ✅ Successfully inserted 545 records for BINANCE:BTCUSD (timeframe: 15m) in 0.02s
2025-11-21 06:06:12.510 - INFO - ✅ Saved BINANCE:BTCUSD 15m | Progress: 81/208 (Remaining: 127)
2025-11-21 06:06:12.630 - INFO - Processed 546 records for CAPITALCOM:DE40 15m
2025-11-21 06:06:12.630 - INFO - [HISTORICAL] OHLCV Data - CAPITALCOM:DE40 (Timeframe: 15m) - 545 records
2025-11-21 06:06:12.630 - INFO - DE40 M15 2025-11-21 05:15:00,000 O:22987.5 H:22996.5 L:22976.7 C:22977.9 V:416
2025-11-21 06:06:12.630 - INFO - DE40 M15 2025-11-21 05:30:00,000 O:22979.9 H:22987.1 L:22960.2 C:22972.3 V:395
2025-11-21 06:06:12.630 - INFO - DE40 M15 2025-11-21 05:45:00,000 O:22971.8 H:22978.6 L:22964.4 C:22976.7 V:316
2025-11-21 06:06:12.639 - INFO - Converted 545/545 valid records for CAPITALCOM:DE40
2025-11-21 06:06:12.657 - INFO - ✅ Successfully inserted 545 records for CAPITALCOM:DE40 (timeframe: 15m) in 0.02s
2025-11-21 06:06:12.657 - INFO - ✅ Saved CAPITALCOM:DE40 15m | Progress: 82/208 (Remaining: 126)
2025-11-21 06:06:12.719 - INFO - ✅ Cấu hình thành công CAPITALCOM:FR40 (Khung thời gian: 15m)
2025-11-21 06:06:12.830 - INFO - Processed 546 records for CAPITALCOM:FR40 15m
2025-11-21 06:06:12.831 - INFO - [HISTORICAL] OHLCV Data - CAPITALCOM:FR40 (Timeframe: 15m) - 545 records
2025-11-21 06:06:12.831 - INFO - FR40 M15 2025-11-21 05:15:00,000 O:7911.8 H:7913.1 L:7907.3 C:7907.3 V:96
2025-11-21 06:06:12.831 - INFO - FR40 M15 2025-11-21 05:30:00,000 O:7908 H:7909.9 L:7900.9 C:7906 V:165
2025-11-21 06:06:12.831 - INFO - FR40 M15 2025-11-21 05:45:00,000 O:7904.8 H:7906.7 L:7902.2 C:7904.8 V:143
2025-11-21 06:06:12.839 - INFO - Converted 545/545 valid records for CAPITALCOM:FR40
2025-11-21 06:06:12.857 - INFO - ✅ Successfully inserted 545 records for CAPITALCOM:FR40 (timeframe: 15m) in 0.02s
2025-11-21 06:06:12.857 - INFO - ✅ Saved CAPITALCOM:FR40 15m | Progress: 83/208 (Remaining: 125)
2025-11-21 06:06:12.920 - INFO - ✅ Cấu hình thành công CAPITALCOM:HK50 (Khung thời gian: 15m)
2025-11-21 06:06:13.063 - INFO - Processed 546 records for CAPITALCOM:HK50 15m
2025-11-21 06:06:13.063 - INFO - [HISTORICAL] OHLCV Data - CAPITALCOM:HK50 (Timeframe: 15m) - 545 records
2025-11-21 06:06:13.063 - INFO - HK50 M15 2025-11-21 05:15:00,000 O:25384.8 H:25443.3 L:25364.9 C:25401.3 V:1702
2025-11-21 06:06:13.063 - INFO - HK50 M15 2025-11-21 05:30:00,000 O:25399.8 H:25457.6 L:25393.7 C:25438.9 V:1658
2025-11-21 06:06:13.063 - INFO - HK50 M15 2025-11-21 05:45:00,000 O:25438.5 H:25452.3 L:25379.7 C:25395.8 V:1697
2025-11-21 06:06:13.073 - INFO - Converted 545/545 valid records for CAPITALCOM:HK50
2025-11-21 06:06:13.093 - INFO - ✅ Successfully inserted 545 records for CAPITALCOM:HK50 (timeframe: 15m) in 0.02s
2025-11-21 06:06:13.093 - INFO - ✅ Saved CAPITALCOM:HK50 15m | Progress: 84/208 (Remaining: 124)
2025-11-21 06:06:13.123 - INFO - ✅ Cấu hình thành công CAPITALCOM:J225 (Khung thời gian: 15m)
2025-11-21 06:06:13.246 - INFO - Processed 546 records for CAPITALCOM:J225 15m
2025-11-21 06:06:13.246 - INFO - [HISTORICAL] OHLCV Data - CAPITALCOM:J225 (Timeframe: 15m) - 545 records
2025-11-21 06:06:13.247 - INFO - J225 M15 2025-11-21 05:15:00,000 O:48720.2 H:48761 L:48696.7 C:48706.5 V:1213
2025-11-21 06:06:13.248 - INFO - J225 M15 2025-11-21 05:30:00,000 O:48704 H:48738.9 L:48613.7 C:48682.3 V:1270
2025-11-21 06:06:13.248 - INFO - J225 M15 2025-11-21 05:45:00,000 O:48682.5 H:48710.6 L:48620.1 C:48665.1 V:1014
2025-11-21 06:06:13.277 - INFO - Converted 545/545 valid records for CAPITALCOM:J225
2025-11-21 06:06:13.294 - INFO - ✅ Successfully inserted 545 records for CAPITALCOM:J225 (timeframe: 15m) in 0.01s
2025-11-21 06:06:13.294 - INFO - ✅ Saved CAPITALCOM:J225 15m | Progress: 85/208 (Remaining: 123)
2025-11-21 06:06:13.328 - INFO - ✅ Cấu hình thành công CAPITALCOM:SP35 (Khung thời gian: 15m)
2025-11-21 06:06:13.414 - INFO - Processed 546 records for CAPITALCOM:SP35 15m
2025-11-21 06:06:13.414 - INFO - [HISTORICAL] OHLCV Data - CAPITALCOM:SP35 (Timeframe: 15m) - 545 records
2025-11-21 06:06:13.414 - INFO - SP35 M15 2025-11-20 18:00:00,000 O:15821.4 H:15903.4 L:15818.9 C:15902.9 V:336
2025-11-21 06:06:13.414 - INFO - SP35 M15 2025-11-20 18:15:00,000 O:15903.4 H:15905.4 L:15871.9 C:15873.4 V:70
2025-11-21 06:06:13.414 - INFO - SP35 M15 2025-11-20 18:30:00,000 O:15872.9 H:15873.4 L:15822.9 C:15828.4 V:61
2025-11-21 06:06:13.423 - INFO - Converted 545/545 valid records for CAPITALCOM:SP35
2025-11-21 06:06:13.441 - INFO - ✅ Successfully inserted 545 records for CAPITALCOM:SP35 (timeframe: 15m) in 0.01s
2025-11-21 06:06:13.441 - INFO - ✅ Saved CAPITALCOM:SP35 15m | Progress: 86/208 (Remaining: 122)
2025-11-21 06:06:13.530 - INFO - ✅ Cấu hình thành công CAPITALCOM:UK100 (Khung thời gian: 15m)
2025-11-21 06:06:13.645 - INFO - Processed 546 records for CAPITALCOM:UK100 15m
2025-11-21 06:06:13.645 - INFO - [HISTORICAL] OHLCV Data - CAPITALCOM:UK100 (Timeframe: 15m) - 545 records
2025-11-21 06:06:13.645 - INFO - UK100 M15 2025-11-21 05:15:00,000 O:9451.3 H:9454.7 L:9450.3 C:9450.3 V:357
2025-11-21 06:06:13.645 - INFO - UK100 M15 2025-11-21 05:30:00,000 O:9450.5 H:9452.6 L:9444.8 C:9448.3 V:397
2025-11-21 06:06:13.646 - INFO - UK100 M15 2025-11-21 05:45:00,000 O:9448.5 H:9449.5 L:9445 C:9447.6 V:278
2025-11-21 06:06:13.654 - INFO - Converted 545/545 valid records for CAPITALCOM:UK100
2025-11-21 06:06:13.671 - INFO - ✅ Successfully inserted 545 records for CAPITALCOM:UK100 (timeframe: 15m) in 0.01s
2025-11-21 06:06:13.671 - INFO - ✅ Saved CAPITALCOM:UK100 15m | Progress: 87/208 (Remaining: 121)
2025-11-21 06:06:13.733 - INFO - ✅ Cấu hình thành công CAPITALCOM:US100 (Khung thời gian: 15m)
2025-11-21 06:06:13.837 - INFO - Processed 546 records for CAPITALCOM:US100 15m
2025-11-21 06:06:13.838 - INFO - [HISTORICAL] OHLCV Data - CAPITALCOM:US100 (Timeframe: 15m) - 545 records
2025-11-21 06:06:13.838 - INFO - US100 M15 2025-11-21 05:15:00,000 O:24117.5 H:24132.3 L:24089.7 C:24094 V:2321
2025-11-21 06:06:13.838 - INFO - US100 M15 2025-11-21 05:30:00,000 O:24093.8 H:24106 L:24057.2 C:24075.6 V:2359
2025-11-21 06:06:13.838 - INFO - US100 M15 2025-11-21 05:45:00,000 O:24075.4 H:24080.6 L:24053.6 C:24067.1 V:2232
2025-11-21 06:06:13.846 - INFO - Converted 545/545 valid records for CAPITALCOM:US100
2025-11-21 06:06:13.863 - INFO - ✅ Successfully inserted 545 records for CAPITALCOM:US100 (timeframe: 15m) in 0.02s
2025-11-21 06:06:13.863 - INFO - ✅ Saved CAPITALCOM:US100 15m | Progress: 88/208 (Remaining: 120)
2025-11-21 06:06:13.934 - INFO - ✅ Cấu hình thành công CAPITALCOM:US30 (Khung thời gian: 15m)
2025-11-21 06:06:14.021 - INFO - Processed 546 records for CAPITALCOM:US30 15m
2025-11-21 06:06:14.021 - INFO - [HISTORICAL] OHLCV Data - CAPITALCOM:US30 (Timeframe: 15m) - 545 records
2025-11-21 06:06:14.021 - INFO - US30 M15 2025-11-21 05:15:00,000 O:45962.1 H:45982.8 L:45949.6 C:45953.1 V:1315
2025-11-21 06:06:14.021 - INFO - US30 M15 2025-11-21 05:30:00,000 O:45952.6 H:45962.7 L:45906.1 C:45922.5 V:1525
2025-11-21 06:06:14.021 - INFO - US30 M15 2025-11-21 05:45:00,000 O:45922 H:45924.9 L:45894.5 C:45905.7 V:1225
2025-11-21 06:06:14.030 - INFO - Converted 545/545 valid records for CAPITALCOM:US30
2025-11-21 06:06:14.051 - INFO - ✅ Successfully inserted 545 records for CAPITALCOM:US30 (timeframe: 15m) in 0.02s
2025-11-21 06:06:14.051 - INFO - ✅ Saved CAPITALCOM:US30 15m | Progress: 89/208 (Remaining: 119)
2025-11-21 06:06:14.138 - INFO - ✅ Cấu hình thành công CAPITALCOM:US500 (Khung thời gian: 15m)
2025-11-21 06:06:14.201 - INFO - Processed 546 records for CAPITALCOM:US500 15m
2025-11-21 06:06:14.202 - INFO - [HISTORICAL] OHLCV Data - CAPITALCOM:US500 (Timeframe: 15m) - 545 records
2025-11-21 06:06:14.202 - INFO - US500 M15 2025-11-21 05:15:00,000 O:6564.2 H:6567.5 L:6559.9 C:6560.9 V:978
2025-11-21 06:06:14.202 - INFO - US500 M15 2025-11-21 05:30:00,000 O:6560.8 H:6562.7 L:6553 C:6555.9 V:1073
2025-11-21 06:06:14.202 - INFO - US500 M15 2025-11-21 05:45:00,000 O:6556.1 H:6556.9 L:6551.7 C:6553.8 V:962
2025-11-21 06:06:14.216 - INFO - Converted 545/545 valid records for CAPITALCOM:US500
2025-11-21 06:06:14.233 - INFO - ✅ Successfully inserted 545 records for CAPITALCOM:US500 (timeframe: 15m) in 0.02s
2025-11-21 06:06:14.233 - INFO - ✅ Saved CAPITALCOM:US500 15m | Progress: 90/208 (Remaining: 118)
2025-11-21 06:06:14.340 - INFO - ✅ Cấu hình thành công CAPITALCOM:GOLD (Khung thời gian: 15m)
2025-11-21 06:06:14.340 - INFO - Completed timeframe 15m, waiting 4s...
2025-11-21 06:06:14.427 - INFO - Processed 546 records for CAPITALCOM:GOLD 15m
2025-11-21 06:06:14.428 - INFO - [HISTORICAL] OHLCV Data - CAPITALCOM:GOLD (Timeframe: 15m) - 545 records
2025-11-21 06:06:14.428 - INFO - GOLD M15 2025-11-21 05:15:00,000 O:4055.87 H:4057.14 L:4052.78 C:4052.78 V:2967
2025-11-21 06:06:14.428 - INFO - GOLD M15 2025-11-21 05:30:00,000 O:4052.71 H:4057.4 L:4047.89 C:4048.67 V:5027
2025-11-21 06:06:14.428 - INFO - GOLD M15 2025-11-21 05:45:00,000 O:4048.65 H:4059.66 L:4039.74 C:4058.56 V:6725
2025-11-21 06:06:14.436 - INFO - Converted 545/545 valid records for CAPITALCOM:GOLD
2025-11-21 06:06:14.455 - INFO - ✅ Successfully inserted 545 records for CAPITALCOM:GOLD (timeframe: 15m) in 0.02s
2025-11-21 06:06:14.455 - INFO - ✅ Saved CAPITALCOM:GOLD 15m | Progress: 91/208 (Remaining: 117)
2025-11-21 06:06:18.342 - INFO - Processing timeframe 20m...
2025-11-21 06:06:18.544 - INFO - ✅ Cấu hình thành công CAPITALCOM:BTCUSD (Khung thời gian: 20m)
2025-11-21 06:06:18.630 - INFO - Processed 546 records for CAPITALCOM:BTCUSD 20m
2025-11-21 06:06:18.630 - INFO - [HISTORICAL] OHLCV Data - CAPITALCOM:BTCUSD (Timeframe: 20m) - 545 records
2025-11-21 06:06:18.630 - INFO - BTCUSD M20 2025-11-21 05:00:00,000 O:85922.3 H:86207.65 L:85838.35 C:86145.4 V:18753
2025-11-21 06:06:18.630 - INFO - BTCUSD M20 2025-11-21 05:20:00,000 O:86144.3 H:86217.45 L:85728.15 C:85739.85 V:14536
2025-11-21 06:06:18.630 - INFO - BTCUSD M20 2025-11-21 05:40:00,000 O:85738.85 H:86087.3 L:85707.65 C:86051.55 V:13571
2025-11-21 06:06:18.640 - INFO - Converted 545/545 valid records for CAPITALCOM:BTCUSD
2025-11-21 06:06:18.748 - INFO - ✅ Cấu hình thành công CAPITALCOM:AU200AU (Khung thời gian: 20m)
2025-11-21 06:06:18.881 - INFO - ✅ Successfully inserted 545 records for CAPITALCOM:BTCUSD (timeframe: 20m) in 0.24s
2025-11-21 06:06:18.881 - INFO - ✅ Saved CAPITALCOM:BTCUSD 20m | Progress: 92/208 (Remaining: 116)
2025-11-21 06:06:18.928 - INFO - Processed 546 records for CAPITALCOM:AU200AU 20m
2025-11-21 06:06:18.928 - INFO - [HISTORICAL] OHLCV Data - CAPITALCOM:AU200AU (Timeframe: 20m) - 545 records
2025-11-21 06:06:18.928 - INFO - AU200AU M20 2025-11-21 04:10:00,000 O:8423.1 H:8426.1 L:8418.1 C:8423.1 V:311
2025-11-21 06:06:18.928 - INFO - AU200AU M20 2025-11-21 04:30:00,000 O:8422.1 H:8423.1 L:8414.1 C:8415.1 V:304
2025-11-21 06:06:18.928 - INFO - AU200AU M20 2025-11-21 04:50:00,000 O:8414.1 H:8428.1 L:8412.1 C:8423.1 V:384
2025-11-21 06:06:18.937 - INFO - Converted 545/545 valid records for CAPITALCOM:AU200AU
2025-11-21 06:06:18.954 - INFO - ✅ Cấu hình thành công BINANCE:BTCUSD (Khung thời gian: 20m)
2025-11-21 06:06:19.044 - INFO - Processed 546 records for BINANCE:BTCUSD 20m
2025-11-21 06:06:19.044 - INFO - [HISTORICAL] OHLCV Data - BINANCE:BTCUSD (Timeframe: 20m) - 545 records
2025-11-21 06:06:19.044 - INFO - BTCUSD M20 2025-11-21 05:00:00,000 O:85956.14 H:86249.53 L:85870.25 C:86175.47 V:6.67413
2025-11-21 06:06:19.044 - INFO - BTCUSD M20 2025-11-21 05:20:00,000 O:86176.36 H:86299.09 L:85768.72 C:85772.19 V:6.67906
2025-11-21 06:06:19.045 - INFO - BTCUSD M20 2025-11-21 05:40:00,000 O:85771.33 H:86162.07 L:85736.73 C:86107.44 V:5.91276
2025-11-21 06:06:19.053 - INFO - Converted 545/545 valid records for BINANCE:BTCUSD
2025-11-21 06:06:19.079 - INFO - ✅ Successfully inserted 545 records for CAPITALCOM:AU200AU (timeframe: 20m) in 0.14s
2025-11-21 06:06:19.079 - INFO - ✅ Saved CAPITALCOM:AU200AU 20m | Progress: 93/208 (Remaining: 115)
2025-11-21 06:06:19.134 - INFO - ✅ Successfully inserted 545 records for BINANCE:BTCUSD (timeframe: 20m) in 0.08s
2025-11-21 06:06:19.134 - INFO - ✅ Saved BINANCE:BTCUSD 20m | Progress: 94/208 (Remaining: 114)
2025-11-21 06:06:19.161 - INFO - ✅ Cấu hình thành công CAPITALCOM:DE40 (Khung thời gian: 20m)
2025-11-21 06:06:19.250 - INFO - Processed 546 records for CAPITALCOM:DE40 20m
2025-11-21 06:06:19.250 - INFO - [HISTORICAL] OHLCV Data - CAPITALCOM:DE40 (Timeframe: 20m) - 545 records
2025-11-21 06:06:19.250 - INFO - DE40 M20 2025-11-21 05:00:00,000 O:22967.8 H:22996.5 L:22964.2 C:22985.7 V:787
2025-11-21 06:06:19.250 - INFO - DE40 M20 2025-11-21 05:20:00,000 O:22986.2 H:22990.8 L:22960.2 C:22971.4 V:511
2025-11-21 06:06:19.250 - INFO - DE40 M20 2025-11-21 05:40:00,000 O:22970.9 H:22978.6 L:22964.4 C:22976.7 V:437
2025-11-21 06:06:19.260 - INFO - Converted 545/545 valid records for CAPITALCOM:DE40
2025-11-21 06:06:19.311 - INFO - ✅ Successfully inserted 545 records for CAPITALCOM:DE40 (timeframe: 20m) in 0.05s
2025-11-21 06:06:19.311 - INFO - ✅ Saved CAPITALCOM:DE40 20m | Progress: 95/208 (Remaining: 113)
2025-11-21 06:06:19.365 - INFO - ✅ Cấu hình thành công CAPITALCOM:FR40 (Khung thời gian: 20m)
2025-11-21 06:06:19.497 - INFO - Processed 546 records for CAPITALCOM:FR40 20m
2025-11-21 06:06:19.497 - INFO - [HISTORICAL] OHLCV Data - CAPITALCOM:FR40 (Timeframe: 20m) - 545 records
2025-11-21 06:06:19.497 - INFO - FR40 M20 2025-11-21 05:00:00,000 O:7905.4 H:7913.1 L:7904.8 C:7909.9 V:269
2025-11-21 06:06:19.497 - INFO - FR40 M20 2025-11-21 05:20:00,000 O:7910.5 H:7911.2 L:7900.9 C:7904.8 V:173
2025-11-21 06:06:19.497 - INFO - FR40 M20 2025-11-21 05:40:00,000 O:7903.5 H:7906.7 L:7902.2 C:7904.8 V:199
2025-11-21 06:06:19.505 - INFO - Converted 545/545 valid records for CAPITALCOM:FR40
2025-11-21 06:06:19.546 - INFO - ✅ Successfully inserted 545 records for CAPITALCOM:FR40 (timeframe: 20m) in 0.04s
2025-11-21 06:06:19.546 - INFO - ✅ Saved CAPITALCOM:FR40 20m | Progress: 96/208 (Remaining: 112)
2025-11-21 06:06:19.569 - INFO - ✅ Cấu hình thành công CAPITALCOM:HK50 (Khung thời gian: 20m)
2025-11-21 06:06:19.660 - INFO - Processed 546 records for CAPITALCOM:HK50 20m
2025-11-21 06:06:19.660 - INFO - [HISTORICAL] OHLCV Data - CAPITALCOM:HK50 (Timeframe: 20m) - 545 records
2025-11-21 06:06:19.661 - INFO - HK50 M20 2025-11-21 05:00:00,000 O:25266.9 H:25411.9 L:25261.9 C:25389 V:2419
2025-11-21 06:06:19.661 - INFO - HK50 M20 2025-11-21 05:20:00,000 O:25391 H:25457.6 L:25366 C:25430.1 V:2217
2025-11-21 06:06:19.661 - INFO - HK50 M20 2025-11-21 05:40:00,000 O:25431.6 H:25452.3 L:25379.7 C:25395.8 V:2261
2025-11-21 06:06:19.669 - INFO - Converted 545/545 valid records for CAPITALCOM:HK50
2025-11-21 06:06:19.709 - INFO - ✅ Successfully inserted 545 records for CAPITALCOM:HK50 (timeframe: 20m) in 0.04s
2025-11-21 06:06:19.709 - INFO - ✅ Saved CAPITALCOM:HK50 20m | Progress: 97/208 (Remaining: 111)
2025-11-21 06:06:19.772 - INFO - ✅ Cấu hình thành công CAPITALCOM:J225 (Khung thời gian: 20m)
2025-11-21 06:06:19.862 - INFO - Processed 546 records for CAPITALCOM:J225 20m
2025-11-21 06:06:19.862 - INFO - [HISTORICAL] OHLCV Data - CAPITALCOM:J225 (Timeframe: 20m) - 545 records
2025-11-21 06:06:19.862 - INFO - J225 M20 2025-11-21 05:00:00,000 O:48679.6 H:48769.8 L:48647.1 C:48703.8 V:1953
2025-11-21 06:06:19.863 - INFO - J225 M20 2025-11-21 05:20:00,000 O:48708.8 H:48761 L:48613.7 C:48667.7 V:1715
2025-11-21 06:06:19.863 - INFO - J225 M20 2025-11-21 05:40:00,000 O:48670.2 H:48710.6 L:48620.1 C:48665.1 V:1374
2025-11-21 06:06:19.873 - INFO - Converted 545/545 valid records for CAPITALCOM:J225
2025-11-21 06:06:19.908 - INFO - ✅ Successfully inserted 545 records for CAPITALCOM:J225 (timeframe: 20m) in 0.03s
2025-11-21 06:06:19.908 - INFO - ✅ Saved CAPITALCOM:J225 20m | Progress: 98/208 (Remaining: 110)
2025-11-21 06:06:19.975 - INFO - ✅ Cấu hình thành công CAPITALCOM:SP35 (Khung thời gian: 20m)
2025-11-21 06:06:20.062 - INFO - Processed 546 records for CAPITALCOM:SP35 20m
2025-11-21 06:06:20.063 - INFO - [HISTORICAL] OHLCV Data - CAPITALCOM:SP35 (Timeframe: 20m) - 545 records
2025-11-21 06:06:20.063 - INFO - SP35 M20 2025-11-20 17:40:00,000 O:15836.4 H:15843.9 L:15801.9 C:15824.9 V:273
2025-11-21 06:06:20.063 - INFO - SP35 M20 2025-11-20 18:00:00,000 O:15821.4 H:15905.4 L:15818.9 C:15881.4 V:368
2025-11-21 06:06:20.063 - INFO - SP35 M20 2025-11-20 18:20:00,000 O:15887.4 H:15891.4 L:15822.9 C:15825.4 V:95
2025-11-21 06:06:20.073 - INFO - Converted 545/545 valid records for CAPITALCOM:SP35
2025-11-21 06:06:20.118 - INFO - ✅ Successfully inserted 545 records for CAPITALCOM:SP35 (timeframe: 20m) in 0.04s
2025-11-21 06:06:20.118 - INFO - ✅ Saved CAPITALCOM:SP35 20m | Progress: 99/208 (Remaining: 109)
2025-11-21 06:06:20.181 - INFO - ✅ Cấu hình thành công CAPITALCOM:UK100 (Khung thời gian: 20m)
2025-11-21 06:06:20.268 - INFO - Processed 546 records for CAPITALCOM:UK100 20m
2025-11-21 06:06:20.268 - INFO - [HISTORICAL] OHLCV Data - CAPITALCOM:UK100 (Timeframe: 20m) - 545 records
2025-11-21 06:06:20.268 - INFO - UK100 M20 2025-11-21 05:00:00,000 O:9448.6 H:9454.3 L:9446.9 C:9451.4 V:510
2025-11-21 06:06:20.268 - INFO - UK100 M20 2025-11-21 05:20:00,000 O:9451.6 H:9454.7 L:9445.2 C:9446.1 V:541
2025-11-21 06:06:20.269 - INFO - UK100 M20 2025-11-21 05:40:00,000 O:9446.3 H:9449.5 L:9444.8 C:9447.6 V:401
2025-11-21 06:06:20.279 - INFO - Converted 545/545 valid records for CAPITALCOM:UK100
2025-11-21 06:06:20.318 - INFO - ✅ Successfully inserted 545 records for CAPITALCOM:UK100 (timeframe: 20m) in 0.04s
2025-11-21 06:06:20.318 - INFO - ✅ Saved CAPITALCOM:UK100 20m | Progress: 100/208 (Remaining: 108)
2025-11-21 06:06:20.383 - INFO - ✅ Cấu hình thành công CAPITALCOM:US100 (Khung thời gian: 20m)
2025-11-21 06:06:20.454 - INFO - Processed 546 records for CAPITALCOM:US100 20m
2025-11-21 06:06:20.455 - INFO - [HISTORICAL] OHLCV Data - CAPITALCOM:US100 (Timeframe: 20m) - 545 records
2025-11-21 06:06:20.455 - INFO - US100 M20 2025-11-21 05:00:00,000 O:24094.8 H:24132.3 L:24076.3 C:24107.4 V:3365
2025-11-21 06:06:20.456 - INFO - US100 M20 2025-11-21 05:20:00,000 O:24108.6 H:24119.5 L:24057.2 C:24067.6 V:3141
2025-11-21 06:06:20.456 - INFO - US100 M20 2025-11-21 05:40:00,000 O:24067.2 H:24080.8 L:24053.6 C:24067.1 V:2968
2025-11-21 06:06:20.477 - INFO - Converted 545/545 valid records for CAPITALCOM:US100
2025-11-21 06:06:20.516 - INFO - ✅ Successfully inserted 545 records for CAPITALCOM:US100 (timeframe: 20m) in 0.04s
2025-11-21 06:06:20.516 - INFO - ✅ Saved CAPITALCOM:US100 20m | Progress: 101/208 (Remaining: 107)
2025-11-21 06:06:20.588 - INFO - ✅ Cấu hình thành công CAPITALCOM:US30 (Khung thời gian: 20m)
2025-11-21 06:06:20.699 - INFO - Processed 546 records for CAPITALCOM:US30 20m
2025-11-21 06:06:20.699 - INFO - [HISTORICAL] OHLCV Data - CAPITALCOM:US30 (Timeframe: 20m) - 545 records
2025-11-21 06:06:20.699 - INFO - US30 M20 2025-11-21 05:00:00,000 O:45945.5 H:45982.8 L:45928.7 C:45964.6 V:2164
2025-11-21 06:06:20.699 - INFO - US30 M20 2025-11-21 05:20:00,000 O:45967.1 H:45979.3 L:45906.1 C:45917.3 V:1934
2025-11-21 06:06:20.699 - INFO - US30 M20 2025-11-21 05:40:00,000 O:45917.8 H:45928.1 L:45894.5 C:45905.7 V:1670
2025-11-21 06:06:20.708 - INFO - Converted 545/545 valid records for CAPITALCOM:US30
2025-11-21 06:06:20.745 - INFO - ✅ Successfully inserted 545 records for CAPITALCOM:US30 (timeframe: 20m) in 0.03s
2025-11-21 06:06:20.745 - INFO - ✅ Saved CAPITALCOM:US30 20m | Progress: 102/208 (Remaining: 106)
2025-11-21 06:06:20.789 - INFO - ✅ Cấu hình thành công CAPITALCOM:US500 (Khung thời gian: 20m)
2025-11-21 06:06:20.878 - INFO - Processed 546 records for CAPITALCOM:US500 20m
2025-11-21 06:06:20.878 - INFO - [HISTORICAL] OHLCV Data - CAPITALCOM:US500 (Timeframe: 20m) - 545 records
2025-11-21 06:06:20.878 - INFO - US500 M20 2025-11-21 05:00:00,000 O:6561.3 H:6567.5 L:6557.6 C:6563.7 V:1531
2025-11-21 06:06:20.878 - INFO - US500 M20 2025-11-21 05:20:00,000 O:6564 H:6565.6 L:6553 C:6554.8 V:1381
2025-11-21 06:06:20.878 - INFO - US500 M20 2025-11-21 05:40:00,000 O:6555 H:6557.6 L:6551.7 C:6553.8 V:1284
2025-11-21 06:06:20.892 - INFO - Converted 545/545 valid records for CAPITALCOM:US500
2025-11-21 06:06:20.931 - INFO - ✅ Successfully inserted 545 records for CAPITALCOM:US500 (timeframe: 20m) in 0.04s
2025-11-21 06:06:20.931 - INFO - ✅ Saved CAPITALCOM:US500 20m | Progress: 103/208 (Remaining: 105)
2025-11-21 06:06:20.993 - INFO - ✅ Cấu hình thành công CAPITALCOM:GOLD (Khung thời gian: 20m)
2025-11-21 06:06:20.993 - INFO - Completed timeframe 20m, waiting 4s...
2025-11-21 06:06:21.081 - INFO - Processed 546 records for CAPITALCOM:GOLD 20m
2025-11-21 06:06:21.082 - INFO - [HISTORICAL] OHLCV Data - CAPITALCOM:GOLD (Timeframe: 20m) - 545 records
2025-11-21 06:06:21.082 - INFO - GOLD M20 2025-11-21 05:00:00,000 O:4052.07 H:4057.22 L:4051.41 C:4055.98 V:4362
2025-11-21 06:06:21.082 - INFO - GOLD M20 2025-11-21 05:20:00,000 O:4056.04 H:4057.4 L:4049.51 C:4049.78 V:5367
2025-11-21 06:06:21.082 - INFO - GOLD M20 2025-11-21 05:40:00,000 O:4049.76 H:4059.66 L:4039.74 C:4058.56 V:8396
2025-11-21 06:06:21.094 - INFO - Converted 545/545 valid records for CAPITALCOM:GOLD
2025-11-21 06:06:21.133 - INFO - ✅ Successfully inserted 545 records for CAPITALCOM:GOLD (timeframe: 20m) in 0.04s
2025-11-21 06:06:21.133 - INFO - ✅ Saved CAPITALCOM:GOLD 20m | Progress: 104/208 (Remaining: 104)
2025-11-21 06:06:21.677 - INFO - Heartbeat received: ~m~4~m~~h~5
2025-11-21 06:06:21.678 - INFO - Echoed heartbeat: ~m~4~m~~h~5
2025-11-21 06:06:21.808 - INFO - WebSocket still active
2025-11-21 06:06:24.994 - INFO - Processing timeframe 30m...
2025-11-21 06:06:25.202 - INFO - ✅ Cấu hình thành công CAPITALCOM:BTCUSD (Khung thời gian: 30m)
2025-11-21 06:06:25.341 - INFO - Processed 546 records for CAPITALCOM:BTCUSD 30m
2025-11-21 06:06:25.342 - INFO - [HISTORICAL] OHLCV Data - CAPITALCOM:BTCUSD (Timeframe: 30m) - 545 records
2025-11-21 06:06:25.343 - INFO - BTCUSD M30 2025-11-21 04:30:00,000 O:85724.1 H:85975.9 L:85278.1 C:85922.65 V:25571
2025-11-21 06:06:25.343 - INFO - BTCUSD M30 2025-11-21 05:00:00,000 O:85922.3 H:86217.45 L:85838.35 C:86086.4 V:26339
2025-11-21 06:06:25.344 - INFO - BTCUSD M30 2025-11-21 05:30:00,000 O:86085.9 H:86170.3 L:85707.65 C:86051.55 V:20521
2025-11-21 06:06:25.356 - INFO - Converted 545/545 valid records for CAPITALCOM:BTCUSD
2025-11-21 06:06:25.380 - INFO - ✅ Successfully inserted 545 records for CAPITALCOM:BTCUSD (timeframe: 30m) in 0.02s
2025-11-21 06:06:25.380 - INFO - ✅ Saved CAPITALCOM:BTCUSD 30m | Progress: 105/208 (Remaining: 103)
2025-11-21 06:06:25.404 - INFO - ✅ Cấu hình thành công CAPITALCOM:AU200AU (Khung thời gian: 30m)
2025-11-21 06:06:25.606 - INFO - ✅ Cấu hình thành công BINANCE:BTCUSD (Khung thời gian: 30m)
2025-11-21 06:06:25.710 - INFO - Processed 546 records for CAPITALCOM:AU200AU 30m
2025-11-21 06:06:25.710 - INFO - [HISTORICAL] OHLCV Data - CAPITALCOM:AU200AU (Timeframe: 30m) - 545 records
2025-11-21 06:06:25.710 - INFO - AU200AU M30 2025-11-21 03:30:00,000 O:8433.1 H:8440.1 L:8429.1 C:8429.1 V:419
2025-11-21 06:06:25.711 - INFO - AU200AU M30 2025-11-21 04:00:00,000 O:8430.1 H:8430.1 L:8418.1 C:8423.1 V:434
2025-11-21 06:06:25.711 - INFO - AU200AU M30 2025-11-21 04:30:00,000 O:8422.1 H:8425.1 L:8412.1 C:8425.1 V:456
2025-11-21 06:06:25.719 - INFO - Converted 545/545 valid records for CAPITALCOM:AU200AU
2025-11-21 06:06:25.721 - INFO - Processed 546 records for BINANCE:BTCUSD 30m
2025-11-21 06:06:25.721 - INFO - [HISTORICAL] OHLCV Data - BINANCE:BTCUSD (Timeframe: 30m) - 545 records
2025-11-21 06:06:25.721 - INFO - BTCUSD M30 2025-11-21 04:30:00,000 O:85764.31 H:86035.83 L:85307.42 C:85975.88 V:8.78695
2025-11-21 06:06:25.721 - INFO - BTCUSD M30 2025-11-21 05:00:00,000 O:85956.14 H:86299.09 L:85870.25 C:86130.21 V:10.76696
2025-11-21 06:06:25.721 - INFO - BTCUSD M30 2025-11-21 05:30:00,000 O:86135.62 H:86213.44 L:85736.73 C:86107.44 V:8.49899
2025-11-21 06:06:25.729 - INFO - Converted 545/545 valid records for BINANCE:BTCUSD
2025-11-21 06:06:25.747 - INFO - ✅ Successfully inserted 545 records for CAPITALCOM:AU200AU (timeframe: 30m) in 0.02s
2025-11-21 06:06:25.747 - INFO - ✅ Saved CAPITALCOM:AU200AU 30m | Progress: 106/208 (Remaining: 102)
2025-11-21 06:06:25.754 - INFO - ✅ Successfully inserted 545 records for BINANCE:BTCUSD (timeframe: 30m) in 0.02s
2025-11-21 06:06:25.754 - INFO - ✅ Saved BINANCE:BTCUSD 30m | Progress: 107/208 (Remaining: 101)
2025-11-21 06:06:25.810 - INFO - ✅ Cấu hình thành công CAPITALCOM:DE40 (Khung thời gian: 30m)
2025-11-21 06:06:25.901 - INFO - Processed 546 records for CAPITALCOM:DE40 30m
2025-11-21 06:06:25.901 - INFO - [HISTORICAL] OHLCV Data - CAPITALCOM:DE40 (Timeframe: 30m) - 545 records
2025-11-21 06:06:25.901 - INFO - DE40 M30 2025-11-21 04:30:00,000 O:22961 H:22972 L:22930.4 C:22968.3 V:755
2025-11-21 06:06:25.901 - INFO - DE40 M30 2025-11-21 05:00:00,000 O:22967.8 H:22996.5 L:22964.2 C:22977.9 V:1024
2025-11-21 06:06:25.902 - INFO - DE40 M30 2025-11-21 05:30:00,000 O:22979.9 H:22987.1 L:22960.2 C:22976.7 V:711
2025-11-21 06:06:25.910 - INFO - Converted 545/545 valid records for CAPITALCOM:DE40
2025-11-21 06:06:25.927 - INFO - ✅ Successfully inserted 545 records for CAPITALCOM:DE40 (timeframe: 30m) in 0.01s
2025-11-21 06:06:25.927 - INFO - ✅ Saved CAPITALCOM:DE40 30m | Progress: 108/208 (Remaining: 100)
2025-11-21 06:06:26.012 - INFO - ✅ Cấu hình thành công CAPITALCOM:FR40 (Khung thời gian: 30m)
2025-11-21 06:06:26.179 - INFO - Processed 546 records for CAPITALCOM:FR40 30m
2025-11-21 06:06:26.180 - INFO - [HISTORICAL] OHLCV Data - CAPITALCOM:FR40 (Timeframe: 30m) - 545 records
2025-11-21 06:06:26.180 - INFO - FR40 M30 2025-11-21 04:30:00,000 O:7904.8 H:7906.7 L:7895.2 C:7906 V:294
2025-11-21 06:06:26.180 - INFO - FR40 M30 2025-11-21 05:00:00,000 O:7905.4 H:7913.1 L:7904.8 C:7907.3 V:333
2025-11-21 06:06:26.180 - INFO - FR40 M30 2025-11-21 05:30:00,000 O:7908 H:7909.9 L:7900.9 C:7904.8 V:308
2025-11-21 06:06:26.188 - INFO - Converted 545/545 valid records for CAPITALCOM:FR40
2025-11-21 06:06:26.209 - INFO - ✅ Successfully inserted 545 records for CAPITALCOM:FR40 (timeframe: 30m) in 0.02s
2025-11-21 06:06:26.209 - INFO - ✅ Saved CAPITALCOM:FR40 30m | Progress: 109/208 (Remaining: 99)
2025-11-21 06:06:26.215 - INFO - ✅ Cấu hình thành công CAPITALCOM:HK50 (Khung thời gian: 30m)
2025-11-21 06:06:26.304 - INFO - Processed 546 records for CAPITALCOM:HK50 30m
2025-11-21 06:06:26.305 - INFO - [HISTORICAL] OHLCV Data - CAPITALCOM:HK50 (Timeframe: 30m) - 545 records
2025-11-21 06:06:26.305 - INFO - HK50 M30 2025-11-21 04:30:00,000 O:25256.1 H:25265.1 L:25216.7 C:25264.5 V:2111
2025-11-21 06:06:26.305 - INFO - HK50 M30 2025-11-21 05:00:00,000 O:25266.9 H:25443.3 L:25261.9 C:25401.3 V:3542
2025-11-21 06:06:26.305 - INFO - HK50 M30 2025-11-21 05:30:00,000 O:25399.8 H:25457.6 L:25379.7 C:25395.8 V:3355
2025-11-21 06:06:26.318 - INFO - Converted 545/545 valid records for CAPITALCOM:HK50
2025-11-21 06:06:26.338 - INFO - ✅ Successfully inserted 545 records for CAPITALCOM:HK50 (timeframe: 30m) in 0.02s
2025-11-21 06:06:26.339 - INFO - ✅ Saved CAPITALCOM:HK50 30m | Progress: 110/208 (Remaining: 98)
2025-11-21 06:06:26.419 - INFO - ✅ Cấu hình thành công CAPITALCOM:J225 (Khung thời gian: 30m)
2025-11-21 06:06:26.546 - INFO - Processed 546 records for CAPITALCOM:J225 30m
2025-11-21 06:06:26.546 - INFO - [HISTORICAL] OHLCV Data - CAPITALCOM:J225 (Timeframe: 30m) - 545 records
2025-11-21 06:06:26.547 - INFO - J225 M30 2025-11-21 04:30:00,000 O:48686.5 H:48699.3 L:48491.4 C:48689.6 V:2744
2025-11-21 06:06:26.547 - INFO - J225 M30 2025-11-21 05:00:00,000 O:48679.6 H:48769.8 L:48647.1 C:48706.5 V:2758
2025-11-21 06:06:26.547 - INFO - J225 M30 2025-11-21 05:30:00,000 O:48704 H:48738.9 L:48613.7 C:48665.1 V:2284
2025-11-21 06:06:26.557 - INFO - Converted 545/545 valid records for CAPITALCOM:J225
2025-11-21 06:06:26.578 - INFO - ✅ Successfully inserted 545 records for CAPITALCOM:J225 (timeframe: 30m) in 0.02s
2025-11-21 06:06:26.578 - INFO - ✅ Saved CAPITALCOM:J225 30m | Progress: 111/208 (Remaining: 97)
2025-11-21 06:06:26.624 - INFO - ✅ Cấu hình thành công CAPITALCOM:SP35 (Khung thời gian: 30m)
2025-11-21 06:06:26.686 - INFO - Processed 546 records for CAPITALCOM:SP35 30m
2025-11-21 06:06:26.686 - INFO - [HISTORICAL] OHLCV Data - CAPITALCOM:SP35 (Timeframe: 30m) - 545 records
2025-11-21 06:06:26.686 - INFO - SP35 M30 2025-11-20 17:00:00,000 O:15880.4 H:15908.4 L:15831.4 C:15846.9 V:457
2025-11-21 06:06:26.686 - INFO - SP35 M30 2025-11-20 17:30:00,000 O:15853.9 H:15854.9 L:15801.9 C:15824.9 V:394
2025-11-21 06:06:26.686 - INFO - SP35 M30 2025-11-20 18:00:00,000 O:15821.4 H:15905.4 L:15818.9 C:15873.4 V:406
2025-11-21 06:06:26.696 - INFO - Converted 545/545 valid records for CAPITALCOM:SP35
2025-11-21 06:06:26.713 - INFO - ✅ Successfully inserted 545 records for CAPITALCOM:SP35 (timeframe: 30m) in 0.01s
2025-11-21 06:06:26.713 - INFO - ✅ Saved CAPITALCOM:SP35 30m | Progress: 112/208 (Remaining: 96)
2025-11-21 06:06:26.828 - INFO - ✅ Cấu hình thành công CAPITALCOM:UK100 (Khung thời gian: 30m)
2025-11-21 06:06:26.915 - INFO - Processed 546 records for CAPITALCOM:UK100 30m
2025-11-21 06:06:26.915 - INFO - [HISTORICAL] OHLCV Data - CAPITALCOM:UK100 (Timeframe: 30m) - 545 records
2025-11-21 06:06:26.916 - INFO - UK100 M30 2025-11-21 04:30:00,000 O:9448.4 H:9449.7 L:9438.6 C:9449.1 V:779
2025-11-21 06:06:26.916 - INFO - UK100 M30 2025-11-21 05:00:00,000 O:9448.6 H:9454.7 L:9446.9 C:9450.3 V:777
2025-11-21 06:06:26.916 - INFO - UK100 M30 2025-11-21 05:30:00,000 O:9450.5 H:9452.6 L:9444.8 C:9447.6 V:675
2025-11-21 06:06:26.927 - INFO - Converted 545/545 valid records for CAPITALCOM:UK100
2025-11-21 06:06:26.947 - INFO - ✅ Successfully inserted 545 records for CAPITALCOM:UK100 (timeframe: 30m) in 0.02s
2025-11-21 06:06:26.947 - INFO - ✅ Saved CAPITALCOM:UK100 30m | Progress: 113/208 (Remaining: 95)
2025-11-21 06:06:27.029 - INFO - ✅ Cấu hình thành công CAPITALCOM:US100 (Khung thời gian: 30m)
2025-11-21 06:06:27.117 - INFO - Processed 546 records for CAPITALCOM:US100 30m
2025-11-21 06:06:27.117 - INFO - [HISTORICAL] OHLCV Data - CAPITALCOM:US100 (Timeframe: 30m) - 545 records
2025-11-21 06:06:27.117 - INFO - US100 M30 2025-11-21 04:30:00,000 O:24077.7 H:24099.6 L:24022.8 C:24096.2 V:4830
2025-11-21 06:06:27.117 - INFO - US100 M30 2025-11-21 05:00:00,000 O:24094.8 H:24132.3 L:24076.3 C:24094 V:4883
2025-11-21 06:06:27.117 - INFO - US100 M30 2025-11-21 05:30:00,000 O:24093.8 H:24106 L:24053.6 C:24067.1 V:4591
2025-11-21 06:06:27.125 - INFO - Converted 545/545 valid records for CAPITALCOM:US100
2025-11-21 06:06:27.143 - INFO - ✅ Successfully inserted 545 records for CAPITALCOM:US100 (timeframe: 30m) in 0.02s
2025-11-21 06:06:27.143 - INFO - ✅ Saved CAPITALCOM:US100 30m | Progress: 114/208 (Remaining: 94)
2025-11-21 06:06:27.232 - INFO - ✅ Cấu hình thành công CAPITALCOM:US30 (Khung thời gian: 30m)
2025-11-21 06:06:27.347 - INFO - Processed 546 records for CAPITALCOM:US30 30m
2025-11-21 06:06:27.347 - INFO - [HISTORICAL] OHLCV Data - CAPITALCOM:US30 (Timeframe: 30m) - 545 records
2025-11-21 06:06:27.347 - INFO - US30 M30 2025-11-21 04:30:00,000 O:45934.5 H:45951.9 L:45875.5 C:45947.5 V:2875
2025-11-21 06:06:27.347 - INFO - US30 M30 2025-11-21 05:00:00,000 O:45945.5 H:45982.8 L:45928.7 C:45953.1 V:3018
2025-11-21 06:06:27.347 - INFO - US30 M30 2025-11-21 05:30:00,000 O:45952.6 H:45962.7 L:45894.5 C:45905.7 V:2750
2025-11-21 06:06:27.355 - INFO - Converted 545/545 valid records for CAPITALCOM:US30
2025-11-21 06:06:27.372 - INFO - ✅ Successfully inserted 545 records for CAPITALCOM:US30 (timeframe: 30m) in 0.01s
2025-11-21 06:06:27.372 - INFO - ✅ Saved CAPITALCOM:US30 30m | Progress: 115/208 (Remaining: 93)
2025-11-21 06:06:27.435 - INFO - ✅ Cấu hình thành công CAPITALCOM:US500 (Khung thời gian: 30m)
2025-11-21 06:06:27.522 - INFO - Processed 546 records for CAPITALCOM:US500 30m
2025-11-21 06:06:27.523 - INFO - [HISTORICAL] OHLCV Data - CAPITALCOM:US500 (Timeframe: 30m) - 545 records
2025-11-21 06:06:27.523 - INFO - US500 M30 2025-11-21 04:30:00,000 O:6560.2 H:6562 L:6547.8 C:6561.8 V:2043
2025-11-21 06:06:27.523 - INFO - US500 M30 2025-11-21 05:00:00,000 O:6561.3 H:6567.5 L:6557.6 C:6560.9 V:2161
2025-11-21 06:06:27.523 - INFO - US500 M30 2025-11-21 05:30:00,000 O:6560.8 H:6562.7 L:6551.7 C:6553.8 V:2035
2025-11-21 06:06:27.532 - INFO - Converted 545/545 valid records for CAPITALCOM:US500
2025-11-21 06:06:27.550 - INFO - ✅ Successfully inserted 545 records for CAPITALCOM:US500 (timeframe: 30m) in 0.01s
2025-11-21 06:06:27.550 - INFO - ✅ Saved CAPITALCOM:US500 30m | Progress: 116/208 (Remaining: 92)
2025-11-21 06:06:27.638 - INFO - ✅ Cấu hình thành công CAPITALCOM:GOLD (Khung thời gian: 30m)
2025-11-21 06:06:27.639 - INFO - Completed timeframe 30m, waiting 4s...
2025-11-21 06:06:27.749 - INFO - Processed 546 records for CAPITALCOM:GOLD 30m
2025-11-21 06:06:27.750 - INFO - [HISTORICAL] OHLCV Data - CAPITALCOM:GOLD (Timeframe: 30m) - 545 records
2025-11-21 06:06:27.750 - INFO - GOLD M30 2025-11-21 04:30:00,000 O:4059.78 H:4060.44 L:4047.7 C:4052.06 V:6031
2025-11-21 06:06:27.750 - INFO - GOLD M30 2025-11-21 05:00:00,000 O:4052.07 H:4057.22 L:4051.41 C:4052.78 V:6373
2025-11-21 06:06:27.750 - INFO - GOLD M30 2025-11-21 05:30:00,000 O:4052.71 H:4059.66 L:4039.74 C:4058.56 V:11752
2025-11-21 06:06:27.758 - INFO - Converted 545/545 valid records for CAPITALCOM:GOLD
2025-11-21 06:06:27.777 - INFO - ✅ Successfully inserted 545 records for CAPITALCOM:GOLD (timeframe: 30m) in 0.02s
2025-11-21 06:06:27.777 - INFO - ✅ Saved CAPITALCOM:GOLD 30m | Progress: 117/208 (Remaining: 91)
2025-11-21 06:06:31.647 - INFO - Processing timeframe 45m...
2025-11-21 06:06:31.694 - INFO - Heartbeat received: ~m~4~m~~h~6
2025-11-21 06:06:31.694 - INFO - Echoed heartbeat: ~m~4~m~~h~6
2025-11-21 06:06:31.839 - INFO - WebSocket still active
2025-11-21 06:06:31.851 - INFO - ✅ Cấu hình thành công CAPITALCOM:BTCUSD (Khung thời gian: 45m)
2025-11-21 06:06:31.919 - INFO - Processed 546 records for CAPITALCOM:BTCUSD 45m
2025-11-21 06:06:31.919 - INFO - [HISTORICAL] OHLCV Data - CAPITALCOM:BTCUSD (Timeframe: 45m) - 545 records
2025-11-21 06:06:31.919 - INFO - BTCUSD M45 2025-11-21 03:15:00,000 O:85657.9 H:85991.65 L:85319.6 C:85706.75 V:44238
2025-11-21 06:06:31.919 - INFO - BTCUSD M45 2025-11-21 04:00:00,000 O:85708.9 H:85856.65 L:85278.1 C:85764.45 V:36693
2025-11-21 06:06:31.919 - INFO - BTCUSD M45 2025-11-21 04:45:00,000 O:85765.1 H:86217.45 L:85589.9 C:86086.4 V:38244
2025-11-21 06:06:31.927 - INFO - Converted 545/545 valid records for CAPITALCOM:BTCUSD
2025-11-21 06:06:31.950 - INFO - ✅ Successfully inserted 545 records for CAPITALCOM:BTCUSD (timeframe: 45m) in 0.02s
2025-11-21 06:06:31.950 - INFO - ✅ Saved CAPITALCOM:BTCUSD 45m | Progress: 118/208 (Remaining: 90)
2025-11-21 06:06:32.055 - INFO - ✅ Cấu hình thành công CAPITALCOM:AU200AU (Khung thời gian: 45m)
2025-11-21 06:06:32.258 - INFO - ✅ Cấu hình thành công BINANCE:BTCUSD (Khung thời gian: 45m)
2025-11-21 06:06:32.379 - INFO - Processed 546 records for CAPITALCOM:AU200AU 45m
2025-11-21 06:06:32.380 - INFO - [HISTORICAL] OHLCV Data - CAPITALCOM:AU200AU (Timeframe: 45m) - 545 records
2025-11-21 06:06:32.380 - INFO - AU200AU M45 2025-11-21 03:00:00,000 O:8429.1 H:8440.1 L:8421.1 C:8434.1 V:587
2025-11-21 06:06:32.380 - INFO - AU200AU M45 2025-11-21 03:45:00,000 O:8435.1 H:8436.1 L:8418.1 C:8423.1 V:635
2025-11-21 06:06:32.380 - INFO - AU200AU M45 2025-11-21 04:30:00,000 O:8422.1 H:8428.1 L:8412.1 C:8423.1 V:780
2025-11-21 06:06:32.389 - INFO - Converted 545/545 valid records for CAPITALCOM:AU200AU
2025-11-21 06:06:32.392 - INFO - Processed 546 records for BINANCE:BTCUSD 45m
2025-11-21 06:06:32.392 - INFO - [HISTORICAL] OHLCV Data - BINANCE:BTCUSD (Timeframe: 45m) - 545 records
2025-11-21 06:06:32.393 - INFO - BTCUSD M45 2025-11-21 03:45:00,000 O:85965.41 H:86028.54 L:85520.24 C:85749.97 V:7.23278
2025-11-21 06:06:32.393 - INFO - BTCUSD M45 2025-11-21 04:30:00,000 O:85764.31 H:86160.22 L:85307.42 C:86133.03 V:14.24728
2025-11-21 06:06:32.393 - INFO - BTCUSD M45 2025-11-21 05:15:00,000 O:86099.14 H:86299.09 L:85736.73 C:86107.44 V:13.80562
2025-11-21 06:06:32.402 - INFO - Converted 545/545 valid records for BINANCE:BTCUSD
2025-11-21 06:06:32.420 - INFO - ✅ Successfully inserted 545 records for CAPITALCOM:AU200AU (timeframe: 45m) in 0.02s
2025-11-21 06:06:32.420 - INFO - ✅ Saved CAPITALCOM:AU200AU 45m | Progress: 119/208 (Remaining: 89)
2025-11-21 06:06:32.427 - INFO - ✅ Successfully inserted 545 records for BINANCE:BTCUSD (timeframe: 45m) in 0.02s
2025-11-21 06:06:32.427 - INFO - ✅ Saved BINANCE:BTCUSD 45m | Progress: 120/208 (Remaining: 88)
2025-11-21 06:06:32.458 - INFO - ✅ Cấu hình thành công CAPITALCOM:DE40 (Khung thời gian: 45m)
2025-11-21 06:06:32.547 - INFO - Processed 546 records for CAPITALCOM:DE40 45m
2025-11-21 06:06:32.547 - INFO - [HISTORICAL] OHLCV Data - CAPITALCOM:DE40 (Timeframe: 45m) - 545 records
2025-11-21 06:06:32.547 - INFO - DE40 M45 2025-11-21 03:15:00,000 O:22995.5 H:23029.8 L:22983 C:22983 V:1125
2025-11-21 06:06:32.547 - INFO - DE40 M45 2025-11-21 04:00:00,000 O:22982.4 H:22987.4 L:22930.4 C:22937.9 V:1264
2025-11-21 06:06:32.548 - INFO - DE40 M45 2025-11-21 04:45:00,000 O:22938.4 H:22996.5 L:22936.2 C:22977.9 V:1350
2025-11-21 06:06:32.557 - INFO - Converted 545/545 valid records for CAPITALCOM:DE40
2025-11-21 06:06:32.573 - INFO - ✅ Successfully inserted 545 records for CAPITALCOM:DE40 (timeframe: 45m) in 0.01s
2025-11-21 06:06:32.573 - INFO - ✅ Saved CAPITALCOM:DE40 45m | Progress: 121/208 (Remaining: 87)
2025-11-21 06:06:32.661 - INFO - ✅ Cấu hình thành công CAPITALCOM:FR40 (Khung thời gian: 45m)
2025-11-21 06:06:32.766 - INFO - Processed 546 records for CAPITALCOM:FR40 45m
2025-11-21 06:06:32.766 - INFO - [HISTORICAL] OHLCV Data - CAPITALCOM:FR40 (Timeframe: 45m) - 545 records
2025-11-21 06:06:32.766 - INFO - FR40 M45 2025-11-21 03:45:00,000 O:7915.7 H:7916.3 L:7898.4 C:7906 V:466
2025-11-21 06:06:32.766 - INFO - FR40 M45 2025-11-21 04:30:00,000 O:7904.8 H:7912.5 L:7895.2 C:7911.2 V:531
2025-11-21 06:06:32.766 - INFO - FR40 M45 2025-11-21 05:15:00,000 O:7911.8 H:7913.1 L:7900.9 C:7904.8 V:404
2025-11-21 06:06:32.774 - INFO - Converted 545/545 valid records for CAPITALCOM:FR40
2025-11-21 06:06:32.792 - INFO - ✅ Successfully inserted 545 records for CAPITALCOM:FR40 (timeframe: 45m) in 0.01s
2025-11-21 06:06:32.792 - INFO - ✅ Saved CAPITALCOM:FR40 45m | Progress: 122/208 (Remaining: 86)
2025-11-21 06:06:32.863 - INFO - ✅ Cấu hình thành công CAPITALCOM:HK50 (Khung thời gian: 45m)
2025-11-21 06:06:32.991 - INFO - Processed 546 records for CAPITALCOM:HK50 45m
2025-11-21 06:06:32.992 - INFO - [HISTORICAL] OHLCV Data - CAPITALCOM:HK50 (Timeframe: 45m) - 545 records
2025-11-21 06:06:32.992 - INFO - HK50 M45 2025-11-21 03:15:00,000 O:25213.1 H:25304.3 L:25198.4 C:25284.8 V:4441
2025-11-21 06:06:32.992 - INFO - HK50 M45 2025-11-21 04:00:00,000 O:25272.7 H:25277.4 L:25216.7 C:25218.8 V:3177
2025-11-21 06:06:32.992 - INFO - HK50 M45 2025-11-21 04:45:00,000 O:25218.6 H:25443.3 L:25218.6 C:25401.3 V:4558
2025-11-21 06:06:33.004 - INFO - Converted 545/545 valid records for CAPITALCOM:HK50
2025-11-21 06:06:33.021 - INFO - ✅ Successfully inserted 545 records for CAPITALCOM:HK50 (timeframe: 45m) in 0.01s
2025-11-21 06:06:33.021 - INFO - ✅ Saved CAPITALCOM:HK50 45m | Progress: 123/208 (Remaining: 85)
2025-11-21 06:06:33.065 - INFO - ✅ Cấu hình thành công CAPITALCOM:J225 (Khung thời gian: 45m)
2025-11-21 06:06:33.141 - INFO - Processed 546 records for CAPITALCOM:J225 45m
2025-11-21 06:06:33.141 - INFO - [HISTORICAL] OHLCV Data - CAPITALCOM:J225 (Timeframe: 45m) - 545 records
2025-11-21 06:06:33.141 - INFO - J225 M45 2025-11-21 03:15:00,000 O:48732 H:48896.4 L:48598.7 C:48644.5 V:4314
2025-11-21 06:06:33.141 - INFO - J225 M45 2025-11-21 04:00:00,000 O:48643.9 H:48699.3 L:48548.7 C:48571.3 V:4145
2025-11-21 06:06:33.141 - INFO - J225 M45 2025-11-21 04:45:00,000 O:48570.8 H:48769.8 L:48491.4 C:48706.5 V:4136
2025-11-21 06:06:33.150 - INFO - Converted 545/545 valid records for CAPITALCOM:J225
2025-11-21 06:06:33.166 - INFO - ✅ Successfully inserted 545 records for CAPITALCOM:J225 (timeframe: 45m) in 0.01s
2025-11-21 06:06:33.166 - INFO - ✅ Saved CAPITALCOM:J225 45m | Progress: 124/208 (Remaining: 84)
2025-11-21 06:06:33.269 - INFO - ✅ Cấu hình thành công CAPITALCOM:SP35 (Khung thời gian: 45m)
2025-11-21 06:06:33.384 - INFO - Processed 546 records for CAPITALCOM:SP35 45m
2025-11-21 06:06:33.384 - INFO - [HISTORICAL] OHLCV Data - CAPITALCOM:SP35 (Timeframe: 45m) - 545 records
2025-11-21 06:06:33.384 - INFO - SP35 M45 2025-11-20 16:00:00,000 O:16065.1 H:16068.1 L:15950.9 C:15952.9 V:1450
2025-11-21 06:06:33.384 - INFO - SP35 M45 2025-11-20 16:45:00,000 O:15952.4 H:15953.4 L:15831.4 C:15846.9 V:691
2025-11-21 06:06:33.384 - INFO - SP35 M45 2025-11-20 17:30:00,000 O:15853.9 H:15903.4 L:15801.9 C:15902.9 V:730
2025-11-21 06:06:33.396 - INFO - Converted 545/545 valid records for CAPITALCOM:SP35
2025-11-21 06:06:33.413 - INFO - ✅ Successfully inserted 545 records for CAPITALCOM:SP35 (timeframe: 45m) in 0.01s
2025-11-21 06:06:33.413 - INFO - ✅ Saved CAPITALCOM:SP35 45m | Progress: 125/208 (Remaining: 83)
2025-11-21 06:06:33.472 - INFO - ✅ Cấu hình thành công CAPITALCOM:UK100 (Khung thời gian: 45m)
2025-11-21 06:06:33.558 - INFO - Processed 546 records for CAPITALCOM:UK100 45m
2025-11-21 06:06:33.559 - INFO - [HISTORICAL] OHLCV Data - CAPITALCOM:UK100 (Timeframe: 45m) - 545 records
2025-11-21 06:06:33.559 - INFO - UK100 M45 2025-11-21 03:15:00,000 O:9454.3 H:9461 L:9450.9 C:9451 V:1001
2025-11-21 06:06:33.559 - INFO - UK100 M45 2025-11-21 04:00:00,000 O:9451.3 H:9452.3 L:9439.9 C:9442.2 V:1082
2025-11-21 06:06:33.559 - INFO - UK100 M45 2025-11-21 04:45:00,000 O:9442.4 H:9454.7 L:9438.6 C:9450.3 V:1175
2025-11-21 06:06:33.566 - INFO - Converted 545/545 valid records for CAPITALCOM:UK100
2025-11-21 06:06:33.584 - INFO - ✅ Successfully inserted 545 records for CAPITALCOM:UK100 (timeframe: 45m) in 0.01s
2025-11-21 06:06:33.584 - INFO - ✅ Saved CAPITALCOM:UK100 45m | Progress: 126/208 (Remaining: 82)
2025-11-21 06:06:33.674 - INFO - ✅ Cấu hình thành công CAPITALCOM:US100 (Khung thời gian: 45m)
2025-11-21 06:06:33.776 - INFO - Processed 546 records for CAPITALCOM:US100 45m
2025-11-21 06:06:33.776 - INFO - [HISTORICAL] OHLCV Data - CAPITALCOM:US100 (Timeframe: 45m) - 545 records
2025-11-21 06:06:33.776 - INFO - US100 M45 2025-11-21 03:15:00,000 O:24109.1 H:24160.3 L:24088.7 C:24117.4 V:6886
2025-11-21 06:06:33.776 - INFO - US100 M45 2025-11-21 04:00:00,000 O:24118.1 H:24128.3 L:24022.8 C:24050 V:7049
2025-11-21 06:06:33.776 - INFO - US100 M45 2025-11-21 04:45:00,000 O:24050.3 H:24132.3 L:24031.3 C:24094 V:7253
2025-11-21 06:06:33.787 - INFO - Converted 545/545 valid records for CAPITALCOM:US100
2025-11-21 06:06:33.804 - INFO - ✅ Successfully inserted 545 records for CAPITALCOM:US100 (timeframe: 45m) in 0.01s
2025-11-21 06:06:33.804 - INFO - ✅ Saved CAPITALCOM:US100 45m | Progress: 127/208 (Remaining: 81)
2025-11-21 06:06:33.876 - INFO - ✅ Cấu hình thành công CAPITALCOM:US30 (Khung thời gian: 45m)
2025-11-21 06:06:34.000 - INFO - Processed 546 records for CAPITALCOM:US30 45m
2025-11-21 06:06:34.001 - INFO - [HISTORICAL] OHLCV Data - CAPITALCOM:US30 (Timeframe: 45m) - 545 records
2025-11-21 06:06:34.002 - INFO - US30 M45 2025-11-21 03:15:00,000 O:45973.1 H:46021.9 L:45939.1 C:45953.4 V:3991
2025-11-21 06:06:34.002 - INFO - US30 M45 2025-11-21 04:00:00,000 O:45953.9 H:45962 L:45875.5 C:45891.6 V:4147
2025-11-21 06:06:34.003 - INFO - US30 M45 2025-11-21 04:45:00,000 O:45890.6 H:45982.8 L:45886.1 C:45953.1 V:4459
2025-11-21 06:06:34.017 - INFO - Converted 545/545 valid records for CAPITALCOM:US30
2025-11-21 06:06:34.034 - INFO - ✅ Successfully inserted 545 records for CAPITALCOM:US30 (timeframe: 45m) in 0.01s
2025-11-21 06:06:34.034 - INFO - ✅ Saved CAPITALCOM:US30 45m | Progress: 128/208 (Remaining: 80)
2025-11-21 06:06:34.078 - INFO - ✅ Cấu hình thành công CAPITALCOM:US500 (Khung thời gian: 45m)
2025-11-21 06:06:34.166 - INFO - Processed 546 records for CAPITALCOM:US500 45m
2025-11-21 06:06:34.166 - INFO - [HISTORICAL] OHLCV Data - CAPITALCOM:US500 (Timeframe: 45m) - 545 records
2025-11-21 06:06:34.166 - INFO - US500 M45 2025-11-21 03:15:00,000 O:6565.1 H:6575.7 L:6562 C:6566.4 V:2957
2025-11-21 06:06:34.166 - INFO - US500 M45 2025-11-21 04:00:00,000 O:6566.2 H:6567.9 L:6547.8 C:6552.8 V:3053
2025-11-21 06:06:34.166 - INFO - US500 M45 2025-11-21 04:45:00,000 O:6552.7 H:6567.5 L:6550.2 C:6560.9 V:3154
2025-11-21 06:06:34.177 - INFO - Converted 545/545 valid records for CAPITALCOM:US500
2025-11-21 06:06:34.193 - INFO - ✅ Successfully inserted 545 records for CAPITALCOM:US500 (timeframe: 45m) in 0.01s
2025-11-21 06:06:34.194 - INFO - ✅ Saved CAPITALCOM:US500 45m | Progress: 129/208 (Remaining: 79)
2025-11-21 06:06:34.281 - INFO - ✅ Cấu hình thành công CAPITALCOM:GOLD (Khung thời gian: 45m)
2025-11-21 06:06:34.282 - INFO - Completed timeframe 45m, waiting 4s...
2025-11-21 06:06:34.394 - INFO - Processed 546 records for CAPITALCOM:GOLD 45m
2025-11-21 06:06:34.395 - INFO - [HISTORICAL] OHLCV Data - CAPITALCOM:GOLD (Timeframe: 45m) - 545 records
2025-11-21 06:06:34.395 - INFO - GOLD M45 2025-11-21 03:30:00,000 O:4052.4 H:4062.32 L:4050.63 C:4055.18 V:10815
2025-11-21 06:06:34.396 - INFO - GOLD M45 2025-11-21 04:15:00,000 O:4055.17 H:4060.57 L:4047.7 C:4052.06 V:9409
2025-11-21 06:06:34.396 - INFO - GOLD M45 2025-11-21 05:00:00,000 O:4052.07 H:4057.4 L:4047.89 C:4048.67 V:11400
2025-11-21 06:06:34.412 - INFO - Converted 545/545 valid records for CAPITALCOM:GOLD
2025-11-21 06:06:34.430 - INFO - ✅ Successfully inserted 545 records for CAPITALCOM:GOLD (timeframe: 45m) in 0.01s
2025-11-21 06:06:34.430 - INFO - ✅ Saved CAPITALCOM:GOLD 45m | Progress: 130/208 (Remaining: 78)
2025-11-21 06:06:38.283 - INFO - Processing timeframe 60m...
2025-11-21 06:06:38.493 - INFO - ✅ Cấu hình thành công CAPITALCOM:BTCUSD (Khung thời gian: 60m)
2025-11-21 06:06:38.563 - INFO - Processed 546 records for CAPITALCOM:BTCUSD 60m
2025-11-21 06:06:38.564 - INFO - [HISTORICAL] OHLCV Data - CAPITALCOM:BTCUSD (Timeframe: 60m) - 545 records
2025-11-21 06:06:38.564 - INFO - BTCUSD H1 2025-11-21 03:00:00,000 O:85329.8 H:85991.65 L:85310.4 C:85706.75 V:58918
2025-11-21 06:06:38.564 - INFO - BTCUSD H1 2025-11-21 04:00:00,000 O:85708.9 H:85975.9 L:85278.1 C:85922.65 V:48598
2025-11-21 06:06:38.564 - INFO - BTCUSD H1 2025-11-21 05:00:00,000 O:85922.3 H:86217.45 L:85707.65 C:86051.55 V:46860
2025-11-21 06:06:38.572 - INFO - Converted 545/545 valid records for CAPITALCOM:BTCUSD
2025-11-21 06:06:38.595 - INFO - ✅ Successfully inserted 545 records for CAPITALCOM:BTCUSD (timeframe: 60m) in 0.02s
2025-11-21 06:06:38.595 - INFO - ✅ Saved CAPITALCOM:BTCUSD 60m | Progress: 131/208 (Remaining: 77)
2025-11-21 06:06:38.698 - INFO - ✅ Cấu hình thành công CAPITALCOM:AU200AU (Khung thời gian: 60m)
2025-11-21 06:06:38.902 - INFO - ✅ Cấu hình thành công BINANCE:BTCUSD (Khung thời gian: 60m)
2025-11-21 06:06:38.930 - INFO - Processed 546 records for CAPITALCOM:AU200AU 60m
2025-11-21 06:06:38.930 - INFO - [HISTORICAL] OHLCV Data - CAPITALCOM:AU200AU (Timeframe: 60m) - 545 records
2025-11-21 06:06:38.931 - INFO - AU200AU H1 2025-11-21 01:30:00,000 O:8434.1 H:8439.1 L:8423.1 C:8426.1 V:1120
2025-11-21 06:06:38.931 - INFO - AU200AU H1 2025-11-21 02:30:00,000 O:8425.1 H:8434.1 L:8421.1 C:8432.1 V:825
2025-11-21 06:06:38.931 - INFO - AU200AU H1 2025-11-21 03:30:00,000 O:8433.1 H:8440.1 L:8418.1 C:8423.1 V:853
2025-11-21 06:06:38.938 - INFO - Converted 545/545 valid records for CAPITALCOM:AU200AU
2025-11-21 06:06:38.957 - INFO - ✅ Successfully inserted 545 records for CAPITALCOM:AU200AU (timeframe: 60m) in 0.02s
2025-11-21 06:06:38.957 - INFO - ✅ Saved CAPITALCOM:AU200AU 60m | Progress: 132/208 (Remaining: 76)
2025-11-21 06:06:38.989 - INFO - Processed 546 records for BINANCE:BTCUSD 60m
2025-11-21 06:06:38.989 - INFO - [HISTORICAL] OHLCV Data - BINANCE:BTCUSD (Timeframe: 60m) - 545 records
2025-11-21 06:06:38.989 - INFO - BTCUSD H1 2025-11-21 03:00:00,000 O:85355.58 H:86034.03 L:85355.58 C:85729.58 V:16.39884
2025-11-21 06:06:38.989 - INFO - BTCUSD H1 2025-11-21 04:00:00,000 O:85718.39 H:86035.83 L:85307.42 C:85975.88 V:13.38639
2025-11-21 06:06:38.990 - INFO - BTCUSD H1 2025-11-21 05:00:00,000 O:85956.14 H:86299.09 L:85736.73 C:86107.44 V:19.26595
2025-11-21 06:06:38.998 - INFO - Converted 545/545 valid records for BINANCE:BTCUSD
2025-11-21 06:06:39.021 - INFO - ✅ Successfully inserted 545 records for BINANCE:BTCUSD (timeframe: 60m) in 0.02s
2025-11-21 06:06:39.022 - INFO - ✅ Saved BINANCE:BTCUSD 60m | Progress: 133/208 (Remaining: 75)
2025-11-21 06:06:39.107 - INFO - ✅ Cấu hình thành công CAPITALCOM:DE40 (Khung thời gian: 60m)
2025-11-21 06:06:39.235 - INFO - Processed 546 records for CAPITALCOM:DE40 60m
2025-11-21 06:06:39.235 - INFO - [HISTORICAL] OHLCV Data - CAPITALCOM:DE40 (Timeframe: 60m) - 545 records
2025-11-21 06:06:39.235 - INFO - DE40 H1 2025-11-21 03:00:00,000 O:22995.5 H:23029.8 L:22983 C:22983 V:1442
2025-11-21 06:06:39.235 - INFO - DE40 H1 2025-11-21 04:00:00,000 O:22982.4 H:22987.4 L:22930.4 C:22968.3 V:1590
2025-11-21 06:06:39.236 - INFO - DE40 H1 2025-11-21 05:00:00,000 O:22967.8 H:22996.5 L:22960.2 C:22976.7 V:1735
2025-11-21 06:06:39.245 - INFO - Converted 545/545 valid records for CAPITALCOM:DE40
2025-11-21 06:06:39.262 - INFO - ✅ Successfully inserted 545 records for CAPITALCOM:DE40 (timeframe: 60m) in 0.01s
2025-11-21 06:06:39.262 - INFO - ✅ Saved CAPITALCOM:DE40 60m | Progress: 134/208 (Remaining: 74)
2025-11-21 06:06:39.308 - INFO - ✅ Cấu hình thành công CAPITALCOM:FR40 (Khung thời gian: 60m)
2025-11-21 06:06:39.412 - INFO - Processed 546 records for CAPITALCOM:FR40 60m
2025-11-21 06:06:39.412 - INFO - [HISTORICAL] OHLCV Data - CAPITALCOM:FR40 (Timeframe: 60m) - 545 records
2025-11-21 06:06:39.412 - INFO - FR40 H1 2025-11-21 03:00:00,000 O:7913.1 H:7922.7 L:7908.6 C:7908.6 V:527
2025-11-21 06:06:39.412 - INFO - FR40 H1 2025-11-21 04:00:00,000 O:7909.3 H:7909.9 L:7895.2 C:7906 V:611
2025-11-21 06:06:39.412 - INFO - FR40 H1 2025-11-21 05:00:00,000 O:7905.4 H:7913.1 L:7900.9 C:7904.8 V:641
2025-11-21 06:06:39.422 - INFO - Converted 545/545 valid records for CAPITALCOM:FR40
2025-11-21 06:06:39.437 - INFO - ✅ Successfully inserted 545 records for CAPITALCOM:FR40 (timeframe: 60m) in 0.01s
2025-11-21 06:06:39.437 - INFO - ✅ Saved CAPITALCOM:FR40 60m | Progress: 135/208 (Remaining: 73)
2025-11-21 06:06:39.513 - INFO - ✅ Cấu hình thành công CAPITALCOM:HK50 (Khung thời gian: 60m)
2025-11-21 06:06:39.652 - INFO - Processed 546 records for CAPITALCOM:HK50 60m
2025-11-21 06:06:39.652 - INFO - [HISTORICAL] OHLCV Data - CAPITALCOM:HK50 (Timeframe: 60m) - 545 records
2025-11-21 06:06:39.652 - INFO - HK50 H1 2025-11-21 03:00:00,000 O:25215 H:25304.3 L:25195.9 C:25284.8 V:6253
2025-11-21 06:06:39.652 - INFO - HK50 H1 2025-11-21 04:00:00,000 O:25272.7 H:25277.4 L:25216.7 C:25264.5 V:4193
2025-11-21 06:06:39.652 - INFO - HK50 H1 2025-11-21 05:00:00,000 O:25266.9 H:25457.6 L:25261.9 C:25395.8 V:6897
2025-11-21 06:06:39.661 - INFO - Converted 545/545 valid records for CAPITALCOM:HK50
2025-11-21 06:06:39.676 - INFO - ✅ Successfully inserted 545 records for CAPITALCOM:HK50 (timeframe: 60m) in 0.01s
2025-11-21 06:06:39.677 - INFO - ✅ Saved CAPITALCOM:HK50 60m | Progress: 136/208 (Remaining: 72)
2025-11-21 06:06:39.715 - INFO - ✅ Cấu hình thành công CAPITALCOM:J225 (Khung thời gian: 60m)
2025-11-21 06:06:39.769 - INFO - Processed 546 records for CAPITALCOM:J225 60m
2025-11-21 06:06:39.769 - INFO - [HISTORICAL] OHLCV Data - CAPITALCOM:J225 (Timeframe: 60m) - 545 records
2025-11-21 06:06:39.769 - INFO - J225 H1 2025-11-21 03:00:00,000 O:48677.9 H:48896.4 L:48598.7 C:48644.5 V:5502
2025-11-21 06:06:39.769 - INFO - J225 H1 2025-11-21 04:00:00,000 O:48643.9 H:48699.3 L:48491.4 C:48689.6 V:5523
2025-11-21 06:06:39.769 - INFO - J225 H1 2025-11-21 05:00:00,000 O:48679.6 H:48769.8 L:48613.7 C:48665.1 V:5042
2025-11-21 06:06:39.779 - INFO - Converted 545/545 valid records for CAPITALCOM:J225
2025-11-21 06:06:39.795 - INFO - ✅ Successfully inserted 545 records for CAPITALCOM:J225 (timeframe: 60m) in 0.01s
2025-11-21 06:06:39.796 - INFO - ✅ Saved CAPITALCOM:J225 60m | Progress: 137/208 (Remaining: 71)
2025-11-21 06:06:39.917 - INFO - ✅ Cấu hình thành công CAPITALCOM:SP35 (Khung thời gian: 60m)
2025-11-21 06:06:40.004 - INFO - Processed 546 records for CAPITALCOM:SP35 60m
2025-11-21 06:06:40.004 - INFO - [HISTORICAL] OHLCV Data - CAPITALCOM:SP35 (Timeframe: 60m) - 545 records
2025-11-21 06:06:40.005 - INFO - SP35 H1 2025-11-20 15:00:00,000 O:16108.3 H:16121.2 L:16063.8 C:16063.8 V:1499
2025-11-21 06:06:40.005 - INFO - SP35 H1 2025-11-20 16:00:00,000 O:16065.1 H:16068.1 L:15872.9 C:15872.9 V:1684
2025-11-21 06:06:40.005 - INFO - SP35 H1 2025-11-20 17:00:00,000 O:15880.4 H:15908.4 L:15801.9 C:15824.9 V:851
2025-11-21 06:06:40.015 - INFO - Converted 545/545 valid records for CAPITALCOM:SP35
2025-11-21 06:06:40.034 - INFO - ✅ Successfully inserted 545 records for CAPITALCOM:SP35 (timeframe: 60m) in 0.01s
2025-11-21 06:06:40.034 - INFO - ✅ Saved CAPITALCOM:SP35 60m | Progress: 138/208 (Remaining: 70)
2025-11-21 06:06:40.122 - INFO - ✅ Cấu hình thành công CAPITALCOM:UK100 (Khung thời gian: 60m)
2025-11-21 06:06:40.211 - INFO - Processed 546 records for CAPITALCOM:UK100 60m
2025-11-21 06:06:40.211 - INFO - [HISTORICAL] OHLCV Data - CAPITALCOM:UK100 (Timeframe: 60m) - 545 records
2025-11-21 06:06:40.211 - INFO - UK100 H1 2025-11-21 03:00:00,000 O:9453.8 H:9461 L:9450.9 C:9451 V:1347
2025-11-21 06:06:40.211 - INFO - UK100 H1 2025-11-21 04:00:00,000 O:9451.3 H:9452.3 L:9438.6 C:9449.1 V:1480
2025-11-21 06:06:40.211 - INFO - UK100 H1 2025-11-21 05:00:00,000 O:9448.6 H:9454.7 L:9444.8 C:9447.6 V:1452
2025-11-21 06:06:40.220 - INFO - Converted 545/545 valid records for CAPITALCOM:UK100
2025-11-21 06:06:40.236 - INFO - ✅ Successfully inserted 545 records for CAPITALCOM:UK100 (timeframe: 60m) in 0.01s
2025-11-21 06:06:40.236 - INFO - ✅ Saved CAPITALCOM:UK100 60m | Progress: 139/208 (Remaining: 69)
2025-11-21 06:06:40.325 - INFO - ✅ Cấu hình thành công CAPITALCOM:US100 (Khung thời gian: 60m)
2025-11-21 06:06:40.394 - INFO - Processed 546 records for CAPITALCOM:US100 60m
2025-11-21 06:06:40.395 - INFO - [HISTORICAL] OHLCV Data - CAPITALCOM:US100 (Timeframe: 60m) - 545 records
2025-11-21 06:06:40.395 - INFO - US100 H1 2025-11-21 03:00:00,000 O:24098.2 H:24160.3 L:24086 C:24117.4 V:9257
2025-11-21 06:06:40.395 - INFO - US100 H1 2025-11-21 04:00:00,000 O:24118.1 H:24128.3 L:24022.8 C:24096.2 V:9419
2025-11-21 06:06:40.395 - INFO - US100 H1 2025-11-21 05:00:00,000 O:24094.8 H:24132.3 L:24053.6 C:24067.1 V:9474
2025-11-21 06:06:40.403 - INFO - Converted 545/545 valid records for CAPITALCOM:US100
2025-11-21 06:06:40.419 - INFO - ✅ Successfully inserted 545 records for CAPITALCOM:US100 (timeframe: 60m) in 0.01s
2025-11-21 06:06:40.419 - INFO - ✅ Saved CAPITALCOM:US100 60m | Progress: 140/208 (Remaining: 68)
2025-11-21 06:06:40.540 - INFO - ✅ Cấu hình thành công CAPITALCOM:US30 (Khung thời gian: 60m)
2025-11-21 06:06:40.607 - INFO - Processed 546 records for CAPITALCOM:US30 60m
2025-11-21 06:06:40.607 - INFO - [HISTORICAL] OHLCV Data - CAPITALCOM:US30 (Timeframe: 60m) - 545 records
2025-11-21 06:06:40.607 - INFO - US30 H1 2025-11-21 03:00:00,000 O:45952.7 H:46021.9 L:45939.1 C:45953.4 V:5369
2025-11-21 06:06:40.607 - INFO - US30 H1 2025-11-21 04:00:00,000 O:45953.9 H:45962 L:45875.5 C:45947.5 V:5588
2025-11-21 06:06:40.607 - INFO - US30 H1 2025-11-21 05:00:00,000 O:45945.5 H:45982.8 L:45894.5 C:45905.7 V:5768
2025-11-21 06:06:40.616 - INFO - Converted 545/545 valid records for CAPITALCOM:US30
2025-11-21 06:06:40.632 - INFO - ✅ Successfully inserted 545 records for CAPITALCOM:US30 (timeframe: 60m) in 0.01s
2025-11-21 06:06:40.632 - INFO - ✅ Saved CAPITALCOM:US30 60m | Progress: 141/208 (Remaining: 67)
2025-11-21 06:06:40.742 - INFO - ✅ Cấu hình thành công CAPITALCOM:US500 (Khung thời gian: 60m)
2025-11-21 06:06:40.829 - INFO - Processed 546 records for CAPITALCOM:US500 60m
2025-11-21 06:06:40.829 - INFO - [HISTORICAL] OHLCV Data - CAPITALCOM:US500 (Timeframe: 60m) - 545 records
2025-11-21 06:06:40.829 - INFO - US500 H1 2025-11-21 03:00:00,000 O:6562 H:6575.7 L:6560.3 C:6566.4 V:3885
2025-11-21 06:06:40.829 - INFO - US500 H1 2025-11-21 04:00:00,000 O:6566.2 H:6567.9 L:6547.8 C:6561.8 V:4046
2025-11-21 06:06:40.829 - INFO - US500 H1 2025-11-21 05:00:00,000 O:6561.3 H:6567.5 L:6551.7 C:6553.8 V:4196
2025-11-21 06:06:40.839 - INFO - Converted 545/545 valid records for CAPITALCOM:US500
2025-11-21 06:06:40.855 - INFO - ✅ Successfully inserted 545 records for CAPITALCOM:US500 (timeframe: 60m) in 0.01s
2025-11-21 06:06:40.855 - INFO - ✅ Saved CAPITALCOM:US500 60m | Progress: 142/208 (Remaining: 66)
2025-11-21 06:06:40.945 - INFO - ✅ Cấu hình thành công CAPITALCOM:GOLD (Khung thời gian: 60m)
2025-11-21 06:06:40.946 - INFO - Completed timeframe 60m, waiting 4s...
2025-11-21 06:06:41.035 - INFO - Processed 546 records for CAPITALCOM:GOLD 60m
2025-11-21 06:06:41.035 - INFO - [HISTORICAL] OHLCV Data - CAPITALCOM:GOLD (Timeframe: 60m) - 545 records
2025-11-21 06:06:41.035 - INFO - GOLD H1 2025-11-21 03:00:00,000 O:4057.22 H:4059.27 L:4049.29 C:4056.12 V:17066
2025-11-21 06:06:41.035 - INFO - GOLD H1 2025-11-21 04:00:00,000 O:4056.09 H:4062.32 L:4047.7 C:4052.06 V:12824
2025-11-21 06:06:41.035 - INFO - GOLD H1 2025-11-21 05:00:00,000 O:4052.07 H:4059.66 L:4039.74 C:4058.56 V:18125
2025-11-21 06:06:41.045 - INFO - Converted 545/545 valid records for CAPITALCOM:GOLD
2025-11-21 06:06:41.063 - INFO - ✅ Successfully inserted 545 records for CAPITALCOM:GOLD (timeframe: 60m) in 0.01s
2025-11-21 06:06:41.063 - INFO - ✅ Saved CAPITALCOM:GOLD 60m | Progress: 143/208 (Remaining: 65)
2025-11-21 06:06:41.681 - INFO - Heartbeat received: ~m~4~m~~h~7
2025-11-21 06:06:41.681 - INFO - Echoed heartbeat: ~m~4~m~~h~7
2025-11-21 06:06:41.858 - INFO - WebSocket still active
2025-11-21 06:06:44.961 - INFO - Processing timeframe 90m...
2025-11-21 06:06:45.164 - INFO - ✅ Cấu hình thành công CAPITALCOM:BTCUSD (Khung thời gian: 90m)
2025-11-21 06:06:45.278 - INFO - Processed 546 records for CAPITALCOM:BTCUSD 90m
2025-11-21 06:06:45.278 - INFO - [HISTORICAL] OHLCV Data - CAPITALCOM:BTCUSD (Timeframe: 90m) - 545 records
2025-11-21 06:06:45.278 - INFO - BTCUSD M90 2025-11-21 01:00:00,000 O:87136.5 H:87320.1 L:86064.25 C:86384.2 V:70646
2025-11-21 06:06:45.278 - INFO - BTCUSD M90 2025-11-21 02:30:00,000 O:86384.05 H:86522.1 L:85248.4 C:85706.75 V:88667
2025-11-21 06:06:45.278 - INFO - BTCUSD M90 2025-11-21 04:00:00,000 O:85708.9 H:86217.45 L:85278.1 C:86086.4 V:74937
2025-11-21 06:06:45.286 - INFO - Converted 545/545 valid records for CAPITALCOM:BTCUSD
2025-11-21 06:06:45.367 - INFO - ✅ Cấu hình thành công CAPITALCOM:AU200AU (Khung thời gian: 90m)
2025-11-21 06:06:45.391 - INFO - ✅ Successfully inserted 545 records for CAPITALCOM:BTCUSD (timeframe: 90m) in 0.10s
2025-11-21 06:06:45.391 - INFO - ✅ Saved CAPITALCOM:BTCUSD 90m | Progress: 144/208 (Remaining: 64)
2025-11-21 06:06:45.569 - INFO - ✅ Cấu hình thành công BINANCE:BTCUSD (Khung thời gian: 90m)
2025-11-21 06:06:45.617 - INFO - Processed 546 records for CAPITALCOM:AU200AU 90m
2025-11-21 06:06:45.617 - INFO - [HISTORICAL] OHLCV Data - CAPITALCOM:AU200AU (Timeframe: 90m) - 545 records
2025-11-21 06:06:45.617 - INFO - AU200AU M90 2025-11-21 00:00:00,000 O:8433.1 H:8449.1 L:8429.1 C:8433.1 V:2266
2025-11-21 06:06:45.617 - INFO - AU200AU M90 2025-11-21 01:30:00,000 O:8434.1 H:8439.1 L:8423.1 C:8428.1 V:1576
2025-11-21 06:06:45.617 - INFO - AU200AU M90 2025-11-21 03:00:00,000 O:8429.1 H:8440.1 L:8418.1 C:8423.1 V:1222
2025-11-21 06:06:45.625 - INFO - Converted 545/545 valid records for CAPITALCOM:AU200AU
2025-11-21 06:06:45.671 - INFO - Processed 546 records for BINANCE:BTCUSD 90m
2025-11-21 06:06:45.672 - INFO - [HISTORICAL] OHLCV Data - BINANCE:BTCUSD (Timeframe: 90m) - 545 records
2025-11-21 06:06:45.672 - INFO - BTCUSD M90 2025-11-21 01:30:00,000 O:87179.96 H:87222.48 L:85281.5 C:85374.42 V:40.11675
2025-11-21 06:06:45.672 - INFO - BTCUSD M90 2025-11-21 03:00:00,000 O:85355.58 H:86034.03 L:85355.58 C:85749.97 V:20.99828
2025-11-21 06:06:45.672 - INFO - BTCUSD M90 2025-11-21 04:30:00,000 O:85764.31 H:86299.09 L:85307.42 C:86107.44 V:28.0529
2025-11-21 06:06:45.679 - INFO - Converted 545/545 valid records for BINANCE:BTCUSD
2025-11-21 06:06:45.681 - INFO - ✅ Successfully inserted 545 records for CAPITALCOM:AU200AU (timeframe: 90m) in 0.06s
2025-11-21 06:06:45.682 - INFO - ✅ Saved CAPITALCOM:AU200AU 90m | Progress: 145/208 (Remaining: 63)
2025-11-21 06:06:45.737 - INFO - ✅ Successfully inserted 545 records for BINANCE:BTCUSD (timeframe: 90m) in 0.06s
2025-11-21 06:06:45.737 - INFO - ✅ Saved BINANCE:BTCUSD 90m | Progress: 146/208 (Remaining: 62)
2025-11-21 06:06:45.772 - INFO - ✅ Cấu hình thành công CAPITALCOM:DE40 (Khung thời gian: 90m)
2025-11-21 06:06:45.952 - INFO - Processed 546 records for CAPITALCOM:DE40 90m
2025-11-21 06:06:45.952 - INFO - [HISTORICAL] OHLCV Data - CAPITALCOM:DE40 (Timeframe: 90m) - 545 records
2025-11-21 06:06:45.952 - INFO - DE40 M90 2025-11-21 01:00:00,000 O:23008.8 H:23026.8 L:22978.4 C:22998.7 V:2379
2025-11-21 06:06:45.952 - INFO - DE40 M90 2025-11-21 02:30:00,000 O:22997.2 H:23029.8 L:22983 C:22983 V:1850
2025-11-21 06:06:45.952 - INFO - DE40 M90 2025-11-21 04:00:00,000 O:22982.4 H:22996.5 L:22930.4 C:22977.9 V:2614
2025-11-21 06:06:45.959 - INFO - Converted 545/545 valid records for CAPITALCOM:DE40
2025-11-21 06:06:45.975 - INFO - ✅ Cấu hình thành công CAPITALCOM:FR40 (Khung thời gian: 90m)
2025-11-21 06:06:46.001 - INFO - ✅ Successfully inserted 545 records for CAPITALCOM:DE40 (timeframe: 90m) in 0.04s
2025-11-21 06:06:46.001 - INFO - ✅ Saved CAPITALCOM:DE40 90m | Progress: 147/208 (Remaining: 61)
2025-11-21 06:06:46.178 - INFO - ✅ Cấu hình thành công CAPITALCOM:HK50 (Khung thời gian: 90m)
2025-11-21 06:06:46.249 - INFO - Processed 546 records for CAPITALCOM:FR40 90m
2025-11-21 06:06:46.249 - INFO - [HISTORICAL] OHLCV Data - CAPITALCOM:FR40 (Timeframe: 90m) - 545 records
2025-11-21 06:06:46.249 - INFO - FR40 M90 2025-11-21 01:30:00,000 O:7920.1 H:7926.5 L:7908.6 C:7912.5 V:840
2025-11-21 06:06:46.249 - INFO - FR40 M90 2025-11-21 03:00:00,000 O:7913.1 H:7922.7 L:7898.4 C:7906 V:844
2025-11-21 06:06:46.249 - INFO - FR40 M90 2025-11-21 04:30:00,000 O:7904.8 H:7913.1 L:7895.2 C:7904.8 V:935
2025-11-21 06:06:46.256 - INFO - Converted 545/545 valid records for CAPITALCOM:FR40
2025-11-21 06:06:46.311 - INFO - Processed 546 records for CAPITALCOM:HK50 90m
2025-11-21 06:06:46.312 - INFO - [HISTORICAL] OHLCV Data - CAPITALCOM:HK50 (Timeframe: 90m) - 545 records
2025-11-21 06:06:46.312 - INFO - HK50 M90 2025-11-21 01:00:00,000 O:25488.8 H:25539.1 L:25264 C:25267.3 V:11116
2025-11-21 06:06:46.312 - INFO - HK50 M90 2025-11-21 02:30:00,000 O:25266.5 H:25304.3 L:25178.5 C:25284.8 V:9941
2025-11-21 06:06:46.312 - INFO - HK50 M90 2025-11-21 04:00:00,000 O:25272.7 H:25443.3 L:25216.7 C:25401.3 V:7735
2025-11-21 06:06:46.319 - INFO - Converted 545/545 valid records for CAPITALCOM:HK50
2025-11-21 06:06:46.323 - INFO - ✅ Successfully inserted 545 records for CAPITALCOM:FR40 (timeframe: 90m) in 0.06s
2025-11-21 06:06:46.323 - INFO - ✅ Saved CAPITALCOM:FR40 90m | Progress: 148/208 (Remaining: 60)
2025-11-21 06:06:46.352 - INFO - ✅ Successfully inserted 545 records for CAPITALCOM:HK50 (timeframe: 90m) in 0.03s
2025-11-21 06:06:46.352 - INFO - ✅ Saved CAPITALCOM:HK50 90m | Progress: 149/208 (Remaining: 59)
2025-11-21 06:06:46.384 - INFO - ✅ Cấu hình thành công CAPITALCOM:J225 (Khung thời gian: 90m)
2025-11-21 06:06:46.499 - INFO - Processed 546 records for CAPITALCOM:J225 90m
2025-11-21 06:06:46.500 - INFO - [HISTORICAL] OHLCV Data - CAPITALCOM:J225 (Timeframe: 90m) - 545 records
2025-11-21 06:06:46.500 - INFO - J225 M90 2025-11-21 01:00:00,000 O:48748.8 H:49026 L:48652.9 C:48671.7 V:10277
2025-11-21 06:06:46.500 - INFO - J225 M90 2025-11-21 02:30:00,000 O:48671.6 H:48896.4 L:48598.7 C:48644.5 V:7868
2025-11-21 06:06:46.500 - INFO - J225 M90 2025-11-21 04:00:00,000 O:48643.9 H:48769.8 L:48491.4 C:48706.5 V:8281
2025-11-21 06:06:46.507 - INFO - Converted 545/545 valid records for CAPITALCOM:J225
2025-11-21 06:06:46.535 - INFO - ✅ Successfully inserted 545 records for CAPITALCOM:J225 (timeframe: 90m) in 0.03s
2025-11-21 06:06:46.535 - INFO - ✅ Saved CAPITALCOM:J225 90m | Progress: 150/208 (Remaining: 58)
2025-11-21 06:06:46.590 - INFO - ✅ Cấu hình thành công CAPITALCOM:SP35 (Khung thời gian: 90m)
2025-11-21 06:06:46.685 - INFO - Processed 546 records for CAPITALCOM:SP35 90m
2025-11-21 06:06:46.685 - INFO - [HISTORICAL] OHLCV Data - CAPITALCOM:SP35 (Timeframe: 90m) - 545 records
2025-11-21 06:06:46.686 - INFO - SP35 M90 2025-11-20 13:00:00,000 O:16023.1 H:16075.5 L:16022.1 C:16063.7 V:1271
2025-11-21 06:06:46.686 - INFO - SP35 M90 2025-11-20 14:30:00,000 O:16064.1 H:16121.2 L:16048.1 C:16063.8 V:2612
2025-11-21 06:06:46.687 - INFO - SP35 M90 2025-11-20 16:00:00,000 O:16065.1 H:16068.1 L:15831.4 C:15846.9 V:2141
2025-11-21 06:06:46.697 - INFO - Converted 545/545 valid records for CAPITALCOM:SP35
2025-11-21 06:06:46.723 - INFO - ✅ Successfully inserted 545 records for CAPITALCOM:SP35 (timeframe: 90m) in 0.02s
2025-11-21 06:06:46.723 - INFO - ✅ Saved CAPITALCOM:SP35 90m | Progress: 151/208 (Remaining: 57)
2025-11-21 06:06:46.794 - INFO - ✅ Cấu hình thành công CAPITALCOM:UK100 (Khung thời gian: 90m)
2025-11-21 06:06:46.961 - INFO - Processed 546 records for CAPITALCOM:UK100 90m
2025-11-21 06:06:46.961 - INFO - [HISTORICAL] OHLCV Data - CAPITALCOM:UK100 (Timeframe: 90m) - 545 records
2025-11-21 06:06:46.961 - INFO - UK100 M90 2025-11-21 01:00:00,000 O:9461.1 H:9471.2 L:9451.8 C:9455.5 V:2445
2025-11-21 06:06:46.962 - INFO - UK100 M90 2025-11-21 02:30:00,000 O:9455.2 H:9461 L:9450.9 C:9451 V:2019
2025-11-21 06:06:46.962 - INFO - UK100 M90 2025-11-21 04:00:00,000 O:9451.3 H:9454.7 L:9438.6 C:9450.3 V:2257
2025-11-21 06:06:46.970 - INFO - Converted 545/545 valid records for CAPITALCOM:UK100
2025-11-21 06:06:47.001 - INFO - ✅ Cấu hình thành công CAPITALCOM:US100 (Khung thời gian: 90m)
2025-11-21 06:06:47.002 - INFO - ✅ Successfully inserted 545 records for CAPITALCOM:UK100 (timeframe: 90m) in 0.03s
2025-11-21 06:06:47.003 - INFO - ✅ Saved CAPITALCOM:UK100 90m | Progress: 152/208 (Remaining: 56)
2025-11-21 06:06:47.090 - INFO - Processed 546 records for CAPITALCOM:US100 90m
2025-11-21 06:06:47.090 - INFO - [HISTORICAL] OHLCV Data - CAPITALCOM:US100 (Timeframe: 90m) - 545 records
2025-11-21 06:06:47.090 - INFO - US100 M90 2025-11-21 01:00:00,000 O:24108.5 H:24159.8 L:24082.3 C:24106.8 V:15148
2025-11-21 06:06:47.090 - INFO - US100 M90 2025-11-21 02:30:00,000 O:24107.1 H:24160.3 L:24086 C:24117.4 V:13786
2025-11-21 06:06:47.090 - INFO - US100 M90 2025-11-21 04:00:00,000 O:24118.1 H:24132.3 L:24022.8 C:24094 V:14302
2025-11-21 06:06:47.098 - INFO - Converted 545/545 valid records for CAPITALCOM:US100
2025-11-21 06:06:47.125 - INFO - ✅ Successfully inserted 545 records for CAPITALCOM:US100 (timeframe: 90m) in 0.03s
2025-11-21 06:06:47.126 - INFO - ✅ Saved CAPITALCOM:US100 90m | Progress: 153/208 (Remaining: 55)
2025-11-21 06:06:47.214 - INFO - ✅ Cấu hình thành công CAPITALCOM:US30 (Khung thời gian: 90m)
2025-11-21 06:06:47.355 - INFO - Processed 546 records for CAPITALCOM:US30 90m
2025-11-21 06:06:47.355 - INFO - [HISTORICAL] OHLCV Data - CAPITALCOM:US30 (Timeframe: 90m) - 545 records
2025-11-21 06:06:47.355 - INFO - US30 M90 2025-11-21 01:00:00,000 O:45920.8 H:45976.5 L:45904.8 C:45951 V:9498
2025-11-21 06:06:47.355 - INFO - US30 M90 2025-11-21 02:30:00,000 O:45951.5 H:46021.9 L:45939.1 C:45953.4 V:7901
2025-11-21 06:06:47.355 - INFO - US30 M90 2025-11-21 04:00:00,000 O:45953.9 H:45982.8 L:45875.5 C:45953.1 V:8606
2025-11-21 06:06:47.363 - INFO - Converted 545/545 valid records for CAPITALCOM:US30
2025-11-21 06:06:47.390 - INFO - ✅ Successfully inserted 545 records for CAPITALCOM:US30 (timeframe: 90m) in 0.03s
2025-11-21 06:06:47.390 - INFO - ✅ Saved CAPITALCOM:US30 90m | Progress: 154/208 (Remaining: 54)
2025-11-21 06:06:47.415 - INFO - ✅ Cấu hình thành công CAPITALCOM:US500 (Khung thời gian: 90m)
2025-11-21 06:06:47.548 - INFO - Processed 546 records for CAPITALCOM:US500 90m
2025-11-21 06:06:47.548 - INFO - [HISTORICAL] OHLCV Data - CAPITALCOM:US500 (Timeframe: 90m) - 545 records
2025-11-21 06:06:47.548 - INFO - US500 M90 2025-11-21 01:00:00,000 O:6559 H:6570.6 L:6556.9 C:6563.4 V:6604
2025-11-21 06:06:47.548 - INFO - US500 M90 2025-11-21 02:30:00,000 O:6563.1 H:6575.7 L:6560.3 C:6566.4 V:5897
2025-11-21 06:06:47.549 - INFO - US500 M90 2025-11-21 04:00:00,000 O:6566.2 H:6567.9 L:6547.8 C:6560.9 V:6207
2025-11-21 06:06:47.556 - INFO - Converted 545/545 valid records for CAPITALCOM:US500
2025-11-21 06:06:47.584 - INFO - ✅ Successfully inserted 545 records for CAPITALCOM:US500 (timeframe: 90m) in 0.03s
2025-11-21 06:06:47.585 - INFO - ✅ Saved CAPITALCOM:US500 90m | Progress: 155/208 (Remaining: 53)
2025-11-21 06:06:47.621 - INFO - ✅ Cấu hình thành công CAPITALCOM:GOLD (Khung thời gian: 90m)
2025-11-21 06:06:47.621 - INFO - Completed timeframe 90m, waiting 4s...
2025-11-21 06:06:47.764 - INFO - Processed 546 records for CAPITALCOM:GOLD 90m
2025-11-21 06:06:47.765 - INFO - [HISTORICAL] OHLCV Data - CAPITALCOM:GOLD (Timeframe: 90m) - 545 records
2025-11-21 06:06:47.765 - INFO - GOLD M90 2025-11-21 00:30:00,000 O:4075 H:4080.01 L:4060.46 C:4068.39 V:26927
2025-11-21 06:06:47.765 - INFO - GOLD M90 2025-11-21 02:00:00,000 O:4068.34 H:4079.84 L:4049.29 C:4052.39 V:26740
2025-11-21 06:06:47.766 - INFO - GOLD M90 2025-11-21 03:30:00,000 O:4052.4 H:4062.32 L:4047.7 C:4052.06 V:20224
2025-11-21 06:06:47.773 - INFO - Converted 545/545 valid records for CAPITALCOM:GOLD
2025-11-21 06:06:47.803 - INFO - ✅ Successfully inserted 545 records for CAPITALCOM:GOLD (timeframe: 90m) in 0.03s
2025-11-21 06:06:47.803 - INFO - ✅ Saved CAPITALCOM:GOLD 90m | Progress: 156/208 (Remaining: 52)
2025-11-21 06:06:51.635 - INFO - Processing timeframe 120m...
2025-11-21 06:06:51.718 - INFO - Heartbeat received: ~m~4~m~~h~8
2025-11-21 06:06:51.718 - INFO - Echoed heartbeat: ~m~4~m~~h~8
2025-11-21 06:06:51.844 - INFO - ✅ Cấu hình thành công CAPITALCOM:BTCUSD (Khung thời gian: 120m)
2025-11-21 06:06:51.891 - INFO - WebSocket still active
2025-11-21 06:06:52.033 - INFO - Processed 546 records for CAPITALCOM:BTCUSD 120m
2025-11-21 06:06:52.034 - INFO - [HISTORICAL] OHLCV Data - CAPITALCOM:BTCUSD (Timeframe: 120m) - 545 records
2025-11-21 06:06:52.034 - INFO - BTCUSD H2 2025-11-21 00:00:00,000 O:86496.6 H:87351.25 L:86463.7 C:86930.05 V:91494
2025-11-21 06:06:52.034 - INFO - BTCUSD H2 2025-11-21 02:00:00,000 O:86932.3 H:86950.55 L:85248.4 C:85706.75 V:111669
2025-11-21 06:06:52.034 - INFO - BTCUSD H2 2025-11-21 04:00:00,000 O:85708.9 H:86217.45 L:85278.1 C:86051.55 V:95458
2025-11-21 06:06:52.041 - INFO - Converted 545/545 valid records for CAPITALCOM:BTCUSD
2025-11-21 06:06:52.049 - INFO - ✅ Cấu hình thành công CAPITALCOM:AU200AU (Khung thời gian: 120m)
2025-11-21 06:06:52.064 - INFO - ✅ Successfully inserted 545 records for CAPITALCOM:BTCUSD (timeframe: 120m) in 0.02s
2025-11-21 06:06:52.064 - INFO - ✅ Saved CAPITALCOM:BTCUSD 120m | Progress: 157/208 (Remaining: 51)
2025-11-21 06:06:52.255 - INFO - ✅ Cấu hình thành công BINANCE:BTCUSD (Khung thời gian: 120m)
2025-11-21 06:06:52.417 - INFO - Processed 546 records for BINANCE:BTCUSD 120m
2025-11-21 06:06:52.418 - INFO - [HISTORICAL] OHLCV Data - BINANCE:BTCUSD (Timeframe: 120m) - 545 records
2025-11-21 06:06:52.419 - INFO - BTCUSD H2 2025-11-21 00:00:00,000 O:86532.34 H:87390.34 L:86499.76 C:86947.58 V:23.08898
2025-11-21 06:06:52.419 - INFO - BTCUSD H2 2025-11-21 02:00:00,000 O:86952.11 H:86957.08 L:85281.5 C:85729.58 V:52.46033
2025-11-21 06:06:52.420 - INFO - BTCUSD H2 2025-11-21 04:00:00,000 O:85718.39 H:86299.09 L:85307.42 C:86107.44 V:32.65234
2025-11-21 06:06:52.428 - INFO - Converted 545/545 valid records for BINANCE:BTCUSD
2025-11-21 06:06:52.431 - INFO - Processed 546 records for CAPITALCOM:AU200AU 120m
2025-11-21 06:06:52.431 - INFO - [HISTORICAL] OHLCV Data - CAPITALCOM:AU200AU (Timeframe: 120m) - 545 records
2025-11-21 06:06:52.431 - INFO - AU200AU H2 2025-11-20 22:30:00,000 O:8402.1 H:8446.1 L:8381.1 C:8442.1 V:2357
2025-11-21 06:06:52.431 - INFO - AU200AU H2 2025-11-21 00:30:00,000 O:8443.1 H:8449.1 L:8423.1 C:8426.1 V:2489
2025-11-21 06:06:52.432 - INFO - AU200AU H2 2025-11-21 02:30:00,000 O:8425.1 H:8440.1 L:8418.1 C:8423.1 V:1678
2025-11-21 06:06:52.439 - INFO - Converted 545/545 valid records for CAPITALCOM:AU200AU
2025-11-21 06:06:52.456 - INFO - ✅ Cấu hình thành công CAPITALCOM:DE40 (Khung thời gian: 120m)
2025-11-21 06:06:52.457 - INFO - ✅ Successfully inserted 545 records for CAPITALCOM:AU200AU (timeframe: 120m) in 0.01s
2025-11-21 06:06:52.457 - INFO - ✅ Saved CAPITALCOM:AU200AU 120m | Progress: 158/208 (Remaining: 50)
2025-11-21 06:06:52.463 - INFO - ✅ Successfully inserted 545 records for BINANCE:BTCUSD (timeframe: 120m) in 0.02s
2025-11-21 06:06:52.463 - INFO - ✅ Saved BINANCE:BTCUSD 120m | Progress: 159/208 (Remaining: 49)
2025-11-21 06:06:52.654 - INFO - Processed 546 records for CAPITALCOM:DE40 120m
2025-11-21 06:06:52.655 - INFO - [HISTORICAL] OHLCV Data - CAPITALCOM:DE40 (Timeframe: 120m) - 545 records
2025-11-21 06:06:52.655 - INFO - DE40 H2 2025-11-21 00:00:00,000 O:22958.7 H:23026.8 L:22951.7 C:23013 V:4070
2025-11-21 06:06:52.655 - INFO - DE40 H2 2025-11-21 02:00:00,000 O:23013.5 H:23029.8 L:22983 C:22983 V:2530
2025-11-21 06:06:52.655 - INFO - DE40 H2 2025-11-21 04:00:00,000 O:22982.4 H:22996.5 L:22930.4 C:22976.7 V:3325
2025-11-21 06:06:52.662 - INFO - Converted 545/545 valid records for CAPITALCOM:DE40
2025-11-21 06:06:52.663 - INFO - ✅ Cấu hình thành công CAPITALCOM:FR40 (Khung thời gian: 120m)
2025-11-21 06:06:52.679 - INFO - ✅ Successfully inserted 545 records for CAPITALCOM:DE40 (timeframe: 120m) in 0.01s
2025-11-21 06:06:52.679 - INFO - ✅ Saved CAPITALCOM:DE40 120m | Progress: 160/208 (Remaining: 48)
2025-11-21 06:06:52.859 - INFO - Processed 546 records for CAPITALCOM:FR40 120m
2025-11-21 06:06:52.859 - INFO - [HISTORICAL] OHLCV Data - CAPITALCOM:FR40 (Timeframe: 120m) - 545 records
2025-11-21 06:06:52.859 - INFO - FR40 H2 2025-11-21 00:00:00,000 O:7915 H:7926.5 L:7908.6 C:7921.4 V:1023
2025-11-21 06:06:52.859 - INFO - FR40 H2 2025-11-21 02:00:00,000 O:7920.1 H:7925.3 L:7908.6 C:7908.6 V:990
2025-11-21 06:06:52.859 - INFO - FR40 H2 2025-11-21 04:00:00,000 O:7909.3 H:7913.1 L:7895.2 C:7904.8 V:1252
2025-11-21 06:06:52.867 - INFO - Converted 545/545 valid records for CAPITALCOM:FR40
2025-11-21 06:06:52.868 - INFO - ✅ Cấu hình thành công CAPITALCOM:HK50 (Khung thời gian: 120m)
2025-11-21 06:06:52.885 - INFO - ✅ Successfully inserted 545 records for CAPITALCOM:FR40 (timeframe: 120m) in 0.02s
2025-11-21 06:06:52.885 - INFO - ✅ Saved CAPITALCOM:FR40 120m | Progress: 161/208 (Remaining: 47)
2025-11-21 06:06:52.979 - INFO - Processed 546 records for CAPITALCOM:HK50 120m
2025-11-21 06:06:52.979 - INFO - [HISTORICAL] OHLCV Data - CAPITALCOM:HK50 (Timeframe: 120m) - 545 records
2025-11-21 06:06:52.979 - INFO - HK50 H2 2025-11-21 00:00:00,000 O:25482.3 H:25539.1 L:25274.1 C:25411.1 V:11831
2025-11-21 06:06:52.979 - INFO - HK50 H2 2025-11-21 02:00:00,000 O:25412.1 H:25465.5 L:25178.5 C:25284.8 V:13704
2025-11-21 06:06:52.980 - INFO - HK50 H2 2025-11-21 04:00:00,000 O:25272.7 H:25457.6 L:25216.7 C:25395.8 V:11090
2025-11-21 06:06:52.987 - INFO - Converted 545/545 valid records for CAPITALCOM:HK50
2025-11-21 06:06:53.003 - INFO - ✅ Successfully inserted 545 records for CAPITALCOM:HK50 (timeframe: 120m) in 0.01s
2025-11-21 06:06:53.003 - INFO - ✅ Saved CAPITALCOM:HK50 120m | Progress: 162/208 (Remaining: 46)
2025-11-21 06:06:53.078 - INFO - ✅ Cấu hình thành công CAPITALCOM:J225 (Khung thời gian: 120m)
2025-11-21 06:06:53.151 - INFO - Processed 546 records for CAPITALCOM:J225 120m
2025-11-21 06:06:53.151 - INFO - [HISTORICAL] OHLCV Data - CAPITALCOM:J225 (Timeframe: 120m) - 545 records
2025-11-21 06:06:53.151 - INFO - J225 H2 2025-11-21 00:00:00,000 O:48352.6 H:49026 L:48270 C:48876.5 V:16006
2025-11-21 06:06:53.151 - INFO - J225 H2 2025-11-21 02:00:00,000 O:48876.8 H:48900.5 L:48598.7 C:48644.5 V:11162
2025-11-21 06:06:53.151 - INFO - J225 H2 2025-11-21 04:00:00,000 O:48643.9 H:48769.8 L:48491.4 C:48665.1 V:10565
2025-11-21 06:06:53.159 - INFO - Converted 545/545 valid records for CAPITALCOM:J225
2025-11-21 06:06:53.177 - INFO - ✅ Successfully inserted 545 records for CAPITALCOM:J225 (timeframe: 120m) in 0.01s
2025-11-21 06:06:53.178 - INFO - ✅ Saved CAPITALCOM:J225 120m | Progress: 163/208 (Remaining: 45)
2025-11-21 06:06:53.284 - INFO - ✅ Cấu hình thành công CAPITALCOM:SP35 (Khung thời gian: 120m)
2025-11-21 06:06:53.373 - INFO - Processed 546 records for CAPITALCOM:SP35 120m
2025-11-21 06:06:53.373 - INFO - [HISTORICAL] OHLCV Data - CAPITALCOM:SP35 (Timeframe: 120m) - 545 records
2025-11-21 06:06:53.373 - INFO - SP35 H2 2025-11-20 11:00:00,000 O:16079 H:16079 L:15979.4 C:16023.7 V:2123
2025-11-21 06:06:53.373 - INFO - SP35 H2 2025-11-20 13:00:00,000 O:16023.1 H:16109.5 L:16022.1 C:16109.5 V:2384
2025-11-21 06:06:53.374 - INFO - SP35 H2 2025-11-20 15:00:00,000 O:16108.3 H:16121.2 L:15872.9 C:15872.9 V:3183
2025-11-21 06:06:53.381 - INFO - Converted 545/545 valid records for CAPITALCOM:SP35
2025-11-21 06:06:53.398 - INFO - ✅ Successfully inserted 545 records for CAPITALCOM:SP35 (timeframe: 120m) in 0.01s
2025-11-21 06:06:53.398 - INFO - ✅ Saved CAPITALCOM:SP35 120m | Progress: 164/208 (Remaining: 44)
2025-11-21 06:06:53.486 - INFO - ✅ Cấu hình thành công CAPITALCOM:UK100 (Khung thời gian: 120m)
2025-11-21 06:06:53.637 - INFO - Processed 546 records for CAPITALCOM:UK100 120m
2025-11-21 06:06:53.637 - INFO - [HISTORICAL] OHLCV Data - CAPITALCOM:UK100 (Timeframe: 120m) - 545 records
2025-11-21 06:06:53.637 - INFO - UK100 H2 2025-11-21 00:00:00,000 O:9449.1 H:9471.2 L:9446.8 C:9462 V:3948
2025-11-21 06:06:53.637 - INFO - UK100 H2 2025-11-21 02:00:00,000 O:9462.3 H:9464.6 L:9450.9 C:9451 V:2817
2025-11-21 06:06:53.637 - INFO - UK100 H2 2025-11-21 04:00:00,000 O:9451.3 H:9454.7 L:9438.6 C:9447.6 V:2932
2025-11-21 06:06:53.645 - INFO - Converted 545/545 valid records for CAPITALCOM:UK100
2025-11-21 06:06:53.661 - INFO - ✅ Successfully inserted 545 records for CAPITALCOM:UK100 (timeframe: 120m) in 0.01s
2025-11-21 06:06:53.661 - INFO - ✅ Saved CAPITALCOM:UK100 120m | Progress: 165/208 (Remaining: 43)
2025-11-21 06:06:53.693 - INFO - ✅ Cấu hình thành công CAPITALCOM:US100 (Khung thời gian: 120m)
2025-11-21 06:06:53.752 - INFO - Processed 546 records for CAPITALCOM:US100 120m
2025-11-21 06:06:53.752 - INFO - [HISTORICAL] OHLCV Data - CAPITALCOM:US100 (Timeframe: 120m) - 545 records
2025-11-21 06:06:53.752 - INFO - US100 H2 2025-11-21 00:00:00,000 O:24062.4 H:24159.8 L:24038.3 C:24129.9 V:20307
2025-11-21 06:06:53.752 - INFO - US100 H2 2025-11-21 02:00:00,000 O:24132.7 H:24160.3 L:24082.3 C:24117.4 V:18711
2025-11-21 06:06:53.752 - INFO - US100 H2 2025-11-21 04:00:00,000 O:24118.1 H:24132.3 L:24022.8 C:24067.1 V:18893
2025-11-21 06:06:53.760 - INFO - Converted 545/545 valid records for CAPITALCOM:US100
2025-11-21 06:06:53.776 - INFO - ✅ Successfully inserted 545 records for CAPITALCOM:US100 (timeframe: 120m) in 0.01s
2025-11-21 06:06:53.777 - INFO - ✅ Saved CAPITALCOM:US100 120m | Progress: 166/208 (Remaining: 42)
2025-11-21 06:06:53.899 - INFO - ✅ Cấu hình thành công CAPITALCOM:US30 (Khung thời gian: 120m)
2025-11-21 06:06:53.968 - INFO - Processed 546 records for CAPITALCOM:US30 120m
2025-11-21 06:06:53.968 - INFO - [HISTORICAL] OHLCV Data - CAPITALCOM:US30 (Timeframe: 120m) - 545 records
2025-11-21 06:06:53.968 - INFO - US30 H2 2025-11-21 00:00:00,000 O:45839.5 H:45976.5 L:45824.6 C:45949.1 V:12823
2025-11-21 06:06:53.968 - INFO - US30 H2 2025-11-21 02:00:00,000 O:45951.1 H:46021.9 L:45929.6 C:45953.4 V:10918
2025-11-21 06:06:53.969 - INFO - US30 H2 2025-11-21 04:00:00,000 O:45953.9 H:45982.8 L:45875.5 C:45905.7 V:11356
2025-11-21 06:06:53.976 - INFO - Converted 545/545 valid records for CAPITALCOM:US30
2025-11-21 06:06:53.992 - INFO - ✅ Successfully inserted 545 records for CAPITALCOM:US30 (timeframe: 120m) in 0.01s
2025-11-21 06:06:53.992 - INFO - ✅ Saved CAPITALCOM:US30 120m | Progress: 167/208 (Remaining: 41)
2025-11-21 06:06:54.103 - INFO - ✅ Cấu hình thành công CAPITALCOM:US500 (Khung thời gian: 120m)
2025-11-21 06:06:54.172 - INFO - Processed 546 records for CAPITALCOM:US500 120m
2025-11-21 06:06:54.173 - INFO - [HISTORICAL] OHLCV Data - CAPITALCOM:US500 (Timeframe: 120m) - 545 records
2025-11-21 06:06:54.173 - INFO - US500 H2 2025-11-21 00:00:00,000 O:6546.7 H:6570.6 L:6543.6 C:6565.1 V:8665
2025-11-21 06:06:54.173 - INFO - US500 H2 2025-11-21 02:00:00,000 O:6565.5 H:6575.7 L:6559.1 C:6566.4 V:8097
2025-11-21 06:06:54.173 - INFO - US500 H2 2025-11-21 04:00:00,000 O:6566.2 H:6567.9 L:6547.8 C:6553.8 V:8242
2025-11-21 06:06:54.181 - INFO - Converted 545/545 valid records for CAPITALCOM:US500
2025-11-21 06:06:54.197 - INFO - ✅ Successfully inserted 545 records for CAPITALCOM:US500 (timeframe: 120m) in 0.01s
2025-11-21 06:06:54.197 - INFO - ✅ Saved CAPITALCOM:US500 120m | Progress: 168/208 (Remaining: 40)
2025-11-21 06:06:54.308 - INFO - ✅ Cấu hình thành công CAPITALCOM:GOLD (Khung thời gian: 120m)
2025-11-21 06:06:54.309 - INFO - Completed timeframe 120m, waiting 4s...
2025-11-21 06:06:54.407 - INFO - Processed 546 records for CAPITALCOM:GOLD 120m
2025-11-21 06:06:54.407 - INFO - [HISTORICAL] OHLCV Data - CAPITALCOM:GOLD (Timeframe: 120m) - 545 records
2025-11-21 06:06:54.407 - INFO - GOLD H2 2025-11-20 23:00:00,000 O:4075.99 H:4088.85 L:4071.45 C:4073.76 V:21802
2025-11-21 06:06:54.407 - INFO - GOLD H2 2025-11-21 01:00:00,000 O:4073.71 H:4079.84 L:4056.5 C:4057.27 V:37527
2025-11-21 06:06:54.407 - INFO - GOLD H2 2025-11-21 03:00:00,000 O:4057.22 H:4062.32 L:4047.7 C:4052.06 V:29890
2025-11-21 06:06:54.415 - INFO - Converted 545/545 valid records for CAPITALCOM:GOLD
2025-11-21 06:06:54.431 - INFO - ✅ Successfully inserted 545 records for CAPITALCOM:GOLD (timeframe: 120m) in 0.01s
2025-11-21 06:06:54.431 - INFO - ✅ Saved CAPITALCOM:GOLD 120m | Progress: 169/208 (Remaining: 39)
2025-11-21 06:06:58.315 - INFO - Processing timeframe 180m...
2025-11-21 06:06:58.522 - INFO - ✅ Cấu hình thành công CAPITALCOM:BTCUSD (Khung thời gian: 180m)
2025-11-21 06:06:58.724 - INFO - ✅ Cấu hình thành công CAPITALCOM:AU200AU (Khung thời gian: 180m)
2025-11-21 06:06:58.757 - INFO - Processed 546 records for CAPITALCOM:BTCUSD 180m
2025-11-21 06:06:58.757 - INFO - [HISTORICAL] OHLCV Data - CAPITALCOM:BTCUSD (Timeframe: 180m) - 545 records
2025-11-21 06:06:58.757 - INFO - BTCUSD H3 2025-11-20 19:00:00,000 O:86367.7 H:87533.15 L:85963.35 C:87167.5 V:114963
2025-11-21 06:06:58.758 - INFO - BTCUSD H3 2025-11-20 22:00:00,000 O:87335.5 H:88112.25 L:86431.65 C:87135.5 V:111107
2025-11-21 06:06:58.758 - INFO - BTCUSD H3 2025-11-21 01:00:00,000 O:87136.5 H:87320.1 L:85248.4 C:85706.75 V:159313
2025-11-21 06:06:58.767 - INFO - Converted 545/545 valid records for CAPITALCOM:BTCUSD
2025-11-21 06:06:58.789 - INFO - ✅ Successfully inserted 545 records for CAPITALCOM:BTCUSD (timeframe: 180m) in 0.02s
2025-11-21 06:06:58.789 - INFO - ✅ Saved CAPITALCOM:BTCUSD 180m | Progress: 170/208 (Remaining: 38)
2025-11-21 06:06:58.931 - INFO - ✅ Cấu hình thành công BINANCE:BTCUSD (Khung thời gian: 180m)
2025-11-21 06:06:59.051 - INFO - Processed 546 records for CAPITALCOM:AU200AU 180m
2025-11-21 06:06:59.051 - INFO - [HISTORICAL] OHLCV Data - CAPITALCOM:AU200AU (Timeframe: 180m) - 545 records
2025-11-21 06:06:59.051 - INFO - AU200AU H3 2025-11-20 19:30:00,000 O:8431.6 H:8441.6 L:8403.6 C:8410.6 V:2422
2025-11-21 06:06:59.052 - INFO - AU200AU H3 2025-11-20 22:30:00,000 O:8402.1 H:8449.1 L:8381.1 C:8433.1 V:3726
2025-11-21 06:06:59.052 - INFO - AU200AU H3 2025-11-21 01:30:00,000 O:8434.1 H:8440.1 L:8418.1 C:8423.1 V:2798
2025-11-21 06:06:59.059 - INFO - Converted 545/545 valid records for CAPITALCOM:AU200AU
2025-11-21 06:06:59.063 - INFO - Processed 546 records for BINANCE:BTCUSD 180m
2025-11-21 06:06:59.063 - INFO - [HISTORICAL] OHLCV Data - BINANCE:BTCUSD (Timeframe: 180m) - 545 records
2025-11-21 06:06:59.063 - INFO - BTCUSD H3 2025-11-20 21:00:00,000 O:86352.4 H:88182.92 L:86320.65 C:86535.62 V:67.34775
2025-11-21 06:06:59.063 - INFO - BTCUSD H3 2025-11-21 00:00:00,000 O:86532.34 H:87390.34 L:85281.5 C:85374.42 V:59.15047
2025-11-21 06:06:59.063 - INFO - BTCUSD H3 2025-11-21 03:00:00,000 O:85355.58 H:86299.09 L:85307.42 C:86107.44 V:49.05118
2025-11-21 06:06:59.070 - INFO - Converted 545/545 valid records for BINANCE:BTCUSD
2025-11-21 06:06:59.088 - INFO - ✅ Successfully inserted 545 records for CAPITALCOM:AU200AU (timeframe: 180m) in 0.02s
2025-11-21 06:06:59.088 - INFO - ✅ Saved CAPITALCOM:AU200AU 180m | Progress: 171/208 (Remaining: 37)
2025-11-21 06:06:59.093 - INFO - ✅ Successfully inserted 545 records for BINANCE:BTCUSD (timeframe: 180m) in 0.02s
2025-11-21 06:06:59.093 - INFO - ✅ Saved BINANCE:BTCUSD 180m | Progress: 172/208 (Remaining: 36)
2025-11-21 06:06:59.138 - INFO - ✅ Cấu hình thành công CAPITALCOM:DE40 (Khung thời gian: 180m)
2025-11-21 06:06:59.307 - INFO - Processed 546 records for CAPITALCOM:DE40 180m
2025-11-21 06:06:59.307 - INFO - [HISTORICAL] OHLCV Data - CAPITALCOM:DE40 (Timeframe: 180m) - 545 records
2025-11-21 06:06:59.307 - INFO - DE40 H3 2025-11-20 19:00:00,000 O:23004.1 H:23086.7 L:22905.3 C:22924.4 V:17566
2025-11-21 06:06:59.307 - INFO - DE40 H3 2025-11-20 22:00:00,000 O:22925.6 H:23017.5 L:22899.8 C:23010.3 V:7976
2025-11-21 06:06:59.307 - INFO - DE40 H3 2025-11-21 01:00:00,000 O:23008.8 H:23029.8 L:22978.4 C:22983 V:4229
2025-11-21 06:06:59.315 - INFO - Converted 545/545 valid records for CAPITALCOM:DE40
2025-11-21 06:06:59.332 - INFO - ✅ Successfully inserted 545 records for CAPITALCOM:DE40 (timeframe: 180m) in 0.01s
2025-11-21 06:06:59.332 - INFO - ✅ Saved CAPITALCOM:DE40 180m | Progress: 173/208 (Remaining: 35)
2025-11-21 06:06:59.343 - INFO - ✅ Cấu hình thành công CAPITALCOM:FR40 (Khung thời gian: 180m)
2025-11-21 06:06:59.462 - INFO - Processed 546 records for CAPITALCOM:FR40 180m
2025-11-21 06:06:59.463 - INFO - [HISTORICAL] OHLCV Data - CAPITALCOM:FR40 (Timeframe: 180m) - 545 records
2025-11-21 06:06:59.463 - INFO - FR40 H3 2025-11-20 18:00:00,000 O:7911.4 H:7959.1 L:7886.6 C:7892.1 V:7284
2025-11-21 06:06:59.463 - INFO - FR40 H3 2025-11-21 00:00:00,000 O:7915 H:7926.5 L:7908.6 C:7912.5 V:1486
2025-11-21 06:06:59.463 - INFO - FR40 H3 2025-11-21 03:00:00,000 O:7913.1 H:7922.7 L:7895.2 C:7904.8 V:1779
2025-11-21 06:06:59.471 - INFO - Converted 545/545 valid records for CAPITALCOM:FR40
2025-11-21 06:06:59.487 - INFO - ✅ Successfully inserted 545 records for CAPITALCOM:FR40 (timeframe: 180m) in 0.01s
2025-11-21 06:06:59.487 - INFO - ✅ Saved CAPITALCOM:FR40 180m | Progress: 174/208 (Remaining: 34)
2025-11-21 06:06:59.548 - INFO - ✅ Cấu hình thành công CAPITALCOM:HK50 (Khung thời gian: 180m)
2025-11-21 06:06:59.712 - INFO - Processed 546 records for CAPITALCOM:HK50 180m
2025-11-21 06:06:59.713 - INFO - [HISTORICAL] OHLCV Data - CAPITALCOM:HK50 (Timeframe: 180m) - 545 records
2025-11-21 06:06:59.713 - INFO - HK50 H3 2025-11-20 19:00:00,000 O:25432.7 H:25491.5 L:25390.5 C:25397.4 V:17217
2025-11-21 06:06:59.713 - INFO - HK50 H3 2025-11-20 22:00:00,000 O:25385.3 H:25501.6 L:25370 C:25489.4 V:10054
2025-11-21 06:06:59.714 - INFO - HK50 H3 2025-11-21 01:00:00,000 O:25488.8 H:25539.1 L:25178.5 C:25284.8 V:21057
2025-11-21 06:06:59.731 - INFO - Converted 545/545 valid records for CAPITALCOM:HK50
2025-11-21 06:06:59.747 - INFO - ✅ Successfully inserted 545 records for CAPITALCOM:HK50 (timeframe: 180m) in 0.01s
2025-11-21 06:06:59.748 - INFO - ✅ Saved CAPITALCOM:HK50 180m | Progress: 175/208 (Remaining: 33)
2025-11-21 06:06:59.754 - INFO - ✅ Cấu hình thành công CAPITALCOM:J225 (Khung thời gian: 180m)
2025-11-21 06:06:59.897 - INFO - Processed 546 records for CAPITALCOM:J225 180m
2025-11-21 06:06:59.897 - INFO - [HISTORICAL] OHLCV Data - CAPITALCOM:J225 (Timeframe: 180m) - 545 records
2025-11-21 06:06:59.898 - INFO - J225 H3 2025-11-20 19:00:00,000 O:48564.4 H:48796.8 L:48325.1 C:48348.8 V:14656
2025-11-21 06:06:59.898 - INFO - J225 H3 2025-11-20 22:00:00,000 O:48350.8 H:48919.7 L:48147.9 C:48751.3 V:13707
2025-11-21 06:06:59.898 - INFO - J225 H3 2025-11-21 01:00:00,000 O:48748.8 H:49026 L:48598.7 C:48644.5 V:18145
2025-11-21 06:06:59.906 - INFO - Converted 545/545 valid records for CAPITALCOM:J225
2025-11-21 06:06:59.923 - INFO - ✅ Successfully inserted 545 records for CAPITALCOM:J225 (timeframe: 180m) in 0.01s
2025-11-21 06:06:59.923 - INFO - ✅ Saved CAPITALCOM:J225 180m | Progress: 176/208 (Remaining: 32)
2025-11-21 06:06:59.957 - INFO - ✅ Cấu hình thành công CAPITALCOM:SP35 (Khung thời gian: 180m)
2025-11-21 06:07:00.038 - INFO - Processed 546 records for CAPITALCOM:SP35 180m
2025-11-21 06:07:00.039 - INFO - [HISTORICAL] OHLCV Data - CAPITALCOM:SP35 (Timeframe: 180m) - 545 records
2025-11-21 06:07:00.039 - INFO - SP35 H3 2025-11-20 07:00:00,000 O:16019.8 H:16048.3 L:15977.9 C:16013.6 V:4247
2025-11-21 06:07:00.039 - INFO - SP35 H3 2025-11-20 10:00:00,000 O:16012.3 H:16080.3 L:15979.4 C:16023.7 V:3353
2025-11-21 06:07:00.039 - INFO - SP35 H3 2025-11-20 13:00:00,000 O:16023.1 H:16121.2 L:16022.1 C:16063.8 V:3883
2025-11-21 06:07:00.049 - INFO - Converted 545/545 valid records for CAPITALCOM:SP35
2025-11-21 06:07:00.067 - INFO - ✅ Successfully inserted 545 records for CAPITALCOM:SP35 (timeframe: 180m) in 0.02s
2025-11-21 06:07:00.067 - INFO - ✅ Saved CAPITALCOM:SP35 180m | Progress: 177/208 (Remaining: 31)
2025-11-21 06:07:00.166 - INFO - ✅ Cấu hình thành công CAPITALCOM:UK100 (Khung thời gian: 180m)
2025-11-21 06:07:00.371 - INFO - ✅ Cấu hình thành công CAPITALCOM:US100 (Khung thời gian: 180m)
2025-11-21 06:07:00.405 - INFO - Processed 546 records for CAPITALCOM:UK100 180m
2025-11-21 06:07:00.406 - INFO - [HISTORICAL] OHLCV Data - CAPITALCOM:UK100 (Timeframe: 180m) - 545 records
2025-11-21 06:07:00.406 - INFO - UK100 H3 2025-11-20 19:00:00,000 O:9450.4 H:9476.3 L:9434.8 C:9438.2 V:11150
2025-11-21 06:07:00.406 - INFO - UK100 H3 2025-11-20 22:00:00,000 O:9438.7 H:9464.2 L:9432.9 C:9461.5 V:6370
2025-11-21 06:07:00.406 - INFO - UK100 H3 2025-11-21 01:00:00,000 O:9461.1 H:9471.2 L:9450.9 C:9451 V:4464
2025-11-21 06:07:00.414 - INFO - Converted 545/545 valid records for CAPITALCOM:UK100
2025-11-21 06:07:00.431 - INFO - ✅ Successfully inserted 545 records for CAPITALCOM:UK100 (timeframe: 180m) in 0.01s
2025-11-21 06:07:00.432 - INFO - ✅ Saved CAPITALCOM:UK100 180m | Progress: 178/208 (Remaining: 30)
2025-11-21 06:07:00.457 - INFO - Processed 546 records for CAPITALCOM:US100 180m
2025-11-21 06:07:00.458 - INFO - [HISTORICAL] OHLCV Data - CAPITALCOM:US100 (Timeframe: 180m) - 545 records
2025-11-21 06:07:00.458 - INFO - US100 H3 2025-11-20 19:00:00,000 O:24198.9 H:24323.4 L:23989.8 C:23994.8 V:38722
2025-11-21 06:07:00.458 - INFO - US100 H3 2025-11-20 22:00:00,000 O:23995.1 H:24130.2 L:23944.6 C:24108.6 V:22714
2025-11-21 06:07:00.458 - INFO - US100 H3 2025-11-21 01:00:00,000 O:24108.5 H:24160.3 L:24082.3 C:24117.4 V:28934
2025-11-21 06:07:00.465 - INFO - Converted 545/545 valid records for CAPITALCOM:US100
2025-11-21 06:07:00.482 - INFO - ✅ Successfully inserted 545 records for CAPITALCOM:US100 (timeframe: 180m) in 0.01s
2025-11-21 06:07:00.482 - INFO - ✅ Saved CAPITALCOM:US100 180m | Progress: 179/208 (Remaining: 29)
2025-11-21 06:07:00.578 - INFO - ✅ Cấu hình thành công CAPITALCOM:US30 (Khung thời gian: 180m)
2025-11-21 06:07:00.616 - INFO - Processed 1 records for CAPITALCOM:BTCUSD 1m
2025-11-21 06:07:00.680 - INFO - Processed 546 records for CAPITALCOM:US30 180m
2025-11-21 06:07:00.680 - INFO - [HISTORICAL] OHLCV Data - CAPITALCOM:US30 (Timeframe: 180m) - 545 records
2025-11-21 06:07:00.680 - INFO - US30 H3 2025-11-20 19:00:00,000 O:45785.6 H:46043.4 L:45697.6 C:45739.1 V:29119
2025-11-21 06:07:00.680 - INFO - US30 H3 2025-11-20 22:00:00,000 O:45741 H:45939.1 L:45710.2 C:45920.3 V:13613
2025-11-21 06:07:00.680 - INFO - US30 H3 2025-11-21 01:00:00,000 O:45920.8 H:46021.9 L:45904.8 C:45953.4 V:17399
2025-11-21 06:07:00.690 - INFO - Converted 545/545 valid records for CAPITALCOM:US30
2025-11-21 06:07:00.707 - INFO - ✅ Successfully inserted 545 records for CAPITALCOM:US30 (timeframe: 180m) in 0.01s
2025-11-21 06:07:00.707 - INFO - ✅ Saved CAPITALCOM:US30 180m | Progress: 180/208 (Remaining: 28)
2025-11-21 06:07:00.777 - INFO - Processed 1 records for CAPITALCOM:US30 1m
2025-11-21 06:07:00.778 - INFO - Processed 1 records for CAPITALCOM:US500 1m
2025-11-21 06:07:00.778 - INFO - Processed 1 records for CAPITALCOM:US100 1m
2025-11-21 06:07:00.778 - INFO - ✅ Cấu hình thành công CAPITALCOM:US500 (Khung thời gian: 180m)
2025-11-21 06:07:00.866 - INFO - Processed 546 records for CAPITALCOM:US500 180m
2025-11-21 06:07:00.866 - INFO - [HISTORICAL] OHLCV Data - CAPITALCOM:US500 (Timeframe: 180m) - 545 records
2025-11-21 06:07:00.866 - INFO - US500 H3 2025-11-20 19:00:00,000 O:6565.1 H:6596.6 L:6530.1 C:6532.1 V:18766
2025-11-21 06:07:00.866 - INFO - US500 H3 2025-11-20 22:00:00,000 O:6532.5 H:6563.1 L:6522.2 C:6559.3 V:9533
2025-11-21 06:07:00.866 - INFO - US500 H3 2025-11-21 01:00:00,000 O:6559 H:6575.7 L:6556.9 C:6566.4 V:12501
2025-11-21 06:07:00.874 - INFO - Converted 545/545 valid records for CAPITALCOM:US500
2025-11-21 06:07:00.890 - INFO - ✅ Successfully inserted 545 records for CAPITALCOM:US500 (timeframe: 180m) in 0.01s
2025-11-21 06:07:00.890 - INFO - ✅ Saved CAPITALCOM:US500 180m | Progress: 181/208 (Remaining: 27)
2025-11-21 06:07:00.987 - INFO - ✅ Cấu hình thành công CAPITALCOM:GOLD (Khung thời gian: 180m)
2025-11-21 06:07:00.987 - INFO - Completed timeframe 180m, waiting 4s...
2025-11-21 06:07:01.076 - INFO - Processed 546 records for CAPITALCOM:GOLD 180m
2025-11-21 06:07:01.076 - INFO - [HISTORICAL] OHLCV Data - CAPITALCOM:GOLD (Timeframe: 180m) - 545 records
2025-11-21 06:07:01.076 - INFO - GOLD H3 2025-11-20 20:00:00,000 O:4084.56 H:4085.07 L:4073.28 C:4076.93 V:26529
2025-11-21 06:07:01.076 - INFO - GOLD H3 2025-11-20 23:00:00,000 O:4075.99 H:4088.85 L:4060.46 C:4068.39 V:42255
2025-11-21 06:07:01.076 - INFO - GOLD H3 2025-11-21 02:00:00,000 O:4068.34 H:4079.84 L:4047.7 C:4052.06 V:46964
2025-11-21 06:07:01.084 - INFO - Converted 545/545 valid records for CAPITALCOM:GOLD
2025-11-21 06:07:01.100 - INFO - ✅ Successfully inserted 545 records for CAPITALCOM:GOLD (timeframe: 180m) in 0.01s
2025-11-21 06:07:01.100 - INFO - ✅ Saved CAPITALCOM:GOLD 180m | Progress: 182/208 (Remaining: 26)
2025-11-21 06:07:01.385 - INFO - Processed 1 records for CAPITALCOM:GOLD 1m
2025-11-21 06:07:01.698 - INFO - Heartbeat received: ~m~4~m~~h~9
2025-11-21 06:07:01.699 - INFO - Echoed heartbeat: ~m~4~m~~h~9
2025-11-21 06:07:01.881 - INFO - Processed 1 records for CAPITALCOM:J225 1m
2025-11-21 06:07:01.881 - INFO - Processed 1 records for CAPITALCOM:HK50 1m
2025-11-21 06:07:02.029 - INFO - WebSocket still active
2025-11-21 06:07:02.920 - INFO - Processed 1 records for CAPITALCOM:UK100 1m
2025-11-21 06:07:02.920 - INFO - Processed 1 records for CAPITALCOM:DE40 1m
2025-11-21 06:07:03.707 - INFO - Processed 1 records for BINANCE:BTCUSD 1m
2025-11-21 06:07:05.003 - INFO - Processing timeframe 240m...
2025-11-21 06:07:05.206 - INFO - ✅ Cấu hình thành công CAPITALCOM:BTCUSD (Khung thời gian: 240m)
2025-11-21 06:07:05.267 - INFO - Processed 546 records for CAPITALCOM:BTCUSD 240m
2025-11-21 06:07:05.267 - INFO - [HISTORICAL] OHLCV Data - CAPITALCOM:BTCUSD (Timeframe: 240m) - 545 records
2025-11-21 06:07:05.267 - INFO - BTCUSD H4 2025-11-20 18:00:00,000 O:87115.9 H:87647.35 L:85963.35 C:87167.5 V:160717
2025-11-21 06:07:05.267 - INFO - BTCUSD H4 2025-11-20 22:00:00,000 O:87335.5 H:88112.25 L:86431.65 C:86930.05 V:158751
2025-11-21 06:07:05.267 - INFO - BTCUSD H4 2025-11-21 02:00:00,000 O:86932.3 H:86950.55 L:85248.4 C:86051.55 V:207127
2025-11-21 06:07:05.274 - INFO - Converted 545/545 valid records for CAPITALCOM:BTCUSD
2025-11-21 06:07:05.296 - INFO - ✅ Successfully inserted 545 records for CAPITALCOM:BTCUSD (timeframe: 240m) in 0.02s
2025-11-21 06:07:05.296 - INFO - ✅ Saved CAPITALCOM:BTCUSD 240m | Progress: 183/208 (Remaining: 25)
2025-11-21 06:07:05.413 - INFO - ✅ Cấu hình thành công CAPITALCOM:AU200AU (Khung thời gian: 240m)
2025-11-21 06:07:05.564 - INFO - Processed 546 records for CAPITALCOM:AU200AU 240m
2025-11-21 06:07:05.564 - INFO - [HISTORICAL] OHLCV Data - CAPITALCOM:AU200AU (Timeframe: 240m) - 545 records
2025-11-21 06:07:05.564 - INFO - AU200AU H4 2025-11-20 14:30:00,000 O:8524.6 H:8552.6 L:8421.6 C:8446.6 V:9209
2025-11-21 06:07:05.564 - INFO - AU200AU H4 2025-11-20 18:30:00,000 O:8445.6 H:8447.6 L:8403.6 C:8410.6 V:4609
2025-11-21 06:07:05.564 - INFO - AU200AU H4 2025-11-20 22:30:00,000 O:8402.1 H:8449.1 L:8381.1 C:8426.1 V:4846
2025-11-21 06:07:05.572 - INFO - Converted 545/545 valid records for CAPITALCOM:AU200AU
2025-11-21 06:07:05.589 - INFO - ✅ Successfully inserted 545 records for CAPITALCOM:AU200AU (timeframe: 240m) in 0.01s
2025-11-21 06:07:05.589 - INFO - ✅ Saved CAPITALCOM:AU200AU 240m | Progress: 184/208 (Remaining: 24)
2025-11-21 06:07:05.622 - INFO - ✅ Cấu hình thành công BINANCE:BTCUSD (Khung thời gian: 240m)
2025-11-21 06:07:05.714 - INFO - Processed 546 records for BINANCE:BTCUSD 240m
2025-11-21 06:07:05.714 - INFO - [HISTORICAL] OHLCV Data - BINANCE:BTCUSD (Timeframe: 240m) - 545 records
2025-11-21 06:07:05.714 - INFO - BTCUSD H4 2025-11-20 16:00:00,000 O:89780.35 H:89822.19 L:86017.72 C:86828.56 V:247.85466
2025-11-21 06:07:05.715 - INFO - BTCUSD H4 2025-11-20 20:00:00,000 O:86830.05 H:88172.02 L:86221.72 C:86535.62 V:103.06708
2025-11-21 06:07:05.715 - INFO - BTCUSD H4 2025-11-21 00:00:00,000 O:86532.34 H:87390.34 L:85281.5 C:85729.58 V:75.54931
2025-11-21 06:07:05.723 - INFO - Converted 545/545 valid records for BINANCE:BTCUSD
2025-11-21 06:07:05.744 - INFO - ✅ Successfully inserted 545 records for BINANCE:BTCUSD (timeframe: 240m) in 0.02s
2025-11-21 06:07:05.745 - INFO - ✅ Saved BINANCE:BTCUSD 240m | Progress: 185/208 (Remaining: 23)
2025-11-21 06:07:05.826 - INFO - ✅ Cấu hình thành công CAPITALCOM:DE40 (Khung thời gian: 240m)
2025-11-21 06:07:05.913 - INFO - Processed 546 records for CAPITALCOM:DE40 240m
2025-11-21 06:07:05.914 - INFO - [HISTORICAL] OHLCV Data - CAPITALCOM:DE40 (Timeframe: 240m) - 545 records
2025-11-21 06:07:05.914 - INFO - DE40 H4 2025-11-20 18:00:00,000 O:23051.9 H:23218.4 L:22905.3 C:22924.4 V:26224
2025-11-21 06:07:05.914 - INFO - DE40 H4 2025-11-20 22:00:00,000 O:22925.6 H:23026.8 L:22899.8 C:23013 V:9675
2025-11-21 06:07:05.914 - INFO - DE40 H4 2025-11-21 02:00:00,000 O:23013.5 H:23029.8 L:22930.4 C:22976.7 V:5855
2025-11-21 06:07:05.921 - INFO - Converted 545/545 valid records for CAPITALCOM:DE40
2025-11-21 06:07:05.938 - INFO - ✅ Successfully inserted 545 records for CAPITALCOM:DE40 (timeframe: 240m) in 0.01s
2025-11-21 06:07:05.938 - INFO - ✅ Saved CAPITALCOM:DE40 240m | Progress: 186/208 (Remaining: 22)
2025-11-21 06:07:06.029 - INFO - ✅ Cấu hình thành công CAPITALCOM:FR40 (Khung thời gian: 240m)
2025-11-21 06:07:06.120 - INFO - Processed 546 records for CAPITALCOM:FR40 240m
2025-11-21 06:07:06.120 - INFO - [HISTORICAL] OHLCV Data - CAPITALCOM:FR40 (Timeframe: 240m) - 545 records
2025-11-21 06:07:06.120 - INFO - FR40 H4 2025-11-20 16:00:00,000 O:8024.9 H:8025.4 L:7894.6 C:7927.9 V:17737
2025-11-21 06:07:06.120 - INFO - FR40 H4 2025-11-20 20:00:00,000 O:7927.6 H:7928.4 L:7886.6 C:7892.1 V:1899
2025-11-21 06:07:06.120 - INFO - FR40 H4 2025-11-21 00:00:00,000 O:7915 H:7926.5 L:7908.6 C:7908.6 V:2013
2025-11-21 06:07:06.128 - INFO - Converted 545/545 valid records for CAPITALCOM:FR40
2025-11-21 06:07:06.145 - INFO - ✅ Successfully inserted 545 records for CAPITALCOM:FR40 (timeframe: 240m) in 0.02s
2025-11-21 06:07:06.145 - INFO - ✅ Saved CAPITALCOM:FR40 240m | Progress: 187/208 (Remaining: 21)
2025-11-21 06:07:06.233 - INFO - ✅ Cấu hình thành công CAPITALCOM:HK50 (Khung thời gian: 240m)
2025-11-21 06:07:06.414 - INFO - Processed 546 records for CAPITALCOM:HK50 240m
2025-11-21 06:07:06.415 - INFO - [HISTORICAL] OHLCV Data - CAPITALCOM:HK50 (Timeframe: 240m) - 545 records
2025-11-21 06:07:06.415 - INFO - HK50 H4 2025-11-20 18:00:00,000 O:25480 H:25592.7 L:25390.5 C:25397.4 V:23913
2025-11-21 06:07:06.415 - INFO - HK50 H4 2025-11-20 22:00:00,000 O:25385.3 H:25539.1 L:25274.1 C:25411.1 V:17407
2025-11-21 06:07:06.415 - INFO - HK50 H4 2025-11-21 02:00:00,000 O:25412.1 H:25465.5 L:25178.5 C:25395.8 V:24794
2025-11-21 06:07:06.429 - INFO - Converted 545/545 valid records for CAPITALCOM:HK50
2025-11-21 06:07:06.436 - INFO - ✅ Cấu hình thành công CAPITALCOM:J225 (Khung thời gian: 240m)
2025-11-21 06:07:06.447 - INFO - ✅ Successfully inserted 545 records for CAPITALCOM:HK50 (timeframe: 240m) in 0.01s
2025-11-21 06:07:06.447 - INFO - ✅ Saved CAPITALCOM:HK50 240m | Progress: 188/208 (Remaining: 20)
2025-11-21 06:07:06.536 - INFO - Processed 546 records for CAPITALCOM:J225 240m
2025-11-21 06:07:06.536 - INFO - [HISTORICAL] OHLCV Data - CAPITALCOM:J225 (Timeframe: 240m) - 545 records
2025-11-21 06:07:06.537 - INFO - J225 H4 2025-11-20 18:00:00,000 O:48668.5 H:49089.1 L:48325.1 C:48348.8 V:22243
2025-11-21 06:07:06.538 - INFO - J225 H4 2025-11-20 22:00:00,000 O:48350.8 H:49026 L:48147.9 C:48876.5 V:20690
2025-11-21 06:07:06.538 - INFO - J225 H4 2025-11-21 02:00:00,000 O:48876.8 H:48900.5 L:48491.4 C:48665.1 V:21727
2025-11-21 06:07:06.571 - INFO - Converted 545/545 valid records for CAPITALCOM:J225
2025-11-21 06:07:06.591 - INFO - ✅ Successfully inserted 545 records for CAPITALCOM:J225 (timeframe: 240m) in 0.01s
2025-11-21 06:07:06.592 - INFO - ✅ Saved CAPITALCOM:J225 240m | Progress: 189/208 (Remaining: 19)
2025-11-21 06:07:06.638 - INFO - ✅ Cấu hình thành công CAPITALCOM:SP35 (Khung thời gian: 240m)
2025-11-21 06:07:06.713 - INFO - Processed 546 records for CAPITALCOM:SP35 240m
2025-11-21 06:07:06.714 - INFO - [HISTORICAL] OHLCV Data - CAPITALCOM:SP35 (Timeframe: 240m) - 545 records
2025-11-21 06:07:06.714 - INFO - SP35 H4 2025-11-19 15:00:00,000 O:15975.7 H:15987.8 L:15864.5 C:15920.5 V:3496
2025-11-21 06:07:06.714 - INFO - SP35 H4 2025-11-20 07:00:00,000 O:16019.8 H:16080.3 L:15977.9 C:16077.8 V:5477
2025-11-21 06:07:06.714 - INFO - SP35 H4 2025-11-20 11:00:00,000 O:16079 H:16109.5 L:15979.4 C:16109.5 V:4507
2025-11-21 06:07:06.722 - INFO - Converted 545/545 valid records for CAPITALCOM:SP35
2025-11-21 06:07:06.738 - INFO - ✅ Successfully inserted 545 records for CAPITALCOM:SP35 (timeframe: 240m) in 0.01s
2025-11-21 06:07:06.739 - INFO - ✅ Saved CAPITALCOM:SP35 240m | Progress: 190/208 (Remaining: 18)
2025-11-21 06:07:06.841 - INFO - ✅ Cấu hình thành công CAPITALCOM:UK100 (Khung thời gian: 240m)
2025-11-21 06:07:06.930 - INFO - Processed 546 records for CAPITALCOM:UK100 240m
2025-11-21 06:07:06.930 - INFO - [HISTORICAL] OHLCV Data - CAPITALCOM:UK100 (Timeframe: 240m) - 545 records
2025-11-21 06:07:06.930 - INFO - UK100 H4 2025-11-20 18:00:00,000 O:9459.2 H:9512.5 L:9434.8 C:9438.2 V:16485
2025-11-21 06:07:06.930 - INFO - UK100 H4 2025-11-20 22:00:00,000 O:9438.7 H:9471.2 L:9432.9 C:9462 V:8017
2025-11-21 06:07:06.930 - INFO - UK100 H4 2025-11-21 02:00:00,000 O:9462.3 H:9464.6 L:9438.6 C:9447.6 V:5749
2025-11-21 06:07:06.938 - INFO - Converted 545/545 valid records for CAPITALCOM:UK100
2025-11-21 06:07:06.955 - INFO - ✅ Successfully inserted 545 records for CAPITALCOM:UK100 (timeframe: 240m) in 0.01s
2025-11-21 06:07:06.955 - INFO - ✅ Saved CAPITALCOM:UK100 240m | Progress: 191/208 (Remaining: 17)
2025-11-21 06:07:07.043 - INFO - ✅ Cấu hình thành công CAPITALCOM:US100 (Khung thời gian: 240m)
2025-11-21 06:07:07.120 - INFO - Processed 546 records for CAPITALCOM:US100 240m
2025-11-21 06:07:07.120 - INFO - [HISTORICAL] OHLCV Data - CAPITALCOM:US100 (Timeframe: 240m) - 545 records
2025-11-21 06:07:07.120 - INFO - US100 H4 2025-11-20 18:00:00,000 O:24316 H:24519.5 L:23989.8 C:23994.8 V:55665
2025-11-21 06:07:07.120 - INFO - US100 H4 2025-11-20 22:00:00,000 O:23995.1 H:24159.8 L:23944.6 C:24129.9 V:32937
2025-11-21 06:07:07.120 - INFO - US100 H4 2025-11-21 02:00:00,000 O:24132.7 H:24160.3 L:24022.8 C:24067.1 V:37604
2025-11-21 06:07:07.128 - INFO - Converted 545/545 valid records for CAPITALCOM:US100
2025-11-21 06:07:07.146 - INFO - ✅ Successfully inserted 545 records for CAPITALCOM:US100 (timeframe: 240m) in 0.01s
2025-11-21 06:07:07.146 - INFO - ✅ Saved CAPITALCOM:US100 240m | Progress: 192/208 (Remaining: 16)
2025-11-21 06:07:07.247 - INFO - ✅ Cấu hình thành công CAPITALCOM:US30 (Khung thời gian: 240m)
2025-11-21 06:07:07.335 - INFO - Processed 546 records for CAPITALCOM:US30 240m
2025-11-21 06:07:07.335 - INFO - [HISTORICAL] OHLCV Data - CAPITALCOM:US30 (Timeframe: 240m) - 545 records
2025-11-21 06:07:07.335 - INFO - US30 H4 2025-11-20 18:00:00,000 O:45849.5 H:46152.8 L:45697.6 C:45739.1 V:42021
2025-11-21 06:07:07.335 - INFO - US30 H4 2025-11-20 22:00:00,000 O:45741 H:45976.5 L:45710.2 C:45949.1 V:20094
2025-11-21 06:07:07.335 - INFO - US30 H4 2025-11-21 02:00:00,000 O:45951.1 H:46021.9 L:45875.5 C:45905.7 V:22274
2025-11-21 06:07:07.343 - INFO - Converted 545/545 valid records for CAPITALCOM:US30
2025-11-21 06:07:07.361 - INFO - ✅ Successfully inserted 545 records for CAPITALCOM:US30 (timeframe: 240m) in 0.02s
2025-11-21 06:07:07.362 - INFO - ✅ Saved CAPITALCOM:US30 240m | Progress: 193/208 (Remaining: 15)
2025-11-21 06:07:07.452 - INFO - ✅ Cấu hình thành công CAPITALCOM:US500 (Khung thời gian: 240m)
2025-11-21 06:07:07.518 - INFO - Processed 546 records for CAPITALCOM:US500 240m
2025-11-21 06:07:07.518 - INFO - [HISTORICAL] OHLCV Data - CAPITALCOM:US500 (Timeframe: 240m) - 545 records
2025-11-21 06:07:07.518 - INFO - US500 H4 2025-11-20 18:00:00,000 O:6587 H:6634.3 L:6530.1 C:6532.1 V:27133
2025-11-21 06:07:07.518 - INFO - US500 H4 2025-11-20 22:00:00,000 O:6532.5 H:6570.6 L:6522.2 C:6565.1 V:13937
2025-11-21 06:07:07.518 - INFO - US500 H4 2025-11-21 02:00:00,000 O:6565.5 H:6575.7 L:6547.8 C:6553.8 V:16339
2025-11-21 06:07:07.526 - INFO - Converted 545/545 valid records for CAPITALCOM:US500
2025-11-21 06:07:07.543 - INFO - ✅ Successfully inserted 545 records for CAPITALCOM:US500 (timeframe: 240m) in 0.01s
2025-11-21 06:07:07.543 - INFO - ✅ Saved CAPITALCOM:US500 240m | Progress: 194/208 (Remaining: 14)
2025-11-21 06:07:07.654 - INFO - ✅ Cấu hình thành công CAPITALCOM:GOLD (Khung thời gian: 240m)
2025-11-21 06:07:07.655 - INFO - Completed timeframe 240m, waiting 4s...
2025-11-21 06:07:07.742 - INFO - Processed 546 records for CAPITALCOM:GOLD 240m
2025-11-21 06:07:07.742 - INFO - [HISTORICAL] OHLCV Data - CAPITALCOM:GOLD (Timeframe: 240m) - 545 records
2025-11-21 06:07:07.742 - INFO - GOLD H4 2025-11-20 15:00:00,000 O:4093.21 H:4098.7 L:4043.8 C:4060.53 V:138435
2025-11-21 06:07:07.742 - INFO - GOLD H4 2025-11-20 19:00:00,000 O:4060.52 H:4087.16 L:4058.92 C:4076.93 V:51157
2025-11-21 06:07:07.742 - INFO - GOLD H4 2025-11-20 23:00:00,000 O:4075.99 H:4088.85 L:4056.5 C:4057.27 V:59329
2025-11-21 06:07:07.750 - INFO - Converted 545/545 valid records for CAPITALCOM:GOLD
2025-11-21 06:07:07.767 - INFO - ✅ Successfully inserted 545 records for CAPITALCOM:GOLD (timeframe: 240m) in 0.01s
2025-11-21 06:07:07.767 - INFO - ✅ Saved CAPITALCOM:GOLD 240m | Progress: 195/208 (Remaining: 13)
2025-11-21 06:07:11.666 - INFO - Processing timeframe 360m...
2025-11-21 06:07:11.713 - INFO - Heartbeat received: ~m~5~m~~h~10
2025-11-21 06:07:11.714 - INFO - Echoed heartbeat: ~m~5~m~~h~10
2025-11-21 06:07:11.870 - INFO - ✅ Cấu hình thành công CAPITALCOM:BTCUSD (Khung thời gian: 360m)
2025-11-21 06:07:11.945 - INFO - Processed 546 records for CAPITALCOM:BTCUSD 360m
2025-11-21 06:07:11.946 - INFO - [HISTORICAL] OHLCV Data - CAPITALCOM:BTCUSD (Timeframe: 360m) - 545 records
2025-11-21 06:07:11.946 - INFO - BTCUSD H6 2025-11-20 10:00:00,000 O:91780.75 H:92342.95 L:89703.25 C:89728.6 V:252240
2025-11-21 06:07:11.946 - INFO - BTCUSD H6 2025-11-20 16:00:00,000 O:89728.45 H:89765.65 L:85963.35 C:87167.5 V:264511
2025-11-21 06:07:11.946 - INFO - BTCUSD H6 2025-11-20 22:00:00,000 O:87335.5 H:88112.25 L:85248.4 C:85706.75 V:270420
2025-11-21 06:07:11.959 - INFO - Converted 545/545 valid records for CAPITALCOM:BTCUSD
2025-11-21 06:07:12.017 - INFO - ✅ Successfully inserted 545 records for CAPITALCOM:BTCUSD (timeframe: 360m) in 0.06s
2025-11-21 06:07:12.017 - INFO - ✅ Saved CAPITALCOM:BTCUSD 360m | Progress: 196/208 (Remaining: 12)
2025-11-21 06:07:12.072 - INFO - ✅ Cấu hình thành công CAPITALCOM:AU200AU (Khung thời gian: 360m)
2025-11-21 06:07:12.078 - INFO - WebSocket still active
2025-11-21 06:07:12.274 - INFO - ✅ Cấu hình thành công BINANCE:BTCUSD (Khung thời gian: 360m)
2025-11-21 06:07:12.372 - INFO - Processed 546 records for BINANCE:BTCUSD 360m
2025-11-21 06:07:12.373 - INFO - [HISTORICAL] OHLCV Data - BINANCE:BTCUSD (Timeframe: 360m) - 545 records
2025-11-21 06:07:12.373 - INFO - BTCUSD H6 2025-11-20 12:00:00,000 O:91842.86 H:92490.62 L:86294.51 C:87172.65 V:285.12933
2025-11-21 06:07:12.373 - INFO - BTCUSD H6 2025-11-20 18:00:00,000 O:87171.14 H:88172.02 L:86017.72 C:86535.62 V:180.21081
2025-11-21 06:07:12.374 - INFO - BTCUSD H6 2025-11-21 00:00:00,000 O:86532.34 H:87390.34 L:85281.5 C:86107.44 V:108.20165
2025-11-21 06:07:12.400 - INFO - Converted 545/545 valid records for BINANCE:BTCUSD
2025-11-21 06:07:12.428 - INFO - Processed 546 records for CAPITALCOM:AU200AU 360m
2025-11-21 06:07:12.428 - INFO - [HISTORICAL] OHLCV Data - CAPITALCOM:AU200AU (Timeframe: 360m) - 545 records
2025-11-21 06:07:12.429 - INFO - AU200AU H6 2025-11-20 10:30:00,000 O:8524.6 H:8552.6 L:8503.6 C:8504.6 V:4776
2025-11-21 06:07:12.429 - INFO - AU200AU H6 2025-11-20 16:30:00,000 O:8502.6 H:8506.6 L:8403.6 C:8410.6 V:11017
2025-11-21 06:07:12.429 - INFO - AU200AU H6 2025-11-20 22:30:00,000 O:8402.1 H:8449.1 L:8381.1 C:8423.1 V:6524
2025-11-21 06:07:12.436 - INFO - Converted 545/545 valid records for CAPITALCOM:AU200AU
2025-11-21 06:07:12.439 - INFO - ✅ Successfully inserted 545 records for BINANCE:BTCUSD (timeframe: 360m) in 0.04s
2025-11-21 06:07:12.439 - INFO - ✅ Saved BINANCE:BTCUSD 360m | Progress: 197/208 (Remaining: 11)
2025-11-21 06:07:12.468 - INFO - ✅ Successfully inserted 545 records for CAPITALCOM:AU200AU (timeframe: 360m) in 0.03s
2025-11-21 06:07:12.468 - INFO - ✅ Saved CAPITALCOM:AU200AU 360m | Progress: 198/208 (Remaining: 10)
2025-11-21 06:07:12.477 - INFO - ✅ Cấu hình thành công CAPITALCOM:DE40 (Khung thời gian: 360m)
2025-11-21 06:07:12.571 - INFO - Processed 546 records for CAPITALCOM:DE40 360m
2025-11-21 06:07:12.571 - INFO - [HISTORICAL] OHLCV Data - CAPITALCOM:DE40 (Timeframe: 360m) - 545 records
2025-11-21 06:07:12.571 - INFO - DE40 H6 2025-11-20 10:00:00,000 O:23326.2 H:23513.6 L:23317.1 C:23426.9 V:37229
2025-11-21 06:07:12.571 - INFO - DE40 H6 2025-11-20 16:00:00,000 O:23427 H:23433 L:22905.3 C:22924.4 V:46604
2025-11-21 06:07:12.571 - INFO - DE40 H6 2025-11-20 22:00:00,000 O:22925.6 H:23029.8 L:22899.8 C:22983 V:12205
2025-11-21 06:07:12.579 - INFO - Converted 545/545 valid records for CAPITALCOM:DE40
2025-11-21 06:07:12.606 - INFO - ✅ Successfully inserted 545 records for CAPITALCOM:DE40 (timeframe: 360m) in 0.03s
2025-11-21 06:07:12.607 - INFO - ✅ Saved CAPITALCOM:DE40 360m | Progress: 199/208 (Remaining: 9)
2025-11-21 06:07:12.682 - INFO - ✅ Cấu hình thành công CAPITALCOM:FR40 (Khung thời gian: 360m)
2025-11-21 06:07:12.875 - INFO - Processed 546 records for CAPITALCOM:FR40 360m
2025-11-21 06:07:12.875 - INFO - [HISTORICAL] OHLCV Data - CAPITALCOM:FR40 (Timeframe: 360m) - 545 records
2025-11-21 06:07:12.875 - INFO - FR40 H6 2025-11-20 12:00:00,000 O:7991.9 H:8049.4 L:7901.9 C:7911.6 V:26159
2025-11-21 06:07:12.875 - INFO - FR40 H6 2025-11-20 18:00:00,000 O:7911.4 H:7959.1 L:7886.6 C:7892.1 V:7284
2025-11-21 06:07:12.876 - INFO - FR40 H6 2025-11-21 00:00:00,000 O:7915 H:7926.5 L:7895.2 C:7904.8 V:3265
2025-11-21 06:07:12.883 - INFO - Converted 545/545 valid records for CAPITALCOM:FR40
2025-11-21 06:07:12.884 - INFO - ✅ Cấu hình thành công CAPITALCOM:HK50 (Khung thời gian: 360m)
2025-11-21 06:07:12.934 - INFO - ✅ Successfully inserted 545 records for CAPITALCOM:FR40 (timeframe: 360m) in 0.05s
2025-11-21 06:07:12.934 - INFO - ✅ Saved CAPITALCOM:FR40 360m | Progress: 200/208 (Remaining: 8)
2025-11-21 06:07:13.038 - INFO - Processed 546 records for CAPITALCOM:HK50 360m
2025-11-21 06:07:13.038 - INFO - [HISTORICAL] OHLCV Data - CAPITALCOM:HK50 (Timeframe: 360m) - 545 records
2025-11-21 06:07:13.038 - INFO - HK50 H6 2025-11-20 10:00:00,000 O:25817.3 H:25951.5 L:25780.4 C:25815.2 V:23993
2025-11-21 06:07:13.038 - INFO - HK50 H6 2025-11-20 16:00:00,000 O:25814.2 H:25816.2 L:25390.5 C:25397.4 V:37995
2025-11-21 06:07:13.039 - INFO - HK50 H6 2025-11-20 22:00:00,000 O:25385.3 H:25539.1 L:25178.5 C:25284.8 V:31111
2025-11-21 06:07:13.046 - INFO - Converted 545/545 valid records for CAPITALCOM:HK50
2025-11-21 06:07:13.071 - INFO - ✅ Successfully inserted 545 records for CAPITALCOM:HK50 (timeframe: 360m) in 0.02s
2025-11-21 06:07:13.071 - INFO - ✅ Saved CAPITALCOM:HK50 360m | Progress: 201/208 (Remaining: 7)
2025-11-21 06:07:13.088 - INFO - ✅ Cấu hình thành công CAPITALCOM:J225 (Khung thời gian: 360m)
2025-11-21 06:07:13.249 - INFO - Processed 546 records for CAPITALCOM:J225 360m
2025-11-21 06:07:13.250 - INFO - [HISTORICAL] OHLCV Data - CAPITALCOM:J225 (Timeframe: 360m) - 545 records
2025-11-21 06:07:13.250 - INFO - J225 H6 2025-11-20 10:00:00,000 O:49626.7 H:50212.2 L:49600 C:49962.5 V:25854
2025-11-21 06:07:13.251 - INFO - J225 H6 2025-11-20 16:00:00,000 O:49965 H:49969.1 L:48325.1 C:48348.8 V:38088
2025-11-21 06:07:13.251 - INFO - J225 H6 2025-11-20 22:00:00,000 O:48350.8 H:49026 L:48147.9 C:48644.5 V:31852
2025-11-21 06:07:13.268 - INFO - Converted 545/545 valid records for CAPITALCOM:J225
2025-11-21 06:07:13.290 - INFO - ✅ Cấu hình thành công CAPITALCOM:SP35 (Khung thời gian: 360m)
2025-11-21 06:07:13.292 - INFO - ✅ Successfully inserted 545 records for CAPITALCOM:J225 (timeframe: 360m) in 0.02s
2025-11-21 06:07:13.292 - INFO - ✅ Saved CAPITALCOM:J225 360m | Progress: 202/208 (Remaining: 6)
2025-11-21 06:07:13.381 - INFO - Processed 546 records for CAPITALCOM:SP35 360m
2025-11-21 06:07:13.381 - INFO - [HISTORICAL] OHLCV Data - CAPITALCOM:SP35 (Timeframe: 360m) - 545 records
2025-11-21 06:07:13.381 - INFO - SP35 H6 2025-11-19 07:00:00,000 O:15812.8 H:15917.4 L:15773.6 C:15890.3 V:7531
2025-11-21 06:07:13.381 - INFO - SP35 H6 2025-11-19 13:00:00,000 O:15891.5 H:15987.8 L:15864.5 C:15920.5 V:6096
2025-11-21 06:07:13.381 - INFO - SP35 H6 2025-11-20 07:00:00,000 O:16019.8 H:16080.3 L:15977.9 C:16023.7 V:7600
2025-11-21 06:07:13.392 - INFO - Converted 545/545 valid records for CAPITALCOM:SP35
2025-11-21 06:07:13.412 - INFO - ✅ Successfully inserted 545 records for CAPITALCOM:SP35 (timeframe: 360m) in 0.02s
2025-11-21 06:07:13.412 - INFO - ✅ Saved CAPITALCOM:SP35 360m | Progress: 203/208 (Remaining: 5)
2025-11-21 06:07:13.492 - INFO - ✅ Cấu hình thành công CAPITALCOM:UK100 (Khung thời gian: 360m)
2025-11-21 06:07:13.640 - INFO - Processed 546 records for CAPITALCOM:UK100 360m
2025-11-21 06:07:13.640 - INFO - [HISTORICAL] OHLCV Data - CAPITALCOM:UK100 (Timeframe: 360m) - 545 records
2025-11-21 06:07:13.640 - INFO - UK100 H6 2025-11-20 10:00:00,000 O:9567 H:9593.4 L:9540.9 C:9567.6 V:16114
2025-11-21 06:07:13.640 - INFO - UK100 H6 2025-11-20 16:00:00,000 O:9568.4 H:9570.4 L:9434.8 C:9438.2 V:28640
2025-11-21 06:07:13.640 - INFO - UK100 H6 2025-11-20 22:00:00,000 O:9438.7 H:9471.2 L:9432.9 C:9451 V:10834
2025-11-21 06:07:13.649 - INFO - Converted 545/545 valid records for CAPITALCOM:UK100
2025-11-21 06:07:13.670 - INFO - ✅ Successfully inserted 545 records for CAPITALCOM:UK100 (timeframe: 360m) in 0.02s
2025-11-21 06:07:13.670 - INFO - ✅ Saved CAPITALCOM:UK100 360m | Progress: 204/208 (Remaining: 4)
2025-11-21 06:07:13.693 - INFO - ✅ Cấu hình thành công CAPITALCOM:US100 (Khung thời gian: 360m)
2025-11-21 06:07:13.779 - INFO - Processed 546 records for CAPITALCOM:US100 360m
2025-11-21 06:07:13.779 - INFO - [HISTORICAL] OHLCV Data - CAPITALCOM:US100 (Timeframe: 360m) - 545 records
2025-11-21 06:07:13.779 - INFO - US100 H6 2025-11-20 10:00:00,000 O:24976.5 H:25220.6 L:24937.3 C:25075.9 V:72738
2025-11-21 06:07:13.779 - INFO - US100 H6 2025-11-20 16:00:00,000 O:25077.5 H:25079.2 L:23989.8 C:23994.8 V:90675
2025-11-21 06:07:13.779 - INFO - US100 H6 2025-11-20 22:00:00,000 O:23995.1 H:24160.3 L:23944.6 C:24117.4 V:51648
2025-11-21 06:07:13.787 - INFO - Converted 545/545 valid records for CAPITALCOM:US100
2025-11-21 06:07:13.811 - INFO - ✅ Successfully inserted 545 records for CAPITALCOM:US100 (timeframe: 360m) in 0.02s
2025-11-21 06:07:13.811 - INFO - ✅ Saved CAPITALCOM:US100 360m | Progress: 205/208 (Remaining: 3)
2025-11-21 06:07:13.899 - INFO - ✅ Cấu hình thành công CAPITALCOM:US30 (Khung thời gian: 360m)
2025-11-21 06:07:13.993 - INFO - Processed 546 records for CAPITALCOM:US30 360m
2025-11-21 06:07:13.993 - INFO - [HISTORICAL] OHLCV Data - CAPITALCOM:US30 (Timeframe: 360m) - 545 records
2025-11-21 06:07:13.993 - INFO - US30 H6 2025-11-20 10:00:00,000 O:46334.6 H:46860.8 L:46304.7 C:46701.4 V:45692
2025-11-21 06:07:13.993 - INFO - US30 H6 2025-11-20 16:00:00,000 O:46702.4 H:46707.8 L:45697.6 C:45739.1 V:68970
2025-11-21 06:07:13.994 - INFO - US30 H6 2025-11-20 22:00:00,000 O:45741 H:46021.9 L:45710.2 C:45953.4 V:31012
2025-11-21 06:07:14.002 - INFO - Converted 545/545 valid records for CAPITALCOM:US30
2025-11-21 06:07:14.022 - INFO - ✅ Successfully inserted 545 records for CAPITALCOM:US30 (timeframe: 360m) in 0.02s
2025-11-21 06:07:14.022 - INFO - ✅ Saved CAPITALCOM:US30 360m | Progress: 206/208 (Remaining: 2)
2025-11-21 06:07:14.101 - INFO - ✅ Cấu hình thành công CAPITALCOM:US500 (Khung thời gian: 360m)
2025-11-21 06:07:14.243 - INFO - Processed 546 records for CAPITALCOM:US500 360m
2025-11-21 06:07:14.243 - INFO - [HISTORICAL] OHLCV Data - CAPITALCOM:US500 (Timeframe: 360m) - 545 records
2025-11-21 06:07:14.243 - INFO - US500 H6 2025-11-20 10:00:00,000 O:6709.1 H:6770.3 L:6703.8 C:6742.5 V:28674
2025-11-21 06:07:14.244 - INFO - US500 H6 2025-11-20 16:00:00,000 O:6742 H:6742.1 L:6530.1 C:6532.1 V:44851
2025-11-21 06:07:14.244 - INFO - US500 H6 2025-11-20 22:00:00,000 O:6532.5 H:6575.7 L:6522.2 C:6566.4 V:22034
2025-11-21 06:07:14.256 - INFO - Converted 545/545 valid records for CAPITALCOM:US500
2025-11-21 06:07:14.282 - INFO - ✅ Successfully inserted 545 records for CAPITALCOM:US500 (timeframe: 360m) in 0.02s
2025-11-21 06:07:14.282 - INFO - ✅ Saved CAPITALCOM:US500 360m | Progress: 207/208 (Remaining: 1)
2025-11-21 06:07:14.303 - INFO - ✅ Cấu hình thành công CAPITALCOM:GOLD (Khung thời gian: 360m)
2025-11-21 06:07:14.303 - INFO - Completed timeframe 360m, waiting 4s...
2025-11-21 06:07:14.392 - INFO - Processed 546 records for CAPITALCOM:GOLD 360m
2025-11-21 06:07:14.392 - INFO - [HISTORICAL] OHLCV Data - CAPITALCOM:GOLD (Timeframe: 360m) - 545 records
2025-11-21 06:07:14.393 - INFO - GOLD H6 2025-11-20 11:00:00,000 O:4059.81 H:4107.12 L:4044.76 C:4048.84 V:171497
2025-11-21 06:07:14.393 - INFO - GOLD H6 2025-11-20 17:00:00,000 O:4048.78 H:4087.16 L:4043.8 C:4076.93 V:120071
2025-11-21 06:07:14.393 - INFO - GOLD H6 2025-11-20 23:00:00,000 O:4075.99 H:4088.85 L:4047.7 C:4052.06 V:89219
2025-11-21 06:07:14.403 - INFO - Converted 545/545 valid records for CAPITALCOM:GOLD
2025-11-21 06:07:14.426 - INFO - ✅ Successfully inserted 545 records for CAPITALCOM:GOLD (timeframe: 360m) in 0.02s
2025-11-21 06:07:14.426 - INFO - ✅ Saved CAPITALCOM:GOLD 360m | Progress: 208/208 (Remaining: 0)
2025-11-21 06:07:14.426 - INFO - 🎉 All 208/208 symbol-timeframe pairs processed!
2025-11-21 06:07:14.427 - INFO - 🛑 Đóng kết nối WebSocket... (graceful: true)
2025-11-21 06:07:14.428 - INFO - ✅ Kết nối WebSocket đóng nhẹ nhàng
2025-11-21 06:07:14.428 - INFO - ✅ Trạng thái WebSocket đã được reset hoàn toàn
2025-11-21 06:07:18.311 - INFO - Không có kết nối WebSocket đang mở
2025-11-21 06:19:13.737 - INFO - Starting TradingView Historical Data Collector...
2025-11-21 06:19:13.740 - INFO - Calculated bars needed: 311
2025-11-21 06:19:13.740 - INFO - 📂 Tìm CSV tại: E:\Python\AutoTradingSystem\Nodejs\TradingViewHistorical\nodeapp\websocket_tokens.csv
2025-11-21 06:19:13.749 - INFO - Lưu token xác thực: eyJhbGciOiJSUzUxMiIsImtpZCI6IkdaeFUiLCJ0eXAiOiJKV1QifQ.eyJ1c2VyX2lkIjo1MDkwMTIzMSwiZXhwIjoxNzYzNzE5NDM2LCJpYXQiOjE3NjM3MDUwMzYsInBsYW4iOiJwcm9fcHJlbWl1bSIsInByb3N0YXR1cyI6Im5vbl9wcm8iLCJleHRfaG91cnMiOjEsInBlcm0iOiJuc2VfZGx5Iiwic3R1ZHlfcGVybSI6InR2LXByb3N0dWRpZXMsdHYtY2hhcnRwYXR0ZXJucyx0di12b2x1bWVieXByaWNlLHR2LWNoYXJ0X3BhdHRlcm5zIiwibWF4X3N0dWRpZXMiOjI1LCJtYXhfZnVuZGFtZW50YWxzIjoxMCwibWF4X2NoYXJ0cyI6OCwibWF4X2FjdGl2ZV9hbGVydHMiOjQwMCwibWF4X3N0dWR5X29uX3N0dWR5IjoyNCwiZmllbGRzX3Blcm1pc3Npb25zIjpbInJlZmJvbmRzIl0sIm1heF9hbGVydF9jb25kaXRpb25zIjo1LCJtYXhfb3ZlcmFsbF9hbGVydHMiOjIwMDAsIm1heF9vdmVyYWxsX3dhdGNobGlzdF9hbGVydHMiOjUsIm1heF9hY3RpdmVfcHJpbWl0aXZlX2FsZXJ0cyI6NDAwLCJtYXhfYWN0aXZlX2NvbXBsZXhfYWxlcnRzIjo0MDAsIm1heF9hY3RpdmVfd2F0Y2hsaXN0X2FsZXJ0cyI6MiwibWF4X2Nvbm5lY3Rpb25zIjo1MH0.IrZVnjO8OhCy1NVbvp3L_tykF1ZOSBp0tyZuboe9ZWoA7BOuH4flfPR3DJNr2tYEyF7I-8ZGyNIKElJYjdDK2dNMc1iZrNIdsZWLVKwZtYlKiEB4c_zFmrEUx2b_UADcSJ3EhCzP1Gc2SI0nVf0gEyx7N_lnTPp6JoPryJ3WAzY
2025-11-21 06:19:13.789 - INFO - Fetched 19 active timeframes
2025-11-21 06:19:13.789 - INFO - Timeframes: {"1":["M1",1],"2":["M2",2],"3":["M3",3],"4":["M4",4],"5":["M5",5],"10":["M10",10],"15":["M15",15],"20":["M20",20],"30":["M30",30],"45":["M45",45],"60":["H1",60],"90":["M90",90],"120":["H2",120],"180":["H3",180],"240":["H4",240],"360":["H6",360],"D":["D",1440],"W":["W",10080],"M":["MN",43200]}
2025-11-21 06:19:13.792 - INFO - Fetched 13 active assets
2025-11-21 06:19:13.793 - INFO - Total symbols from DB: 247
2025-11-21 06:19:13.794 - INFO - Configured symbols: [["CAPITALCOM:BTCUSD","1","USD"],["CAPITALCOM:BTCUSD","2","USD"],["CAPITALCOM:BTCUSD","3","USD"],["CAPITALCOM:BTCUSD","4","USD"],["CAPITALCOM:BTCUSD","5","USD"]]...
2025-11-21 06:19:13.795 - INFO - Filter timeframes: last_time=2025-11-21 06:07:14, now=2025-11-21 06:19:13
2025-11-21 06:19:13.795 - WARN - Skipped timeframe M: cannot convert to minutes
2025-11-21 06:19:13.795 - INFO - Selected timeframes: 1, 2, 3, 4, 5, 10, 15
2025-11-21 06:19:13.796 - INFO - Selected 7 timeframe(s) for this run. Symbol-timeframe pairs after filter: 91
2025-11-21 06:19:13.796 - INFO - 📊 Lưu 91 cặp biểu tượng-khung thời gian
2025-11-21 06:19:13.935 - INFO - ✅ Kết nối WebSocket thành công
2025-11-21 06:19:13.937 - INFO - Total symbol-timeframe pairs to process: 91
2025-11-21 06:19:13.937 - INFO - Processing timeframe 1m...
2025-11-21 06:19:14.146 - INFO - ✅ Cấu hình thành công CAPITALCOM:BTCUSD (Khung thời gian: 1m)
2025-11-21 06:19:14.243 - INFO - Processed 311 records for CAPITALCOM:BTCUSD 1m
2025-11-21 06:19:14.243 - INFO - [HISTORICAL] OHLCV Data - CAPITALCOM:BTCUSD (Timeframe: 1m) - 310 records
2025-11-21 06:19:14.244 - INFO - BTCUSD M1 2025-11-21 06:16:00,000 O:85756.75 H:85757.75 L:85728 C:85741.15 V:639
2025-11-21 06:19:14.244 - INFO - BTCUSD M1 2025-11-21 06:17:00,000 O:85741 H:85746.1 L:85680.95 C:85712.15 V:716
2025-11-21 06:19:14.244 - INFO - BTCUSD M1 2025-11-21 06:18:00,000 O:85710.65 H:85727.1 L:85632.9 C:85645.45 V:665
2025-11-21 06:19:14.257 - INFO - Converted 310/310 valid records for CAPITALCOM:BTCUSD
2025-11-21 06:19:14.278 - INFO - ✅ Successfully inserted 310 records for CAPITALCOM:BTCUSD (timeframe: 1m) in 0.02s
2025-11-21 06:19:14.279 - INFO - ✅ Saved CAPITALCOM:BTCUSD 1m | Progress: 1/91 (Remaining: 90)
2025-11-21 06:19:14.349 - INFO - ✅ Cấu hình thành công CAPITALCOM:AU200AU (Khung thời gian: 1m)
2025-11-21 06:19:14.526 - INFO - Processed 311 records for CAPITALCOM:AU200AU 1m
2025-11-21 06:19:14.527 - INFO - [HISTORICAL] OHLCV Data - CAPITALCOM:AU200AU (Timeframe: 1m) - 310 records
2025-11-21 06:19:14.527 - INFO - AU200AU M1 2025-11-21 06:16:00,000 O:8426.6 H:8426.6 L:8425.6 C:8425.6 V:2
2025-11-21 06:19:14.528 - INFO - AU200AU M1 2025-11-21 06:17:00,000 O:8424.6 H:8424.6 L:8423.6 C:8424.6 V:3
2025-11-21 06:19:14.528 - INFO - AU200AU M1 2025-11-21 06:18:00,000 O:8423.6 H:8424.6 L:8423.6 C:8423.6 V:5
2025-11-21 06:19:14.551 - INFO - Converted 310/310 valid records for CAPITALCOM:AU200AU
2025-11-21 06:19:14.552 - INFO - ✅ Cấu hình thành công BINANCE:BTCUSD (Khung thời gian: 1m)
2025-11-21 06:19:14.570 - INFO - ✅ Successfully inserted 310 records for CAPITALCOM:AU200AU (timeframe: 1m) in 0.02s
2025-11-21 06:19:14.571 - INFO - ✅ Saved CAPITALCOM:AU200AU 1m | Progress: 2/91 (Remaining: 89)
2025-11-21 06:19:14.652 - INFO - Processed 311 records for BINANCE:BTCUSD 1m
2025-11-21 06:19:14.653 - INFO - [HISTORICAL] OHLCV Data - BINANCE:BTCUSD (Timeframe: 1m) - 310 records
2025-11-21 06:19:14.653 - INFO - BTCUSD M1 2025-11-21 06:16:00,000 O:85789.11 H:85797.82 L:85757.41 C:85774.69 V:0.08231
2025-11-21 06:19:14.654 - INFO - BTCUSD M1 2025-11-21 06:17:00,000 O:85786.96 H:85786.96 L:85724.96 C:85752.19 V:0.11009
2025-11-21 06:19:14.655 - INFO - BTCUSD M1 2025-11-21 06:18:00,000 O:85762.84 H:85764.34 L:85671.51 C:85675.08 V:0.65758
2025-11-21 06:19:14.662 - INFO - Converted 310/310 valid records for BINANCE:BTCUSD
2025-11-21 06:19:14.682 - INFO - ✅ Successfully inserted 310 records for BINANCE:BTCUSD (timeframe: 1m) in 0.02s
2025-11-21 06:19:14.682 - INFO - ✅ Saved BINANCE:BTCUSD 1m | Progress: 3/91 (Remaining: 88)
2025-11-21 06:19:14.761 - INFO - ✅ Cấu hình thành công CAPITALCOM:DE40 (Khung thời gian: 1m)
2025-11-21 06:19:14.849 - INFO - Processed 311 records for CAPITALCOM:DE40 1m
2025-11-21 06:19:14.849 - INFO - [HISTORICAL] OHLCV Data - CAPITALCOM:DE40 (Timeframe: 1m) - 310 records
2025-11-21 06:19:14.849 - INFO - DE40 M1 2025-11-21 06:16:00,000 O:22998.7 H:23001.6 L:22994.2 C:23000.8 V:36
2025-11-21 06:19:14.849 - INFO - DE40 M1 2025-11-21 06:17:00,000 O:23002.3 H:23002.3 L:22993 C:22996.5 V:29
2025-11-21 06:19:14.849 - INFO - DE40 M1 2025-11-21 06:18:00,000 O:22997.5 H:22998 L:22995 C:22996.6 V:24
2025-11-21 06:19:14.857 - INFO - Converted 310/310 valid records for CAPITALCOM:DE40
2025-11-21 06:19:14.871 - INFO - ✅ Successfully inserted 310 records for CAPITALCOM:DE40 (timeframe: 1m) in 0.01s
2025-11-21 06:19:14.871 - INFO - ✅ Saved CAPITALCOM:DE40 1m | Progress: 4/91 (Remaining: 87)
2025-11-21 06:19:14.965 - INFO - ✅ Cấu hình thành công CAPITALCOM:FR40 (Khung thời gian: 1m)
2025-11-21 06:19:15.053 - INFO - Processed 311 records for CAPITALCOM:FR40 1m
2025-11-21 06:19:15.054 - INFO - [HISTORICAL] OHLCV Data - CAPITALCOM:FR40 (Timeframe: 1m) - 310 records
2025-11-21 06:19:15.054 - INFO - FR40 M1 2025-11-21 06:16:00,000 O:7911.2 H:7912.5 L:7911.2 C:7912.5 V:4
2025-11-21 06:19:15.054 - INFO - FR40 M1 2025-11-21 06:17:00,000 O:7911.2 H:7911.2 L:7909.9 C:7911.2 V:6
2025-11-21 06:19:15.054 - INFO - FR40 M1 2025-11-21 06:18:00,000 O:7909.9 H:7911.2 L:7909.9 C:7911.2 V:9
2025-11-21 06:19:15.061 - INFO - Converted 310/310 valid records for CAPITALCOM:FR40
2025-11-21 06:19:15.075 - INFO - ✅ Successfully inserted 310 records for CAPITALCOM:FR40 (timeframe: 1m) in 0.01s
2025-11-21 06:19:15.075 - INFO - ✅ Saved CAPITALCOM:FR40 1m | Progress: 5/91 (Remaining: 86)
2025-11-21 06:19:15.174 - INFO - ✅ Cấu hình thành công CAPITALCOM:HK50 (Khung thời gian: 1m)
2025-11-21 06:19:15.262 - INFO - Processed 311 records for CAPITALCOM:HK50 1m
2025-11-21 06:19:15.262 - INFO - [HISTORICAL] OHLCV Data - CAPITALCOM:HK50 (Timeframe: 1m) - 310 records
2025-11-21 06:19:15.263 - INFO - HK50 M1 2025-11-21 06:16:00,000 O:25446.4 H:25446.5 L:25433.2 C:25437.2 V:105
2025-11-21 06:19:15.263 - INFO - HK50 M1 2025-11-21 06:17:00,000 O:25436.7 H:25436.7 L:25419.8 C:25426.3 V:104
2025-11-21 06:19:15.263 - INFO - HK50 M1 2025-11-21 06:18:00,000 O:25426.8 H:25433.7 L:25422.5 C:25433.2 V:110
2025-11-21 06:19:15.269 - INFO - Converted 310/310 valid records for CAPITALCOM:HK50
2025-11-21 06:19:15.282 - INFO - ✅ Successfully inserted 310 records for CAPITALCOM:HK50 (timeframe: 1m) in 0.01s
2025-11-21 06:19:15.282 - INFO - ✅ Saved CAPITALCOM:HK50 1m | Progress: 6/91 (Remaining: 85)
2025-11-21 06:19:15.379 - INFO - ✅ Cấu hình thành công CAPITALCOM:J225 (Khung thời gian: 1m)
2025-11-21 06:19:15.475 - INFO - Processed 311 records for CAPITALCOM:J225 1m
2025-11-21 06:19:15.476 - INFO - [HISTORICAL] OHLCV Data - CAPITALCOM:J225 (Timeframe: 1m) - 310 records
2025-11-21 06:19:15.477 - INFO - J225 M1 2025-11-21 06:16:00,000 O:48693.3 H:48722.3 L:48690.8 C:48716.8 V:62
2025-11-21 06:19:15.477 - INFO - J225 M1 2025-11-21 06:17:00,000 O:48714.3 H:48714.3 L:48676.4 C:48689.6 V:60
2025-11-21 06:19:15.478 - INFO - J225 M1 2025-11-21 06:18:00,000 O:48687.1 H:48692.1 L:48679.6 C:48679.8 V:61
2025-11-21 06:19:15.486 - INFO - Converted 310/310 valid records for CAPITALCOM:J225
2025-11-21 06:19:15.503 - INFO - ✅ Successfully inserted 310 records for CAPITALCOM:J225 (timeframe: 1m) in 0.01s
2025-11-21 06:19:15.503 - INFO - ✅ Saved CAPITALCOM:J225 1m | Progress: 7/91 (Remaining: 84)
2025-11-21 06:19:15.584 - INFO - ✅ Cấu hình thành công CAPITALCOM:SP35 (Khung thời gian: 1m)
2025-11-21 06:19:15.682 - INFO - Processed 311 records for CAPITALCOM:SP35 1m
2025-11-21 06:19:15.683 - INFO - [HISTORICAL] OHLCV Data - CAPITALCOM:SP35 (Timeframe: 1m) - 310 records
2025-11-21 06:19:15.683 - INFO - SP35 M1 2025-11-20 18:56:00,000 O:15795.9 H:15795.9 L:15785.9 C:15788.4 V:7
2025-11-21 06:19:15.684 - INFO - SP35 M1 2025-11-20 18:57:00,000 O:15788.9 H:15791.9 L:15788.9 C:15791.9 V:6
2025-11-21 06:19:15.684 - INFO - SP35 M1 2025-11-20 18:58:00,000 O:15792.4 H:15796.9 L:15792.4 C:15796.9 V:3
2025-11-21 06:19:15.699 - INFO - Converted 310/310 valid records for CAPITALCOM:SP35
2025-11-21 06:19:15.713 - INFO - ✅ Successfully inserted 310 records for CAPITALCOM:SP35 (timeframe: 1m) in 0.01s
2025-11-21 06:19:15.713 - INFO - ✅ Saved CAPITALCOM:SP35 1m | Progress: 8/91 (Remaining: 83)
2025-11-21 06:19:15.789 - INFO - ✅ Cấu hình thành công CAPITALCOM:UK100 (Khung thời gian: 1m)
2025-11-21 06:19:15.879 - INFO - Processed 311 records for CAPITALCOM:UK100 1m
2025-11-21 06:19:15.879 - INFO - [HISTORICAL] OHLCV Data - CAPITALCOM:UK100 (Timeframe: 1m) - 310 records
2025-11-21 06:19:15.879 - INFO - UK100 M1 2025-11-21 06:16:00,000 O:9451.2 H:9452.1 L:9451.2 C:9451.8 V:32
2025-11-21 06:19:15.879 - INFO - UK100 M1 2025-11-21 06:17:00,000 O:9451.6 H:9452 L:9451.2 C:9451.8 V:47
2025-11-21 06:19:15.880 - INFO - UK100 M1 2025-11-21 06:18:00,000 O:9452 H:9452.2 L:9451.4 C:9451.7 V:12
2025-11-21 06:19:15.884 - INFO - Converted 310/310 valid records for CAPITALCOM:UK100
2025-11-21 06:19:15.897 - INFO - ✅ Successfully inserted 310 records for CAPITALCOM:UK100 (timeframe: 1m) in 0.01s
2025-11-21 06:19:15.897 - INFO - ✅ Saved CAPITALCOM:UK100 1m | Progress: 9/91 (Remaining: 82)
2025-11-21 06:19:15.992 - INFO - ✅ Cấu hình thành công CAPITALCOM:US100 (Khung thời gian: 1m)
2025-11-21 06:19:16.057 - INFO - Received SIGINT, shutting down gracefully...
